Fase,ClienteID,Iteracion,Latencia_ms,CPU_Load,RAM_MB,Status
WARMUP,1,1,168,2,21.71,OK
WARMUP,3,1,169,2,21.73,OK
WARMUP,4,1,169,2,21.74,OK
WARMUP,1,2,136,2,21.76,OK
WARMUP,3,2,136,2,21.88,OK
WARMUP,4,2,137,2,21.82,OK
WARMUP,1,3,134,2,21.83,OK
WARMUP,3,3,135,2,21.84,OK
WARMUP,4,3,135,2,21.85,OK
WARMUP,1,4,135,2,21.87,OK
WARMUP,3,4,135,2,21.89,OK
WARMUP,4,4,134,2,21.90,OK
WARMUP,1,5,132,2,21.91,OK
WARMUP,3,5,132,2,21.92,OK
WARMUP,4,5,132,2,21.93,OK
WARMUP,2,1,133,2,21.94,OK
WARMUP,1,6,130,2,21.95,OK
WARMUP,3,6,130,2,21.96,OK
WARMUP,4,6,130,2,21.97,OK
WARMUP,2,2,130,2,21.98,OK
WARMUP,1,7,130,2,21.99,OK
WARMUP,3,7,131,2,22.00,OK
WARMUP,2,3,131,2,22.01,OK
WARMUP,1,8,126,2,22.02,OK
WARMUP,3,8,126,2,22.02,OK
WARMUP,2,4,127,2,22.03,OK
WARMUP,1,9,126,2,22.04,OK
WARMUP,3,9,126,2,22.05,OK
WARMUP,2,5,126,2,22.06,OK
WARMUP,1,10,110,2,22.07,OK
WARMUP,3,10,110,2,22.08,OK
WARMUP,2,6,110,2,22.09,OK
WARMUP,4,7,298,2,22.12,OK
WARMUP,4,8,254,2,22.12,OK
WARMUP,4,9,212,2,22.13,OK
WARMUP,4,10,168,2,22.13,OK
WARMUP,4,11,129,2,22.14,OK
WARMUP,1,11,129,2,22.15,OK
WARMUP,3,11,129,2,22.16,OK
WARMUP,2,7,129,2,22.17,OK
WARMUP,1,12,130,2,22.18,OK
WARMUP,3,12,130,2,22.19,OK
WARMUP,4,12,131,2,22.20,OK
WARMUP,2,8,131,2,22.21,OK
WARMUP,1,13,132,2,22.22,OK
WARMUP,3,13,132,2,22.23,OK
WARMUP,4,13,132,2,22.24,OK
WARMUP,2,9,132,2,22.25,OK
WARMUP,1,14,131,2,22.26,OK
WARMUP,4,14,132,2,22.28,OK
WARMUP,2,10,132,2,22.29,OK
WARMUP,1,15,135,1.92,22.30,OK
WARMUP,4,15,135,1.92,22.32,OK
WARMUP,2,11,136,1.92,22.33,OK
WARMUP,1,16,135,1.92,22.34,OK
WARMUP,4,16,135,1.92,22.36,OK
WARMUP,2,12,135,1.92,22.37,OK
WARMUP,1,17,136,1.92,22.38,OK
WARMUP,4,17,136,1.92,22.40,OK
WARMUP,2,13,136,1.92,22.41,OK
WARMUP,3,14,350,2,22.27,OK
WARMUP,3,15,306,1.92,22.31,OK
WARMUP,3,16,262,1.92,22.35,OK
WARMUP,3,17,219,1.92,22.39,OK
WARMUP,1,18,172,1.92,22.42,OK
WARMUP,4,18,172,1.92,22.44,OK
WARMUP,2,14,172,1.92,22.45,OK
WARMUP,3,18,213,1.92,22.43,OK
WARMUP,1,19,170,1.92,22.46,OK
WARMUP,4,19,169,1.92,22.48,OK
WARMUP,2,15,169,1.92,22.49,OK
WARMUP,3,19,212,1.92,22.47,OK
WARMUP,1,20,168,1.92,22.50,OK
WARMUP,4,20,167,1.92,22.52,OK
WARMUP,2,16,167,1.92,22.53,OK
WARMUP,1,21,140,1.92,22.54,OK
WARMUP,4,21,140,1.92,22.56,OK
WARMUP,2,17,140,1.92,22.57,OK
WARMUP,3,20,229,1.92,22.51,OK
WARMUP,3,21,184,1.92,22.55,OK
WARMUP,3,22,140,1.92,22.59,OK
WARMUP,1,22,141,1.92,22.58,OK
WARMUP,4,22,141,1.92,22.59,OK
WARMUP,2,18,141,1.92,22.60,OK
WARMUP,1,23,118,1.92,22.63,OK
WARMUP,3,23,118,1.92,22.64,OK
WARMUP,4,23,118,1.92,22.65,OK
WARMUP,2,19,118,1.92,22.66,OK
WARMUP,1,24,131,1.92,22.67,OK
WARMUP,3,24,130,1.92,22.68,OK
WARMUP,4,24,131,1.92,22.69,OK
WARMUP,2,20,131,1.92,22.70,OK
WARMUP,1,25,134,1.92,22.71,OK
WARMUP,3,25,134,1.92,22.72,OK
WARMUP,4,25,134,1.92,22.73,OK
WARMUP,2,21,134,1.92,22.74,OK
WARMUP,1,26,140,1.92,22.75,OK
WARMUP,3,26,140,1.92,22.76,OK
WARMUP,4,26,140,1.92,22.77,OK
WARMUP,2,22,140,1.92,22.77,OK
WARMUP,1,27,138,1.92,22.78,OK
WARMUP,3,27,139,1.92,22.79,OK
WARMUP,4,27,139,1.92,22.80,OK
WARMUP,2,23,139,1.92,22.81,OK
WARMUP,1,28,144,1.92,22.82,OK
WARMUP,3,28,146,1.92,22.83,OK
WARMUP,4,28,146,1.92,22.84,OK
WARMUP,2,24,146,1.92,22.85,OK
WARMUP,1,29,144,1.92,22.86,OK
WARMUP,3,29,144,1.92,22.87,OK
WARMUP,4,29,144,1.92,22.87,OK
WARMUP,1,30,122,1.92,22.88,OK
WARMUP,3,30,123,1.92,22.89,OK
WARMUP,4,30,123,1.92,22.90,OK
WARMUP,3,31,141,1.92,22.92,OK
WARMUP,4,31,142,1.92,22.93,OK
WARMUP,3,32,142,1.92,22.95,OK
WARMUP,4,32,143,1.92,22.96,OK
WARMUP,2,25,291,1.92,22.98,OK
WARMUP,2,26,247,1.92,22.98,OK
WARMUP,2,27,196,1.92,22.98,OK
WARMUP,2,28,149,1.92,22.99,OK
WARMUP,3,33,111,1.92,23.01,OK
WARMUP,4,33,111,1.92,23.02,OK
WARMUP,2,29,112,1.92,23.03,OK
WARMUP,3,34,135,1.92,23.05,OK
WARMUP,4,34,135,1.92,23.06,OK
WARMUP,2,30,135,1.92,23.06,OK
WARMUP,1,31,330,1.92,22.91,OK
WARMUP,1,32,284,1.92,22.94,OK
WARMUP,1,33,237,1.92,23.00,OK
WARMUP,1,34,190,1.92,23.04,OK
WARMUP,1,35,142,1.92,23.07,OK
WARMUP,3,35,142,1.92,23.08,OK
WARMUP,4,35,142,1.92,23.09,OK
WARMUP,2,31,143,1.92,23.10,OK
WARMUP,3,36,121,1.92,23.12,OK
WARMUP,4,36,122,1.92,23.13,OK
WARMUP,2,32,122,1.92,23.14,OK
WARMUP,1,36,149,1.92,23.11,OK
WARMUP,3,37,109,1.92,21.64,OK
WARMUP,4,37,109,1.92,21.64,OK
WARMUP,2,33,110,1.92,21.65,OK
WARMUP,1,37,163,1.92,21.63,OK
WARMUP,1,38,110,1.92,21.66,OK
WARMUP,3,38,110,1.92,21.67,OK
WARMUP,4,38,110,1.92,21.68,OK
WARMUP,2,34,110,1.92,21.69,OK
WARMUP,1,39,143,1.92,21.70,OK
WARMUP,3,39,144,1.92,21.71,OK
WARMUP,4,39,144,1.92,21.72,OK
WARMUP,2,35,144,1.92,21.73,OK
WARMUP,1,40,137,1.92,21.74,OK
WARMUP,3,40,138,1.92,21.74,OK
WARMUP,4,40,138,1.92,21.75,OK
WARMUP,2,36,138,1.92,21.76,OK
WARMUP,1,41,144,1.92,21.77,OK
WARMUP,3,41,145,1.92,21.78,OK
WARMUP,4,41,145,1.92,21.79,OK
WARMUP,2,37,145,1.92,21.80,OK
WARMUP,1,42,143,1.92,21.82,OK
WARMUP,3,42,144,1.92,21.83,OK
WARMUP,4,42,144,1.92,21.84,OK
WARMUP,2,38,144,1.92,21.85,OK
WARMUP,1,43,122,1.92,21.85,OK
WARMUP,3,43,122,1.92,21.86,OK
WARMUP,4,43,123,1.92,21.87,OK
WARMUP,2,39,123,1.92,21.88,OK
WARMUP,1,44,143,1.92,21.89,OK
WARMUP,3,44,144,1.92,21.90,OK
WARMUP,4,44,144,1.92,21.91,OK
WARMUP,2,40,144,1.92,21.92,OK
WARMUP,1,45,143,1.92,21.93,OK
WARMUP,3,45,144,1.92,21.94,OK
WARMUP,4,45,144,1.92,21.94,OK
WARMUP,2,41,144,1.92,21.95,OK
WARMUP,1,46,126,1.92,21.96,OK
WARMUP,3,46,126,1.92,21.97,OK
WARMUP,4,46,127,1.92,21.98,OK
WARMUP,2,42,127,1.92,21.99,OK
WARMUP,1,47,131,1.92,22.00,OK
WARMUP,3,47,132,1.92,22.01,OK
WARMUP,4,47,132,1.92,22.02,OK
WARMUP,2,43,132,1.92,22.03,OK
WARMUP,1,48,143,1.92,22.03,OK
WARMUP,3,48,143,1.92,22.04,OK
WARMUP,4,48,143,1.92,22.05,OK
WARMUP,2,44,144,1.92,22.06,OK
WARMUP,1,49,144,1.92,22.07,OK
WARMUP,3,49,144,1.92,22.08,OK
WARMUP,4,49,144,1.92,22.09,OK
WARMUP,2,45,144,1.92,22.10,OK
WARMUP,1,50,142,1.92,22.11,OK
WARMUP,4,50,143,1.92,22.13,OK
WARMUP,2,46,143,1.92,22.14,OK
WARMUP,1,51,144,1.92,22.15,OK
WARMUP,4,51,144,1.92,22.16,OK
WARMUP,2,47,144,1.92,22.17,OK
WARMUP,1,52,140,1.92,22.19,OK
WARMUP,4,52,141,1.92,22.21,OK
WARMUP,1,53,134,1.92,22.22,OK
WARMUP,4,53,135,1.92,22.24,OK
WARMUP,3,50,352,1.92,22.12,OK
WARMUP,3,51,305,1.92,22.16,OK
WARMUP,3,52,257,1.92,22.20,OK
WARMUP,3,53,210,1.92,22.23,OK
WARMUP,3,54,162,1.92,22.26,OK
WARMUP,1,54,163,1.92,22.25,OK
WARMUP,1,55,118,1.92,22.28,OK
WARMUP,4,54,163,1.92,22.27,OK
WARMUP,4,55,118,1.92,22.29,OK
WARMUP,3,55,178,1.92,22.29,OK
WARMUP,1,56,137,1.92,22.30,OK
WARMUP,4,56,137,1.92,22.32,OK
WARMUP,2,48,319,1.92,22.34,OK
WARMUP,2,49,272,1.92,22.35,OK
WARMUP,2,50,224,1.92,22.35,OK
WARMUP,2,51,179,1.92,22.35,OK
WARMUP,2,52,138,1.92,22.36,OK
WARMUP,1,57,123,1.92,21.65,OK
WARMUP,4,57,123,1.92,21.67,OK
WARMUP,2,53,124,1.92,21.68,OK
WARMUP,3,56,204,1.92,22.31,OK
WARMUP,3,57,165,1.92,21.66,OK
WARMUP,3,58,144,1.92,21.68,OK
WARMUP,4,58,144,1.92,21.69,OK
WARMUP,2,54,144,1.92,21.70,OK
WARMUP,3,59,128,1.92,21.71,OK
WARMUP,4,59,128,1.92,21.72,OK
WARMUP,2,55,129,1.92,21.73,OK
WARMUP,3,60,143,1.92,21.74,OK
WARMUP,4,60,144,1.92,21.75,OK
WARMUP,2,56,144,1.92,21.76,OK
WARMUP,3,61,137,1.92,21.77,OK
WARMUP,4,61,138,1.92,21.77,OK
WARMUP,2,57,138,1.92,21.78,OK
WARMUP,1,58,321,1.92,21.80,OK
WARMUP,1,59,274,1.92,21.81,OK
WARMUP,1,60,227,1.92,21.81,OK
WARMUP,3,62,172,1.92,21.84,OK
WARMUP,4,62,173,1.92,21.85,OK
WARMUP,2,58,173,1.92,21.85,OK
WARMUP,3,63,165,1.92,21.87,OK
WARMUP,4,63,166,1.92,21.88,OK
WARMUP,2,59,166,1.92,21.89,OK
WARMUP,3,64,163,1.92,21.91,OK
WARMUP,4,64,164,1.92,21.92,OK
WARMUP,2,60,164,1.92,21.93,OK
WARMUP,3,65,163,1.92,21.95,OK
WARMUP,4,65,164,1.92,21.96,OK
WARMUP,2,61,164,1.92,21.97,OK
WARMUP,1,61,383,1.92,21.81,OK
WARMUP,1,62,336,1.92,21.83,OK
WARMUP,1,63,289,1.92,21.86,OK
WARMUP,1,64,246,1.92,21.90,OK
WARMUP,1,65,205,1.92,21.94,OK
WARMUP,3,66,164,1.92,21.99,OK
WARMUP,4,66,164,1.92,21.99,OK
WARMUP,2,62,165,1.92,22.00,OK
WARMUP,1,66,205,1.92,21.98,OK
WARMUP,3,67,164,1.92,22.02,OK
WARMUP,4,67,164,1.92,22.03,OK
WARMUP,2,63,164,1.92,22.04,OK
WARMUP,1,67,207,1.92,22.01,OK
WARMUP,3,68,166,1.92,22.06,OK
WARMUP,4,68,166,1.92,22.07,OK
WARMUP,2,64,166,1.92,22.08,OK
WARMUP,3,69,167,1.92,22.09,OK
WARMUP,4,69,166,1.92,22.10,OK
WARMUP,2,65,167,1.92,22.11,OK
WARMUP,3,70,167,1.92,22.13,OK
WARMUP,4,70,167,1.92,22.14,OK
WARMUP,2,66,168,1.92,22.15,OK
WARMUP,3,71,168,1.92,22.17,OK
WARMUP,4,71,168,1.92,22.17,OK
WARMUP,2,67,168,1.92,22.18,OK
WARMUP,3,72,140,1.92,22.20,OK
WARMUP,4,72,140,1.92,22.21,OK
WARMUP,2,68,140,1.92,22.22,OK
WARMUP,3,73,140,1.92,22.24,OK
WARMUP,4,73,141,1.92,22.25,OK
WARMUP,2,69,141,1.92,22.26,OK
WARMUP,1,68,366,1.92,22.05,OK
WARMUP,1,69,325,1.92,22.08,OK
WARMUP,1,70,283,1.92,22.12,OK
WARMUP,1,71,242,1.92,22.16,OK
WARMUP,3,74,116,1.92,22.27,OK
WARMUP,4,74,117,1.92,22.28,OK
WARMUP,2,70,117,1.92,22.29,OK
WARMUP,3,75,115,1.92,22.32,OK
WARMUP,4,75,115,1.92,22.32,OK
WARMUP,2,71,115,1.92,22.33,OK
WARMUP,1,72,251,1.92,22.19,OK
WARMUP,1,73,209,1.92,22.23,OK
WARMUP,1,74,167,1.92,22.26,OK
WARMUP,1,75,126,1.92,22.31,OK
WARMUP,3,76,123,1.92,22.36,OK
WARMUP,4,76,123,1.92,22.37,OK
WARMUP,2,72,123,1.92,22.38,OK
WARMUP,1,76,131,1.92,22.35,OK
WARMUP,3,77,112,1.92,22.40,OK
WARMUP,4,77,112,1.92,22.41,OK
WARMUP,2,73,112,1.92,22.42,OK
WARMUP,1,77,164,1.92,22.39,OK
WARMUP,1,78,124,1.92,21.64,OK
WARMUP,3,78,125,1.92,21.65,OK
WARMUP,4,78,125,1.92,21.65,OK
WARMUP,2,74,132,1.92,21.66,OK
WARMUP,3,79,130,1.92,21.69,OK
WARMUP,2,75,130,1.92,21.70,OK
WARMUP,1,79,173,1.92,21.68,OK
WARMUP,3,80,129,1.92,21.72,OK
WARMUP,2,76,129,1.92,21.73,OK
WARMUP,1,80,144,1.92,21.71,OK
WARMUP,1,81,118,1.92,21.75,OK
WARMUP,3,81,118,1.92,21.75,OK
WARMUP,2,77,118,1.92,21.76,OK
WARMUP,3,82,113,1.92,21.78,OK
WARMUP,2,78,114,1.92,21.79,OK
WARMUP,1,82,168,1.92,21.77,OK
WARMUP,1,83,125,1.92,21.80,OK
WARMUP,3,83,125,1.92,21.81,OK
WARMUP,2,79,125,1.92,21.82,OK
WARMUP,4,79,298,1.92,21.84,OK
WARMUP,4,80,254,1.92,21.85,OK
WARMUP,4,81,213,1.92,21.85,OK
WARMUP,4,82,168,1.92,21.85,OK
WARMUP,4,83,125,1.92,21.85,OK
WARMUP,1,84,112,1.92,21.87,OK
WARMUP,3,84,112,1.92,21.88,OK
WARMUP,4,84,112,1.92,21.89,OK
WARMUP,2,80,112,1.92,21.90,OK
WARMUP,3,85,116,1.92,21.91,OK
WARMUP,4,85,117,1.92,21.92,OK
WARMUP,2,81,117,1.92,21.93,OK
WARMUP,1,85,156,1.92,21.90,OK
WARMUP,1,86,115,1.92,21.94,OK
WARMUP,3,86,115,1.92,21.95,OK
WARMUP,4,86,114,1.92,21.96,OK
WARMUP,2,82,114,1.92,21.97,OK
WARMUP,1,87,112,1.92,21.98,OK
WARMUP,3,87,114,1.92,21.99,OK
WARMUP,2,83,114,1.92,21.99,OK
WARMUP,1,88,112,1.92,22.00,OK
WARMUP,3,88,116,1.92,22.01,OK
WARMUP,2,84,115,1.92,22.02,OK
WARMUP,1,89,109,1.92,22.03,OK
WARMUP,3,89,115,1.92,22.04,OK
WARMUP,2,85,115,1.92,22.05,OK
WARMUP,1,90,109,1.92,22.06,OK
WARMUP,3,90,117,1.92,22.07,OK
WARMUP,2,86,117,1.92,22.08,OK
WARMUP,1,91,131,1.92,22.08,OK
WARMUP,3,91,117,1.92,22.09,OK
WARMUP,2,87,116,1.92,22.10,OK
WARMUP,1,92,133,1.92,22.11,OK
WARMUP,4,87,334,1.92,22.14,OK
WARMUP,4,88,292,1.92,22.15,OK
WARMUP,4,89,248,1.92,22.15,OK
WARMUP,4,90,206,1.92,22.15,OK
WARMUP,4,91,163,1.92,22.16,OK
WARMUP,3,92,131,1.92,22.17,OK
WARMUP,4,92,131,1.92,22.18,OK
WARMUP,2,88,131,1.92,22.19,OK
WARMUP,1,93,135,1.92,22.20,OK
WARMUP,3,93,130,1.92,22.21,OK
WARMUP,4,93,130,1.92,22.21,OK
WARMUP,2,89,130,1.92,22.22,OK
WARMUP,1,94,136,1.92,22.23,OK
WARMUP,3,94,134,1.92,22.24,OK
WARMUP,4,94,134,1.92,22.25,OK
WARMUP,2,90,134,1.92,22.26,OK
WARMUP,1,95,134,1.92,22.27,OK
WARMUP,3,95,136,1.92,22.28,OK
WARMUP,4,95,136,1.92,22.29,OK
WARMUP,2,91,136,1.92,22.30,OK
WARMUP,1,96,132,1.92,22.30,OK
WARMUP,4,96,140,1.92,22.32,OK
WARMUP,3,96,140,1.92,22.31,OK
WARMUP,2,92,140,1.92,22.33,OK
WARMUP,1,97,130,1.92,22.34,OK
WARMUP,4,97,134,1.92,22.35,OK
WARMUP,2,93,134,1.92,22.36,OK
WARMUP,1,98,127,1.92,22.37,OK
WARMUP,4,98,129,1.92,22.38,OK
WARMUP,2,94,130,1.92,22.39,OK
WARMUP,1,99,125,1.92,22.39,OK
WARMUP,4,99,136,1.92,22.40,OK
WARMUP,2,95,136,1.92,22.41,OK
WARMUP,1,100,110,1.92,22.42,OK
WARMUP,4,100,134,1.92,22.43,OK
WARMUP,2,96,134,1.92,22.44,OK
STEADY,1,101,126,1.92,21.66,OK
WARMUP,3,97,284,1.92,21.68,OK
WARMUP,3,98,240,1.92,21.69,OK
WARMUP,3,99,195,1.92,21.69,OK
WARMUP,3,100,150,1.92,21.69,OK
STEADY,3,101,111,1.92,21.69,OK
STEADY,4,101,111,1.92,21.71,OK
WARMUP,2,97,111,1.92,21.72,OK
STEADY,1,102,127,1.92,21.73,OK
STEADY,3,102,133,1.92,21.74,OK
WARMUP,2,98,133,1.92,21.75,OK
STEADY,1,103,129,1.92,21.76,OK
STEADY,3,103,133,1.92,21.77,OK
WARMUP,2,99,132,1.92,21.78,OK
STEADY,1,104,127,1.92,21.79,OK
STEADY,3,104,131,1.92,21.80,OK
WARMUP,2,100,130,1.92,21.80,OK
STEADY,1,105,126,1.92,21.81,OK
STEADY,3,105,116,1.92,21.82,OK
STEADY,2,101,116,1.92,21.83,OK
STEADY,1,106,134,1.92,21.84,OK
STEADY,3,106,106,1.92,21.85,OK
STEADY,2,102,107,1.92,21.86,OK
STEADY,1,107,122,1.92,21.87,OK
STEADY,3,107,132,1.92,21.88,OK
STEADY,2,103,132,1.92,21.89,OK
STEADY,1,108,125,1.92,21.90,OK
STEADY,4,102,363,1.92,21.92,OK
STEADY,4,103,321,1.92,21.93,OK
STEADY,4,104,275,1.92,21.93,OK
STEADY,4,105,231,1.92,21.93,OK
STEADY,4,106,189,1.92,21.94,OK
STEADY,4,107,145,1.92,21.94,OK
STEADY,4,108,129,1.92,21.97,OK
STEADY,3,108,129,1.92,21.96,OK
STEADY,2,104,130,1.92,21.98,OK
STEADY,1,109,131,1.92,21.99,OK
STEADY,3,109,127,1.92,22.00,OK
STEADY,4,109,127,1.92,22.01,OK
STEADY,2,105,128,1.92,22.02,OK
STEADY,1,110,131,1.92,22.02,OK
STEADY,3,110,125,1.92,22.03,OK
STEADY,4,110,125,1.92,22.04,OK
STEADY,2,106,125,1.92,22.05,OK
STEADY,1,111,131,1.92,22.06,OK
STEADY,4,111,124,1.92,22.08,OK
STEADY,3,111,125,1.92,22.07,OK
STEADY,2,107,125,1.92,22.09,OK
STEADY,1,112,126,1.92,22.10,OK
STEADY,4,112,124,1.92,22.11,OK
STEADY,2,108,125,1.92,22.11,OK
STEADY,1,113,126,1.92,22.12,OK
STEADY,4,113,124,1.92,22.13,OK
STEADY,2,109,124,1.92,22.14,OK
STEADY,1,114,126,1.92,22.15,OK
STEADY,4,114,125,1.92,22.16,OK
STEADY,2,110,125,1.92,22.17,OK
STEADY,1,115,134,1.92,22.18,OK
STEADY,4,115,124,1.92,22.19,OK
STEADY,2,111,124,1.92,22.20,OK
STEADY,1,116,138,1.92,22.20,OK
STEADY,4,116,120,1.92,22.21,OK
STEADY,2,112,121,1.92,22.22,OK
STEADY,1,117,145,1.92,22.23,OK
STEADY,3,112,336,1.92,22.26,OK
STEADY,3,113,304,1.92,22.26,OK
STEADY,3,114,264,1.92,22.27,OK
STEADY,3,115,222,1.92,22.27,OK
STEADY,3,116,180,1.92,22.27,OK
STEADY,3,117,140,1.92,22.27,OK
STEADY,4,117,140,1.92,22.29,OK
STEADY,2,113,140,1.92,22.30,OK
STEADY,1,118,113,1.92,22.31,OK
STEADY,3,118,145,1.92,22.33,OK
STEADY,4,118,145,1.92,22.34,OK
STEADY,2,114,145,1.92,22.34,OK
STEADY,1,119,111,1.92,22.35,OK
STEADY,4,119,127,1.92,22.37,OK
STEADY,3,119,127,1.92,22.36,OK
STEADY,2,115,127,1.92,22.38,OK
STEADY,1,120,123,1.92,22.39,OK
STEADY,3,120,126,1.92,22.40,OK
STEADY,4,120,126,1.92,22.41,OK
STEADY,2,116,126,1.92,22.42,OK
STEADY,1,121,117,1.92,22.43,OK
STEADY,3,121,127,1.92,22.44,OK
STEADY,4,121,127,1.92,22.45,OK
STEADY,2,117,127,1.92,22.46,OK
STEADY,1,122,143,1.92,22.47,OK
STEADY,3,122,127,1.92,22.47,OK
STEADY,4,122,128,1.92,22.48,OK
STEADY,2,118,128,1.92,22.49,OK
STEADY,3,123,133,1.92,21.71,OK
STEADY,4,123,133,1.92,21.71,OK
STEADY,2,119,144,1.92,21.72,OK
STEADY,3,124,144,1.92,21.74,OK
STEADY,4,124,145,1.92,21.75,OK
STEADY,2,120,145,1.92,22.21,OK
STEADY,3,125,142,1.92,21.79,OK
STEADY,4,125,142,1.92,21.80,OK
STEADY,2,121,143,1.92,21.81,OK
STEADY,3,126,126,2,21.83,OK
STEADY,2,122,126,2,22.29,OK
STEADY,1,123,334,1.92,21.70,OK
STEADY,1,124,286,1.92,21.73,OK
STEADY,1,125,238,1.92,21.78,OK
STEADY,1,126,191,1.92,21.82,OK
STEADY,1,127,143,2,21.88,OK
STEADY,3,127,127,2,21.88,OK
STEADY,2,123,127,2,21.90,OK
STEADY,3,128,128,2,21.92,OK
STEADY,2,124,128,2,22.87,OK
STEADY,1,128,149,2,21.92,OK
STEADY,1,129,160,2,21.99,OK
STEADY,1,130,112,2,22.45,OK
STEADY,3,129,144,2,22.00,OK
STEADY,4,126,286,2,21.84,OK
STEADY,4,127,239,2,21.89,OK
STEADY,4,128,193,2,22.86,OK
STEADY,4,129,145,2,22.90,OK
STEADY,2,125,145,2,22.91,OK
STEADY,3,130,144,2,22.06,OK
STEADY,4,130,164,2,22.06,OK
STEADY,3,131,128,2,22.10,OK
STEADY,1,131,173,2,22.08,OK
STEADY,4,131,176,2,22.11,OK
STEADY,4,132,128,2,22.15,OK
STEADY,1,132,144,2,22.13,OK
STEADY,3,132,128,2,22.14,OK
STEADY,1,133,156,2,22.17,OK
STEADY,2,126,287,2,22.07,OK
STEADY,2,127,239,2,22.12,OK
STEADY,2,128,191,2,22.16,OK
STEADY,3,133,192,2,22.18,OK
STEADY,3,134,144,2,22.18,OK
STEADY,4,133,192,2,22.20,OK
STEADY,4,134,144,2,22.20,OK
STEADY,1,134,160,2,22.23,OK
STEADY,1,135,113,2,22.24,OK
STEADY,2,129,193,2,22.21,OK
STEADY,2,130,145,2,22.22,OK
STEADY,3,135,144,2,22.25,OK
STEADY,4,135,144,2,22.26,OK
STEADY,1,136,112,2,22.29,OK
STEADY,3,136,126,2,22.30,OK
STEADY,4,136,126,2,22.31,OK
STEADY,2,131,170,2,22.27,OK
STEADY,2,132,126,2,22.32,OK
STEADY,1,137,131,2,22.32,OK
STEADY,3,137,143,2,22.33,OK
STEADY,4,137,143,2,22.34,OK
STEADY,2,133,143,2,22.35,OK
STEADY,1,138,124,2,22.36,OK
STEADY,3,138,143,2,22.38,OK
STEADY,4,138,144,2,22.39,OK
STEADY,2,134,144,2,22.40,OK
STEADY,1,139,138,2,22.41,OK
STEADY,3,139,117,2,22.42,OK
STEADY,4,139,118,2,22.42,OK
STEADY,2,135,118,2,22.43,OK
STEADY,1,140,140,2,22.44,OK
STEADY,3,140,136,2,22.45,OK
STEADY,4,140,136,2,22.46,OK
STEADY,2,136,136,2,22.47,OK
STEADY,1,141,123,2,22.48,OK
STEADY,3,141,122,2,22.49,OK
STEADY,2,137,122,2,22.51,OK
STEADY,1,142,127,2,22.51,OK
STEADY,3,142,131,2,22.52,OK
STEADY,2,138,131,2,22.53,OK
STEADY,1,143,116,2,22.54,OK
STEADY,3,143,119,2,22.55,OK
STEADY,2,139,119,2,22.56,OK
STEADY,1,144,127,2,22.57,OK
STEADY,3,144,149,2,22.58,OK
STEADY,1,145,133,2,22.59,OK
STEADY,2,140,149,2,22.59,OK
STEADY,3,145,143,2,22.60,OK
STEADY,2,141,143,2,22.61,OK
STEADY,1,146,144,2,21.84,OK
STEADY,3,146,112,2,21.85,OK
STEADY,2,142,112,2,21.86,OK
STEADY,1,147,144,2,21.87,OK
STEADY,3,147,126,2,21.88,OK
STEADY,2,143,127,2,21.88,OK
STEADY,1,148,128,2,21.89,OK
STEADY,3,148,123,2,21.96,OK
STEADY,2,144,123,2,21.97,OK
STEADY,3,149,116,2,21.98,OK
STEADY,2,145,144,2,21.99,OK
STEADY,3,150,144,2,22.00,OK
STEADY,2,146,144,2,22.02,OK
STEADY,4,141,580,2,22.50,OK
STEADY,4,142,532,2,21.92,OK
STEADY,4,143,492,2,21.92,OK
STEADY,4,144,437,2,21.93,OK
STEADY,4,145,389,2,21.93,OK
STEADY,4,146,341,2,21.93,OK
STEADY,4,147,294,2,21.93,OK
STEADY,4,148,247,2,21.95,OK
STEADY,4,149,198,2,21.98,OK
STEADY,4,150,150,2,22.01,OK
STEADY,3,151,112,2,22.03,OK
STEADY,4,151,112,2,22.04,OK
STEADY,2,147,142,2,22.05,OK
STEADY,3,152,111,2,22.06,OK
STEADY,4,152,111,2,22.06,OK
STEADY,2,148,111,2,22.07,OK
STEADY,1,149,335,2,22.10,OK
STEADY,1,150,287,2,22.10,OK
STEADY,1,151,239,2,22.10,OK
STEADY,1,152,191,2,22.10,OK
STEADY,1,153,143,2,22.11,OK
STEADY,3,153,128,2,22.12,OK
STEADY,4,153,128,2,22.13,OK
STEADY,2,149,128,2,22.14,OK
STEADY,1,154,126,2,22.15,OK
STEADY,3,154,123,2,22.16,OK
STEADY,4,154,123,2,22.17,OK
STEADY,2,150,123,2,22.17,OK
STEADY,1,155,127,2,22.18,OK
STEADY,3,155,115,2,22.19,OK
STEADY,4,155,115,2,22.20,OK
STEADY,2,151,116,2,22.21,OK
STEADY,1,156,127,2,22.22,OK
STEADY,3,156,142,2,22.23,OK
STEADY,4,156,142,2,22.24,OK
STEADY,2,152,142,2,22.24,OK
STEADY,1,157,126,2,22.25,OK
STEADY,3,157,138,2,22.26,OK
STEADY,4,157,138,2,22.27,OK
STEADY,2,153,138,2,22.28,OK
STEADY,1,158,135,2,22.29,OK
STEADY,3,158,106,2,22.30,OK
STEADY,4,158,106,2,22.31,OK
STEADY,2,154,106,2,22.32,OK
STEADY,1,159,131,2,22.32,OK
STEADY,3,159,131,2,22.33,OK
STEADY,4,159,132,2,22.34,OK
STEADY,2,155,132,2,22.35,OK
STEADY,1,160,136,2,22.36,OK
STEADY,3,160,129,2,22.37,OK
STEADY,4,160,130,2,22.38,OK
STEADY,1,161,136,2,22.39,OK
STEADY,3,161,128,2,22.40,OK
STEADY,4,161,128,2,22.41,OK
STEADY,1,162,136,2,22.43,OK
STEADY,3,162,125,2,22.44,OK
STEADY,4,162,125,2,22.45,OK
STEADY,1,163,128,2,22.47,OK
STEADY,3,163,125,2,22.47,OK
STEADY,4,163,125,2,22.48,OK
STEADY,1,164,124,2,22.50,OK
STEADY,3,164,126,2,22.51,OK
STEADY,2,156,297,2,22.39,OK
STEADY,2,157,254,2,22.42,OK
STEADY,2,158,209,2,22.46,OK
STEADY,2,159,167,2,22.49,OK
STEADY,4,164,127,2,22.52,OK
STEADY,1,165,122,2,22.54,OK
STEADY,3,165,126,2,22.54,OK
STEADY,2,160,168,2,22.53,OK
STEADY,4,165,126,2,22.55,OK
STEADY,1,166,126,2,22.57,OK
STEADY,3,166,125,2,22.58,OK
STEADY,4,166,126,2,22.59,OK
STEADY,1,167,129,2,22.61,OK
STEADY,2,161,209,2,22.56,OK
STEADY,2,162,168,2,22.60,OK
STEADY,2,163,126,2,22.63,OK
STEADY,3,167,126,2,22.62,OK
STEADY,4,167,126,2,22.62,OK
STEADY,1,168,129,2,21.84,OK
STEADY,3,168,125,2,21.85,OK
STEADY,4,168,125,2,21.86,OK
STEADY,2,164,125,2,21.87,OK
STEADY,3,169,126,2,21.88,OK
STEADY,4,169,126,2,21.88,OK
STEADY,2,165,126,2,21.89,OK
STEADY,3,170,125,2,21.91,OK
STEADY,4,170,125,2,21.92,OK
STEADY,2,166,126,2,21.93,OK
STEADY,3,171,125,2,21.93,OK
STEADY,4,171,125,2,21.94,OK
STEADY,2,167,125,2,21.95,OK
STEADY,3,172,127,2,21.96,OK
STEADY,4,172,127,2,21.97,OK
STEADY,2,168,127,2,21.98,OK
STEADY,3,173,127,2,21.99,OK
STEADY,4,173,127,2,22.00,OK
STEADY,2,169,127,2,22.00,OK
STEADY,1,169,341,2,22.03,OK
STEADY,1,170,297,2,22.04,OK
STEADY,1,171,255,2,22.04,OK
STEADY,1,172,215,2,22.04,OK
STEADY,1,173,172,2,22.04,OK
STEADY,1,174,128,2,22.04,OK
STEADY,3,174,126,2,22.06,OK
STEADY,4,174,126,2,22.07,OK
STEADY,2,170,126,2,22.08,OK
STEADY,1,175,130,2,22.09,OK
STEADY,3,175,124,2,22.10,OK
STEADY,4,175,124,2,22.10,OK
STEADY,2,171,124,2,22.11,OK
STEADY,1,176,132,2,22.12,OK
STEADY,3,176,124,2,22.13,OK
STEADY,2,172,124,2,22.15,OK
STEADY,1,177,134,2,22.16,OK
STEADY,3,177,134,2,22.17,OK
STEADY,2,173,134,2,22.18,OK
STEADY,1,178,132,2,22.19,OK
STEADY,3,178,134,2,22.20,OK
STEADY,2,174,134,2,22.22,OK
STEADY,1,179,104,2,22.23,OK
STEADY,3,179,131,2,22.24,OK
STEADY,2,175,132,2,22.25,OK
STEADY,1,180,128,2,22.26,OK
STEADY,4,176,300,2,22.14,OK
STEADY,4,177,260,2,22.18,OK
STEADY,4,178,218,2,22.21,OK
STEADY,4,179,177,2,22.25,OK
STEADY,3,180,128,2,22.27,OK
STEADY,2,176,128,2,22.29,OK
STEADY,1,181,128,2,22.30,OK
STEADY,4,180,174,2,22.28,OK
STEADY,3,181,132,2,22.31,OK
STEADY,1,182,128,2,22.33,OK
STEADY,4,181,178,2,22.32,OK
STEADY,3,182,138,2,22.33,OK
STEADY,1,183,128,2,22.35,OK
STEADY,4,182,182,2,22.34,OK
STEADY,4,183,137,2,22.37,OK
STEADY,3,183,138,2,22.36,OK
STEADY,1,184,126,2,22.38,OK
STEADY,3,184,132,2,22.39,OK
STEADY,1,185,126,2,22.40,OK
STEADY,4,184,174,2,22.40,OK
STEADY,3,185,128,2,22.41,OK
STEADY,1,186,126,2,22.43,OK
STEADY,4,185,170,2,22.42,OK
STEADY,2,177,347,2,22.45,OK
STEADY,2,178,308,2,22.46,OK
STEADY,2,179,264,2,22.46,OK
STEADY,2,180,217,2,22.46,OK
STEADY,2,181,171,2,22.46,OK
STEADY,2,182,127,2,22.49,OK
STEADY,4,186,127,2,22.50,OK
STEADY,3,186,127,2,22.48,OK
STEADY,1,187,126,2,22.51,OK
STEADY,3,187,126,2,22.51,OK
STEADY,4,187,126,2,22.52,OK
STEADY,1,188,126,2,22.54,OK
STEADY,3,188,126,2,22.55,OK
STEADY,4,188,126,2,22.56,OK
STEADY,1,189,126,2,22.57,OK
STEADY,2,183,208,2,22.53,OK
STEADY,3,189,125,2,22.58,OK
STEADY,4,189,125,2,22.58,OK
STEADY,1,190,123,2,22.59,OK
STEADY,3,190,126,2,22.60,OK
STEADY,4,190,126,2,22.61,OK
STEADY,1,191,122,2,22.62,OK
STEADY,3,191,110,2,22.63,OK
STEADY,4,191,124,2,22.64,OK
STEADY,1,192,120,2,21.85,OK
STEADY,3,192,128,2,21.86,OK
STEADY,4,192,128,2,21.86,OK
STEADY,1,193,111,2,21.87,OK
STEADY,3,193,124,2,21.88,OK
STEADY,4,193,124,2,21.89,OK
STEADY,1,194,124,2,21.90,OK
STEADY,2,184,348,2,21.93,OK
STEADY,2,185,306,2,21.93,OK
STEADY,2,186,265,2,21.93,OK
STEADY,2,187,223,2,21.94,OK
STEADY,2,188,183,2,21.94,OK
STEADY,2,189,139,2,21.94,OK
STEADY,3,194,128,2,21.96,OK
STEADY,4,194,128,2,21.96,OK
STEADY,2,190,129,2,21.97,OK
STEADY,1,195,128,2,21.98,OK
STEADY,3,195,128,2,21.99,OK
STEADY,4,195,129,2,22.00,OK
STEADY,1,196,128,2,22.02,OK
STEADY,3,196,132,2,22.03,OK
STEADY,4,196,132,2,22.03,OK
STEADY,2,191,186,2,22.01,OK
STEADY,2,192,146,2,22.04,OK
STEADY,1,197,132,2,22.05,OK
STEADY,3,197,130,2,22.06,OK
STEADY,4,197,130,2,22.07,OK
STEADY,2,193,130,2,22.08,OK
STEADY,1,198,130,2,22.09,OK
STEADY,3,198,126,2,22.10,OK
STEADY,4,198,127,2,22.11,OK
STEADY,2,194,127,2,22.11,OK
STEADY,1,199,126,2,22.12,OK
STEADY,3,199,126,2,22.13,OK
STEADY,4,199,126,2,22.14,OK
STEADY,2,195,126,2,22.15,OK
STEADY,1,200,126,2,22.16,OK
STEADY,3,200,126,2,22.17,OK
STEADY,4,200,126,2,22.18,OK
STEADY,2,196,126,2,22.18,OK
STEADY,1,201,126,2,22.19,OK
STEADY,3,201,130,2,22.20,OK
STEADY,4,201,130,2,22.21,OK
STEADY,2,197,130,2,22.22,OK
STEADY,1,202,130,2,22.23,OK
STEADY,3,202,132,2,22.24,OK
STEADY,4,202,132,2,22.25,OK
STEADY,2,198,132,2,22.25,OK
STEADY,1,203,128,2,22.26,OK
STEADY,3,203,133,2,22.27,OK
STEADY,4,203,133,2,22.28,OK
STEADY,2,199,133,2,22.29,OK
STEADY,1,204,127,2,22.30,OK
STEADY,3,204,129,2,22.31,OK
STEADY,4,204,129,2,22.32,OK
STEADY,2,200,129,2,22.33,OK
STEADY,1,205,138,2,22.33,OK
STEADY,3,205,107,2,22.34,OK
STEADY,4,205,107,2,22.35,OK
STEADY,2,201,106,2,22.36,OK
STEADY,1,206,127,2,22.37,OK
STEADY,3,206,132,2,22.38,OK
STEADY,4,206,131,2,22.39,OK
STEADY,1,207,123,2,22.40,OK
STEADY,3,207,118,2,22.40,OK
STEADY,4,207,118,2,22.41,OK
STEADY,1,208,127,2,22.42,OK
STEADY,3,208,119,2,22.43,OK
STEADY,4,208,120,2,22.44,OK
STEADY,1,209,128,2,22.45,OK
STEADY,3,209,144,2,22.47,OK
STEADY,4,209,145,2,22.48,OK
STEADY,1,210,129,2,22.48,OK
STEADY,3,210,145,2,22.49,OK
STEADY,4,210,144,2,22.50,OK
STEADY,1,211,133,2,22.51,OK
STEADY,3,211,112,2,22.52,OK
STEADY,4,211,113,2,22.53,OK
STEADY,2,202,396,2,22.55,OK
STEADY,2,203,357,2,22.56,OK
STEADY,2,204,303,2,22.56,OK
STEADY,2,205,256,2,22.56,OK
STEADY,2,206,207,2,22.57,OK
STEADY,2,207,160,2,22.57,OK
STEADY,2,208,112,2,22.61,OK
STEADY,1,212,145,2,22.58,OK
STEADY,3,212,113,2,22.59,OK
STEADY,4,212,113,2,22.60,OK
STEADY,1,213,143,2,22.62,OK
STEADY,3,213,126,2,22.63,OK
STEADY,4,213,127,2,22.64,OK
STEADY,1,214,126,2,21.86,OK
STEADY,3,214,120,2,21.87,OK
STEADY,4,214,121,2,21.87,OK
STEADY,2,209,189,2,22.65,OK
STEADY,2,210,144,2,21.88,OK
STEADY,1,215,128,2,21.89,OK
STEADY,3,215,144,2,21.90,OK
STEADY,4,215,144,2,21.91,OK
STEADY,2,211,144,2,21.92,OK
STEADY,3,216,144,2,21.94,OK
STEADY,4,216,145,2,21.94,OK
STEADY,2,212,145,2,21.95,OK
STEADY,3,217,112,2,21.97,OK
STEADY,4,217,113,2,21.98,OK
STEADY,2,213,113,2,21.99,OK
STEADY,3,218,113,2,22.01,OK
STEADY,4,218,113,2,22.01,OK
STEADY,2,214,112,2,22.02,OK
STEADY,1,216,303,2,21.93,OK
STEADY,1,217,256,2,21.96,OK
STEADY,1,218,208,2,22.00,OK
STEADY,1,219,160,2,22.03,OK
STEADY,3,219,128,2,22.04,OK
STEADY,4,219,128,2,22.05,OK
STEADY,2,215,129,2,22.06,OK
STEADY,3,220,120,2,22.08,OK
STEADY,4,220,121,2,22.08,OK
STEADY,2,216,121,2,22.09,OK
STEADY,1,220,174,2,22.07,OK
STEADY,3,221,143,2,22.11,OK
STEADY,2,217,142,2,22.13,OK
STEADY,1,221,175,2,22.11,OK
STEADY,1,222,138,2,22.14,OK
STEADY,3,222,143,2,22.15,OK
STEADY,2,218,142,2,22.17,OK
STEADY,3,223,112,2,22.18,OK
STEADY,2,219,114,2,22.20,OK
STEADY,1,223,192,2,22.18,OK
STEADY,1,224,145,2,22.21,OK
STEADY,3,224,113,2,22.22,OK
STEADY,2,220,112,2,22.24,OK
STEADY,1,225,122,2,22.25,OK
STEADY,4,221,318,2,22.12,OK
STEADY,4,222,271,2,22.16,OK
STEADY,4,223,225,2,22.19,OK
STEADY,4,224,176,2,22.23,OK
STEADY,3,225,129,2,22.26,OK
STEADY,2,221,129,2,22.27,OK
STEADY,4,225,161,2,22.26,OK
STEADY,1,226,145,2,22.28,OK
STEADY,3,226,121,2,22.29,OK
STEADY,2,222,122,2,22.31,OK
STEADY,4,226,160,2,22.30,OK
STEADY,1,227,145,2,22.32,OK
STEADY,3,227,136,2,22.33,OK
STEADY,2,223,137,2,22.34,OK
STEADY,1,228,113,2,22.35,OK
STEADY,4,227,185,2,22.33,OK
STEADY,3,228,145,2,22.36,OK
STEADY,2,224,145,2,22.38,OK
STEADY,4,228,165,2,22.37,OK
STEADY,1,229,133,2,22.39,OK
STEADY,3,229,123,2,22.40,OK
STEADY,2,225,123,2,22.41,OK
STEADY,1,230,126,2,22.42,OK
STEADY,3,230,125,2,22.43,OK
STEADY,4,229,182,2,22.40,OK
STEADY,4,230,128,2,22.44,OK
STEADY,2,226,128,2,22.45,OK
STEADY,1,231,118,2,22.46,OK
STEADY,3,231,119,2,22.47,OK
STEADY,4,231,127,2,22.48,OK
STEADY,2,227,128,2,22.48,OK
STEADY,1,232,144,2,22.49,OK
STEADY,3,232,143,2,22.50,OK
STEADY,4,232,128,2,22.51,OK
STEADY,2,228,127,2,22.52,OK
STEADY,1,233,145,2,22.53,OK
STEADY,3,233,145,2,22.54,OK
STEADY,4,233,145,2,22.55,OK
STEADY,2,229,145,2,22.55,OK
STEADY,1,234,113,2,22.56,OK
STEADY,3,234,113,2,22.57,OK
STEADY,4,234,143,2,22.58,OK
STEADY,1,235,132,2,22.60,OK
STEADY,3,235,132,2,22.61,OK
STEADY,4,235,143,2,22.62,OK
STEADY,1,236,125,2,22.63,OK
STEADY,3,236,126,2,22.64,OK
STEADY,4,236,126,1.84,22.65,OK
STEADY,1,237,119,1.84,21.86,OK
STEADY,3,237,120,1.84,21.87,OK
STEADY,4,237,126,1.84,21.88,OK
STEADY,1,238,143,1.84,21.89,OK
STEADY,3,238,143,1.84,21.90,OK
STEADY,2,230,318,2,22.59,OK
STEADY,2,231,270,2,22.62,OK
STEADY,2,232,222,1.84,22.66,OK
STEADY,2,233,175,1.84,21.89,OK
STEADY,4,238,128,1.84,21.91,OK
STEADY,2,234,175,1.84,21.92,OK
STEADY,1,239,144,1.84,21.93,OK
STEADY,3,239,144,1.84,21.94,OK
STEADY,4,239,133,1.84,21.95,OK
STEADY,2,235,144,1.84,21.96,OK
STEADY,1,240,113,1.84,21.97,OK
STEADY,3,240,113,1.84,21.97,OK
STEADY,4,240,145,1.84,21.98,OK
STEADY,2,236,145,1.84,21.99,OK
STEADY,1,241,113,1.84,22.00,OK
STEADY,3,241,113,1.84,22.01,OK
STEADY,4,241,144,1.84,22.02,OK
STEADY,2,237,145,1.84,22.03,OK
STEADY,1,242,127,1.84,22.04,OK
STEADY,3,242,128,1.84,22.04,OK
STEADY,4,242,129,1.84,22.05,OK
STEADY,2,238,128,1.84,22.06,OK
STEADY,1,243,120,1.84,22.07,OK
STEADY,3,243,121,1.84,22.08,OK
STEADY,4,243,128,1.84,22.09,OK
STEADY,2,239,130,1.84,22.10,OK
STEADY,1,244,145,1.84,22.11,OK
STEADY,3,244,145,1.84,22.11,OK
STEADY,4,244,129,1.84,22.12,OK
STEADY,2,240,129,1.84,22.13,OK
STEADY,1,245,145,1.84,22.14,OK
STEADY,3,245,145,1.84,22.15,OK
STEADY,4,245,143,1.84,22.16,OK
STEADY,2,241,143,1.84,22.17,OK
STEADY,1,246,113,1.84,22.18,OK
STEADY,3,246,113,1.84,22.18,OK
STEADY,2,242,134,1.84,22.20,OK
STEADY,1,247,136,1.84,22.21,OK
STEADY,3,247,136,1.84,22.22,OK
STEADY,2,243,128,1.84,22.24,OK
STEADY,1,248,129,1.84,22.25,OK
STEADY,3,248,129,1.84,22.26,OK
STEADY,2,244,127,1.84,22.27,OK
STEADY,1,249,128,1.84,22.28,OK
STEADY,3,249,128,1.84,22.29,OK
STEADY,2,245,130,1.84,22.31,OK
STEADY,1,250,126,1.84,22.32,OK
STEADY,3,250,126,1.84,22.33,OK
STEADY,4,246,308,1.84,22.19,OK
STEADY,4,247,260,1.84,22.23,OK
STEADY,4,248,214,1.84,22.26,OK
STEADY,4,249,174,1.84,22.30,OK
STEADY,2,246,135,1.84,22.34,OK
STEADY,1,251,126,1.84,22.35,OK
STEADY,3,251,127,1.84,22.36,OK
STEADY,4,250,178,1.84,22.33,OK
STEADY,2,247,133,1.84,22.38,OK
STEADY,1,252,128,1.84,22.39,OK
STEADY,3,252,129,1.84,22.40,OK
STEADY,4,251,176,1.84,22.37,OK
STEADY,1,253,126,1.84,22.41,OK
STEADY,3,253,126,1.84,22.42,OK
STEADY,4,252,174,1.84,22.40,OK
STEADY,1,254,126,1.84,22.44,OK
STEADY,3,254,126,1.84,22.45,OK
STEADY,1,255,126,1.84,22.47,OK
STEADY,3,255,125,1.84,22.48,OK
STEADY,4,253,220,1.84,22.43,OK
STEADY,4,254,176,1.84,22.46,OK
STEADY,1,256,124,1.84,22.49,OK
STEADY,3,256,124,1.84,22.50,OK
STEADY,4,255,175,1.84,22.48,OK
STEADY,4,256,134,1.84,22.51,OK
STEADY,1,257,125,1.84,22.52,OK
STEADY,3,257,125,1.84,22.53,OK
STEADY,4,257,131,1.84,22.54,OK
STEADY,1,258,125,1.84,22.55,OK
STEADY,3,258,125,1.84,22.55,OK
STEADY,2,248,395,1.84,22.59,OK
STEADY,2,249,351,1.84,22.60,OK
STEADY,2,250,307,1.84,22.60,OK
STEADY,2,251,263,1.84,22.60,OK
STEADY,2,252,221,1.84,22.60,OK
STEADY,2,253,175,1.84,22.61,OK
STEADY,2,254,132,1.84,22.61,OK
STEADY,1,259,127,1.84,22.63,OK
STEADY,3,259,127,1.84,22.64,OK
STEADY,4,258,173,1.84,22.56,OK
STEADY,4,259,132,1.84,22.64,OK
STEADY,2,255,132,1.84,22.65,OK
STEADY,1,260,126,1.84,21.86,OK
STEADY,3,260,126,1.84,21.87,OK
STEADY,4,260,133,1.84,21.88,OK
STEADY,1,261,125,1.84,21.90,OK
STEADY,3,261,125,1.84,21.90,OK
STEADY,4,261,135,1.84,21.91,OK
STEADY,1,262,163,1.84,21.93,OK
STEADY,3,262,163,1.84,21.94,OK
STEADY,4,262,134,1.84,21.95,OK
STEADY,1,263,163,1.84,21.97,OK
STEADY,3,263,163,1.84,21.97,OK
STEADY,4,263,160,1.84,21.98,OK
STEADY,1,264,155,1.84,22.00,OK
STEADY,3,264,154,1.84,22.01,OK
STEADY,4,264,164,1.84,22.02,OK
STEADY,1,265,164,1.84,22.04,OK
STEADY,3,265,164,1.84,22.04,OK
STEADY,2,256,344,1.84,21.89,OK
STEADY,2,257,300,1.84,21.92,OK
STEADY,2,258,258,1.84,21.96,OK
STEADY,2,259,211,1.84,21.99,OK
STEADY,2,260,165,1.84,22.03,OK
STEADY,4,265,126,1.84,22.05,OK
STEADY,2,261,126,1.84,22.06,OK
STEADY,1,266,166,1.84,22.07,OK
STEADY,3,266,167,1.84,22.08,OK
STEADY,4,266,166,1.84,22.09,OK
STEADY,2,262,166,1.84,22.10,OK
STEADY,1,267,167,1.84,22.11,OK
STEADY,3,267,167,1.84,22.11,OK
STEADY,4,267,164,1.84,22.12,OK
STEADY,1,268,164,1.84,22.14,OK
STEADY,3,268,165,1.84,22.15,OK
STEADY,2,263,205,1.84,22.13,OK
STEADY,2,264,166,1.84,22.17,OK
STEADY,4,268,166,1.84,22.16,OK
STEADY,1,269,166,1.84,22.18,OK
STEADY,3,269,166,1.84,22.19,OK
STEADY,4,269,168,1.84,22.19,OK
STEADY,2,265,168,1.84,22.20,OK
STEADY,1,270,167,1.84,22.21,OK
STEADY,3,270,167,1.84,22.22,OK
STEADY,4,270,168,1.84,22.23,OK
STEADY,2,266,168,1.84,22.24,OK
STEADY,1,271,169,1.84,22.25,OK
STEADY,3,271,169,1.84,22.26,OK
STEADY,4,271,166,1.84,22.26,OK
STEADY,1,272,166,1.84,22.28,OK
STEADY,3,272,166,1.84,22.29,OK
STEADY,2,267,206,1.84,22.27,OK
STEADY,2,268,164,1.84,22.31,OK
STEADY,4,272,164,1.84,22.30,OK
STEADY,1,273,165,1.84,22.32,OK
STEADY,3,273,165,1.84,22.33,OK
STEADY,4,273,168,1.84,22.33,OK
STEADY,2,269,168,1.84,22.34,OK
STEADY,1,274,169,1.84,22.35,OK
STEADY,3,274,169,1.84,22.36,OK
STEADY,4,274,168,1.84,22.37,OK
STEADY,2,270,168,1.84,22.38,OK
STEADY,1,275,169,1.84,22.39,OK
STEADY,3,275,169,1.84,22.40,OK
STEADY,4,275,170,1.84,22.40,OK
STEADY,2,271,170,1.84,22.41,OK
STEADY,1,276,170,1.84,22.42,OK
STEADY,3,276,171,1.84,22.43,OK
STEADY,4,276,172,1.84,22.44,OK
STEADY,2,272,173,1.84,22.45,OK
STEADY,1,277,173,1.84,22.46,OK
STEADY,3,277,173,1.84,22.47,OK
STEADY,4,277,168,1.84,22.48,OK
STEADY,1,278,168,1.84,22.49,OK
STEADY,3,278,168,1.84,22.50,OK
STEADY,4,278,167,1.84,22.51,OK
STEADY,1,279,168,1.84,22.53,OK
STEADY,3,279,168,1.84,22.54,OK
STEADY,4,279,167,1.84,22.55,OK
STEADY,1,280,168,1.84,22.56,OK
STEADY,3,280,168,1.84,22.57,OK
STEADY,4,280,166,1.84,22.58,OK
STEADY,1,281,166,1.84,22.60,OK
STEADY,3,281,166,1.84,22.61,OK
STEADY,4,281,166,1.84,22.62,OK
STEADY,1,282,165,1.84,22.63,OK
STEADY,3,282,165,1.84,22.64,OK
STEADY,2,273,375,1.84,22.48,OK
STEADY,2,274,333,1.84,22.52,OK
STEADY,2,275,291,1.84,22.56,OK
STEADY,2,276,248,1.84,22.59,OK
STEADY,2,277,207,1.84,22.63,OK
STEADY,4,282,166,1.84,22.65,OK
STEADY,1,283,166,1.84,22.67,OK
STEADY,3,283,166,1.84,22.68,OK
STEADY,2,278,207,1.84,22.66,OK
STEADY,4,283,166,1.84,21.86,OK
STEADY,1,284,166,1.84,21.88,OK
STEADY,3,284,165,1.84,21.89,OK
STEADY,4,284,165,1.84,21.90,OK
STEADY,1,285,166,1.84,21.91,OK
STEADY,3,285,166,1.84,21.92,OK
STEADY,2,279,250,1.84,21.87,OK
STEADY,2,280,208,1.84,21.90,OK
STEADY,2,281,168,1.84,21.94,OK
STEADY,4,285,168,1.84,21.93,OK
STEADY,1,286,169,1.84,21.95,OK
STEADY,3,286,169,1.84,21.96,OK
STEADY,4,286,167,1.84,21.97,OK
STEADY,2,282,167,1.84,21.97,OK
STEADY,1,287,167,1.84,21.98,OK
STEADY,3,287,167,1.84,21.99,OK
STEADY,4,287,167,1.84,22.00,OK
STEADY,2,283,168,1.84,22.01,OK
STEADY,1,288,168,1.84,22.02,OK
STEADY,3,288,168,1.84,22.03,OK
STEADY,4,288,167,1.84,22.04,OK
STEADY,1,289,167,1.84,22.05,OK
STEADY,3,289,167,1.84,22.06,OK
STEADY,2,284,209,1.84,22.04,OK
STEADY,2,285,167,1.84,22.08,OK
STEADY,4,289,167,1.84,22.07,OK
STEADY,1,290,168,1.84,22.09,OK
STEADY,4,290,167,1.84,22.11,OK
STEADY,2,286,167,1.84,22.12,OK
STEADY,1,291,167,1.84,22.12,OK
STEADY,4,291,167,1.84,22.14,OK
STEADY,2,287,167,1.84,22.15,OK
STEADY,1,292,167,1.84,22.16,OK
STEADY,4,292,167,1.84,22.18,OK
STEADY,2,288,167,1.84,22.19,OK
STEADY,1,293,167,1.84,22.19,OK
STEADY,4,293,166,1.84,22.21,OK
STEADY,2,289,166,1.84,22.22,OK
STEADY,1,294,166,1.84,22.23,OK
STEADY,3,290,374,1.84,22.10,OK
STEADY,3,291,332,1.84,22.13,OK
STEADY,3,292,290,1.84,22.17,OK
STEADY,3,293,249,1.84,22.20,OK
STEADY,3,294,207,1.84,22.24,OK
STEADY,4,294,166,1.84,22.25,OK
STEADY,2,290,166,1.84,22.26,OK
STEADY,1,295,166,1.84,22.26,OK
STEADY,4,295,164,1.84,22.28,OK
STEADY,2,291,164,1.84,22.29,OK
STEADY,1,296,164,1.84,22.30,OK
STEADY,3,295,247,1.84,22.27,OK
STEADY,3,296,205,1.84,22.31,OK
STEADY,3,297,164,1.84,22.34,OK
STEADY,4,296,164,1.84,22.32,OK
STEADY,2,292,165,1.84,22.33,OK
STEADY,1,297,165,1.84,22.33,OK
STEADY,4,297,164,1.84,22.35,OK
STEADY,2,293,164,1.84,22.36,OK
STEADY,1,298,164,1.84,22.37,OK
STEADY,3,298,165,1.84,22.38,OK
STEADY,4,298,163,1.84,22.39,OK
STEADY,2,294,163,1.84,22.40,OK
STEADY,1,299,164,1.84,22.41,OK
STEADY,3,299,164,1.84,22.41,OK
STEADY,4,299,164,1.84,22.42,OK
STEADY,2,295,164,1.84,22.43,OK
STEADY,1,300,165,1.84,22.44,OK
STEADY,3,300,205,1.84,22.45,OK
STEADY,3,301,164,1.84,22.48,OK
STEADY,4,300,164,1.84,22.46,OK
STEADY,2,296,164,1.84,22.47,OK
STEADY,1,301,165,1.84,22.48,OK
STEADY,4,301,164,1.84,22.49,OK
STEADY,2,297,164,1.84,22.50,OK
STEADY,1,302,165,1.84,22.51,OK
STEADY,3,302,165,1.84,22.52,OK
STEADY,4,302,164,1.84,22.53,OK
STEADY,2,298,164,1.84,22.54,OK
STEADY,1,303,164,1.84,22.55,OK
STEADY,3,303,164,1.84,22.55,OK
STEADY,4,303,164,1.84,22.56,OK
STEADY,2,299,164,1.84,22.57,OK
STEADY,1,304,164,1.84,22.58,OK
STEADY,3,304,164,1.84,22.59,OK
STEADY,4,304,164,1.84,22.60,OK
STEADY,2,300,164,1.84,22.61,OK
STEADY,1,305,164,1.84,22.62,OK
STEADY,3,305,164,1.84,22.62,OK
STEADY,4,305,164,1.84,22.63,OK
STEADY,2,301,164,1.84,22.64,OK
STEADY,1,306,164,1.84,22.65,OK
STEADY,3,306,164,1.84,22.66,OK
STEADY,4,306,164,1.84,21.86,OK
STEADY,2,302,164,1.84,21.87,OK
STEADY,1,307,164,1.84,21.88,OK
STEADY,3,307,164,1.84,21.89,OK
STEADY,4,307,164,1.84,21.90,OK
STEADY,2,303,164,1.84,21.90,OK
STEADY,1,308,164,1.84,21.91,OK
STEADY,3,308,164,1.84,21.92,OK
STEADY,4,308,164,1.84,21.93,OK
STEADY,2,304,164,1.84,21.94,OK
STEADY,1,309,164,1.84,21.95,OK
STEADY,3,309,164,1.84,21.96,OK
STEADY,4,309,164,1.84,21.97,OK
STEADY,2,305,164,1.84,21.97,OK
STEADY,1,310,164,1.84,21.98,OK
STEADY,3,310,165,1.84,21.99,OK
STEADY,4,310,164,1.84,22.00,OK
STEADY,2,306,164,1.84,22.01,OK
STEADY,1,311,165,1.84,22.02,OK
STEADY,3,311,165,1.84,22.03,OK
STEADY,4,311,164,1.84,22.04,OK
STEADY,2,307,165,1.84,22.04,OK
STEADY,1,312,165,1.84,22.05,OK
STEADY,3,312,165,1.84,22.06,OK
STEADY,4,312,164,1.84,22.07,OK
STEADY,2,308,164,1.84,22.08,OK
STEADY,1,313,164,1.84,22.09,OK
STEADY,3,313,165,1.84,22.10,OK
STEADY,4,313,164,1.84,22.11,OK
STEADY,2,309,164,1.84,22.12,OK
STEADY,1,314,164,1.84,22.12,OK
STEADY,3,314,164,1.84,22.13,OK
STEADY,4,314,164,1.84,22.14,OK
STEADY,2,310,164,1.84,22.15,OK
STEADY,1,315,165,1.84,22.16,OK
STEADY,3,315,165,1.84,22.17,OK
STEADY,4,315,164,1.84,22.18,OK
STEADY,2,311,164,1.84,22.19,OK
STEADY,1,316,164,1.84,22.19,OK
STEADY,3,316,164,1.84,22.20,OK
STEADY,4,316,164,1.84,22.21,OK
STEADY,2,312,164,1.84,22.22,OK
STEADY,1,317,164,1.84,22.23,OK
STEADY,3,317,164,1.84,22.24,OK
STEADY,4,317,164,1.84,22.25,OK
STEADY,2,313,164,1.84,22.26,OK
STEADY,1,318,164,1.84,22.26,OK
STEADY,3,318,164,1.84,22.27,OK
STEADY,4,318,164,1.84,22.28,OK
STEADY,2,314,164,1.84,22.29,OK
STEADY,1,319,164,1.84,22.30,OK
STEADY,3,319,164,1.84,22.31,OK
STEADY,4,319,164,1.84,22.32,OK
STEADY,2,315,164,1.84,22.33,OK
STEADY,1,320,164,1.84,22.34,OK
STEADY,3,320,164,1.84,22.35,OK
STEADY,4,320,164,1.84,22.35,OK
STEADY,2,316,164,1.84,22.36,OK
STEADY,1,321,164,1.84,22.37,OK
STEADY,3,321,164,1.84,22.38,OK
STEADY,4,321,164,1.84,22.39,OK
STEADY,2,317,164,1.84,22.40,OK
STEADY,1,322,164,1.84,22.41,OK
STEADY,3,322,164,1.84,22.42,OK
STEADY,4,322,164,1.84,22.42,OK
STEADY,2,318,164,1.84,22.43,OK
STEADY,1,323,164,1.84,22.44,OK
STEADY,3,323,165,1.84,22.45,OK
STEADY,4,323,164,1.84,22.46,OK
STEADY,2,319,164,1.84,22.47,OK
STEADY,3,324,165,1.84,22.48,OK
STEADY,4,324,164,1.84,22.49,OK
STEADY,2,320,164,1.84,22.50,OK
STEADY,3,325,164,1.84,22.50,OK
STEADY,4,325,164,1.84,22.51,OK
STEADY,2,321,164,1.84,22.52,OK
STEADY,3,326,164,1.84,22.53,OK
STEADY,4,326,163,1.84,22.54,OK
STEADY,2,322,163,1.84,22.55,OK
STEADY,3,327,163,1.84,22.56,OK
STEADY,4,327,164,1.84,22.57,OK
STEADY,2,323,164,1.84,22.57,OK
STEADY,3,328,164,1.84,22.58,OK
STEADY,4,328,164,1.84,22.59,OK
STEADY,2,324,164,1.84,22.60,OK
STEADY,3,329,164,1.84,22.61,OK
STEADY,4,329,164,1.84,22.62,OK
STEADY,2,325,164,1.84,22.63,OK
STEADY,3,330,164,1.84,22.64,OK
STEADY,1,324,451,1.84,22.67,OK
STEADY,1,325,410,1.84,22.67,OK
STEADY,4,330,165,1.84,22.71,OK
STEADY,2,326,165,1.84,22.72,OK
STEADY,3,331,166,1.84,22.72,OK
STEADY,4,331,164,1.84,21.86,OK
STEADY,2,327,164,1.84,21.87,OK
STEADY,3,332,164,1.84,21.89,OK
STEADY,4,332,164,1.84,21.90,OK
STEADY,3,333,164,1.84,21.92,OK
STEADY,4,333,153,1.84,21.93,OK
STEADY,3,334,153,1.84,21.96,OK
STEADY,4,334,137,1.84,21.97,OK
STEADY,3,335,137,1.84,21.99,OK
STEADY,1,326,533,1.84,22.68,OK
STEADY,1,327,492,1.84,22.68,OK
STEADY,1,328,451,1.84,22.68,OK
STEADY,1,329,410,1.84,22.68,OK
STEADY,1,330,369,1.84,22.68,OK
STEADY,1,331,329,1.84,22.69,OK
STEADY,1,332,288,1.84,21.88,OK
STEADY,1,333,247,1.84,21.92,OK
STEADY,1,334,206,1.84,21.95,OK
STEADY,1,335,165,1.84,21.99,OK
STEADY,4,335,124,1.84,22.00,OK
STEADY,1,336,124,1.84,22.01,OK
STEADY,3,336,124,1.84,22.02,OK
STEADY,4,336,123,1.84,22.03,OK
STEADY,1,337,123,1.84,22.04,OK
STEADY,3,337,123,1.84,22.05,OK
STEADY,2,328,315,1.84,21.91,OK
STEADY,2,329,274,1.84,21.94,OK
STEADY,2,330,233,1.84,21.98,OK
STEADY,4,337,143,1.84,22.06,OK
STEADY,1,338,143,1.84,22.06,OK
STEADY,3,338,143,1.84,22.07,OK
STEADY,4,338,143,1.84,22.08,OK
STEADY,1,339,143,1.84,22.09,OK
STEADY,3,339,143,1.84,22.10,OK
STEADY,1,340,136,1.84,22.11,OK
STEADY,3,340,136,1.84,22.12,OK
STEADY,1,341,142,1.84,22.13,OK
STEADY,3,341,142,1.84,22.14,OK
STEADY,2,331,425,1.84,22.17,OK
STEADY,2,332,384,1.84,22.17,OK
STEADY,2,333,329,1.84,22.17,OK
STEADY,2,334,282,1.84,22.17,OK
STEADY,2,335,234,1.84,22.18,OK
STEADY,2,336,187,1.84,22.18,OK
STEADY,2,337,139,1.84,22.18,OK
STEADY,1,342,139,1.84,22.20,OK
STEADY,3,342,139,1.84,22.21,OK
STEADY,1,343,108,1.84,22.22,OK
STEADY,3,343,108,1.84,22.23,OK
STEADY,1,344,111,1.84,22.25,OK
STEADY,3,344,112,1.84,22.26,OK
STEADY,2,338,230,1.84,22.22,OK
STEADY,2,339,177,1.84,22.24,OK
STEADY,2,340,133,1.84,22.27,OK
STEADY,1,345,133,1.84,22.28,OK
STEADY,4,339,367,1.84,22.31,OK
STEADY,4,340,320,1.84,22.32,OK
STEADY,4,341,272,1.84,22.32,OK
STEADY,4,342,231,1.84,22.32,OK
STEADY,4,343,178,1.84,22.32,OK
STEADY,4,344,134,1.84,22.33,OK
STEADY,4,345,133,1.84,22.34,OK
STEADY,2,341,133,1.84,22.35,OK
STEADY,1,346,133,1.84,22.36,OK
STEADY,4,346,133,1.84,22.38,OK
STEADY,2,342,134,1.84,22.39,OK
STEADY,1,347,134,1.84,22.40,OK
STEADY,4,347,135,1.84,22.41,OK
STEADY,2,343,136,1.84,22.42,OK
STEADY,1,348,136,1.84,22.43,OK
STEADY,3,345,310,1.84,22.29,OK
STEADY,3,346,265,1.84,22.37,OK
STEADY,3,347,222,1.84,22.40,OK
STEADY,3,348,178,1.84,22.44,OK
STEADY,4,348,133,1.84,22.45,OK
STEADY,2,344,133,1.84,22.46,OK
STEADY,1,349,133,1.84,22.47,OK
STEADY,3,349,176,1.84,22.47,OK
STEADY,4,349,133,1.84,22.48,OK
STEADY,2,345,133,1.84,22.49,OK
STEADY,1,350,133,1.84,22.50,OK
STEADY,3,350,176,1.84,22.51,OK
STEADY,4,350,131,1.84,22.52,OK
STEADY,2,346,131,1.84,22.53,OK
STEADY,1,351,131,1.84,22.54,OK
STEADY,3,351,174,1.84,22.55,OK
STEADY,3,352,133,1.84,22.56,OK
STEADY,2,347,133,1.84,22.55,OK
STEADY,2,348,134,1.84,22.57,OK
STEADY,3,353,134,1.84,22.58,OK
STEADY,2,349,132,1.77,22.59,OK
STEADY,3,354,133,1.77,22.60,OK
STEADY,2,350,134,1.77,22.61,OK
STEADY,3,355,134,1.77,22.62,OK
STEADY,2,351,142,1.77,22.62,OK
STEADY,3,356,142,1.77,22.63,OK
STEADY,2,352,175,1.77,22.64,OK
STEADY,2,353,130,1.77,22.71,OK
STEADY,3,357,176,1.77,22.65,OK
STEADY,3,358,130,1.77,21.86,OK
STEADY,1,352,396,1.77,22.68,OK
STEADY,1,353,352,1.77,22.68,OK
STEADY,1,354,308,1.77,22.69,OK
STEADY,1,355,265,1.77,22.69,OK
STEADY,1,356,219,1.77,22.69,OK
STEADY,1,357,177,1.77,22.69,OK
STEADY,1,358,131,1.77,22.70,OK
STEADY,4,351,397,1.77,21.89,OK
STEADY,4,352,353,1.77,21.90,OK
STEADY,4,353,309,1.77,21.90,OK
STEADY,4,354,265,1.77,21.90,OK
STEADY,4,355,220,1.77,21.90,OK
STEADY,4,356,178,1.77,21.91,OK
STEADY,4,357,132,1.77,21.91,OK
STEADY,4,358,161,1.77,21.93,OK
STEADY,2,354,162,1.77,21.94,OK
STEADY,1,359,162,1.77,21.94,OK
STEADY,3,359,162,1.77,21.95,OK
STEADY,4,359,160,1.77,21.96,OK
STEADY,2,355,160,1.77,21.97,OK
STEADY,3,360,160,1.77,21.99,OK
STEADY,1,360,202,1.77,21.98,OK
STEADY,1,361,160,1.77,22.02,OK
STEADY,4,360,161,1.77,22.00,OK
STEADY,2,356,161,1.77,22.01,OK
STEADY,3,361,161,1.77,22.02,OK
STEADY,4,361,160,1.77,22.03,OK
STEADY,2,357,160,1.77,22.04,OK
STEADY,1,362,160,1.77,22.05,OK
STEADY,3,362,161,1.77,22.06,OK
STEADY,4,362,160,1.77,22.07,OK
STEADY,2,358,160,1.77,22.08,OK
STEADY,1,363,160,1.77,22.09,OK
STEADY,3,363,160,1.77,22.09,OK
STEADY,4,363,159,1.77,22.10,OK
STEADY,2,359,160,1.77,22.11,OK
STEADY,1,364,160,1.77,22.12,OK
STEADY,3,364,160,1.77,22.13,OK
STEADY,4,364,127,1.77,22.14,OK
STEADY,2,360,128,1.77,22.15,OK
STEADY,1,365,128,1.77,22.16,OK
STEADY,3,365,128,1.77,22.16,OK
STEADY,4,365,129,1.77,22.17,OK
STEADY,2,361,130,1.77,22.18,OK
STEADY,1,366,130,1.77,22.19,OK
STEADY,3,366,130,1.77,22.20,OK
STEADY,4,366,134,1.77,22.21,OK
STEADY,2,362,134,1.77,22.22,OK
STEADY,1,367,134,1.77,22.23,OK
STEADY,3,367,134,1.77,22.23,OK
STEADY,4,367,137,1.77,22.24,OK
STEADY,2,363,137,1.77,22.25,OK
STEADY,1,368,137,1.77,22.26,OK
STEADY,3,368,137,1.77,22.27,OK
STEADY,4,368,135,1.77,22.28,OK
STEADY,2,364,135,1.77,22.29,OK
STEADY,1,369,135,1.77,22.30,OK
STEADY,3,369,135,1.77,22.30,OK
STEADY,4,369,131,1.77,22.31,OK
STEADY,2,365,131,1.77,22.32,OK
STEADY,1,370,131,1.77,22.33,OK
STEADY,3,370,132,1.77,22.34,OK
STEADY,4,370,126,1.77,22.35,OK
STEADY,2,366,126,1.77,22.36,OK
STEADY,1,371,126,1.77,22.37,OK
STEADY,3,371,127,1.77,22.37,OK
STEADY,4,371,129,1.77,22.38,OK
STEADY,2,367,130,1.77,22.39,OK
STEADY,1,372,130,1.77,22.40,OK
STEADY,3,372,130,1.77,22.41,OK
STEADY,4,372,130,1.77,22.42,OK
STEADY,2,368,130,1.77,22.43,OK
STEADY,1,373,130,1.77,22.44,OK
STEADY,3,373,130,1.77,22.44,OK
STEADY,4,373,134,1.77,22.45,OK
STEADY,2,369,134,1.77,22.46,OK
STEADY,1,374,134,1.77,22.47,OK
STEADY,3,374,134,1.77,22.48,OK
STEADY,4,374,135,1.77,22.49,OK
STEADY,2,370,135,1.77,22.50,OK
STEADY,1,375,135,1.77,22.51,OK
STEADY,3,375,135,1.77,22.51,OK
STEADY,4,375,138,1.77,22.52,OK
STEADY,2,371,139,1.77,22.53,OK
STEADY,1,376,139,1.77,22.54,OK
STEADY,3,376,139,1.77,22.55,OK
STEADY,4,376,136,1.77,22.56,OK
STEADY,2,372,136,1.77,22.57,OK
STEADY,1,377,135,1.77,22.58,OK
STEADY,3,377,135,1.77,22.58,OK
STEADY,4,377,172,1.77,22.59,OK
STEADY,2,373,172,1.77,22.60,OK
STEADY,1,378,173,1.77,22.61,OK
STEADY,3,378,173,1.77,22.62,OK
STEADY,4,378,168,1.77,22.63,OK
STEADY,2,374,168,1.77,22.64,OK
STEADY,1,379,168,1.77,22.65,OK
STEADY,3,379,168,1.77,22.66,OK
STEADY,4,379,166,1.77,21.86,OK
STEADY,2,375,166,1.77,21.87,OK
STEADY,1,380,166,1.77,21.88,OK
STEADY,3,380,166,1.77,21.89,OK
STEADY,4,380,165,1.77,21.90,OK
STEADY,2,376,165,1.77,21.91,OK
STEADY,1,381,165,1.77,21.92,OK
STEADY,3,381,166,1.77,21.93,OK
STEADY,4,381,132,1.77,21.93,OK
STEADY,1,382,132,1.77,21.94,OK
STEADY,3,382,133,1.77,21.95,OK
STEADY,4,382,162,1.77,21.96,OK
STEADY,1,383,162,1.77,21.97,OK
STEADY,3,383,162,1.77,21.98,OK
STEADY,4,383,130,1.77,21.99,OK
STEADY,1,384,130,1.77,22.00,OK
STEADY,3,384,130,1.77,22.00,OK
STEADY,4,384,128,1.77,22.01,OK
STEADY,1,385,129,1.77,22.02,OK
STEADY,3,385,129,1.77,22.03,OK
STEADY,4,385,128,1.77,22.04,OK
STEADY,1,386,128,1.77,22.05,OK
STEADY,3,386,129,1.77,22.06,OK
STEADY,4,386,132,1.77,22.07,OK
STEADY,1,387,132,1.77,22.07,OK
STEADY,3,387,133,1.77,22.08,OK
STEADY,2,377,398,1.77,22.11,OK
STEADY,2,378,354,1.77,22.12,OK
STEADY,2,379,311,1.77,22.12,OK
STEADY,2,380,267,1.77,22.12,OK
STEADY,2,381,225,1.77,22.12,OK
STEADY,2,382,181,1.77,22.13,OK
STEADY,2,383,139,1.77,22.13,OK
STEADY,4,387,139,1.77,22.15,OK
STEADY,1,388,140,1.77,22.16,OK
STEADY,3,388,140,1.77,22.16,OK
STEADY,4,388,144,1.77,22.17,OK
STEADY,2,384,145,1.77,22.18,OK
STEADY,1,389,145,1.77,22.19,OK
STEADY,3,389,145,1.77,22.20,OK
STEADY,4,389,144,1.77,22.21,OK
STEADY,1,390,145,1.77,22.23,OK
STEADY,3,390,145,1.77,22.23,OK
STEADY,2,385,188,1.77,22.22,OK
STEADY,2,386,140,1.77,22.25,OK
STEADY,4,390,141,1.77,22.24,OK
STEADY,1,391,141,1.77,22.26,OK
STEADY,3,391,141,1.77,22.27,OK
STEADY,4,391,133,1.77,22.28,OK
STEADY,2,387,134,1.77,22.29,OK
STEADY,1,392,134,1.77,22.30,OK
STEADY,3,392,134,1.77,22.30,OK
STEADY,4,392,167,1.77,22.31,OK
STEADY,2,388,168,1.77,22.32,OK
STEADY,1,393,168,1.77,22.33,OK
STEADY,3,393,168,1.77,22.34,OK
STEADY,4,393,163,1.77,22.35,OK
STEADY,2,389,164,1.77,22.36,OK
STEADY,1,394,164,1.77,22.37,OK
STEADY,3,394,164,1.77,22.37,OK
STEADY,4,394,163,1.77,22.38,OK
STEADY,2,390,164,1.77,22.39,OK
STEADY,1,395,164,1.77,22.40,OK
STEADY,3,395,164,1.77,22.41,OK
STEADY,4,395,162,1.77,22.42,OK
STEADY,2,391,163,1.77,22.43,OK
STEADY,1,396,163,1.77,22.44,OK
STEADY,3,396,163,1.77,22.44,OK
STEADY,4,396,163,1.77,22.45,OK
STEADY,2,392,164,1.77,22.46,OK
STEADY,1,397,164,1.77,22.47,OK
STEADY,3,397,164,1.77,22.48,OK
STEADY,4,397,164,1.77,22.49,OK
STEADY,2,393,165,1.77,22.50,OK
STEADY,1,398,164,1.77,22.51,OK
STEADY,3,398,164,1.77,22.52,OK
STEADY,4,398,163,1.77,22.52,OK
STEADY,2,394,164,1.77,22.53,OK
STEADY,1,399,164,1.77,22.54,OK
STEADY,3,399,164,1.77,22.55,OK
STEADY,4,399,164,1.77,22.56,OK
STEADY,2,395,164,1.77,22.57,OK
STEADY,1,400,164,1.77,22.58,OK
STEADY,3,400,164,1.77,22.59,OK
STEADY,4,400,163,1.77,22.59,OK
STEADY,2,396,164,1.77,22.60,OK
STEADY,1,401,164,1.77,22.61,OK
STEADY,3,401,164,1.77,22.62,OK
STEADY,4,401,164,1.77,22.63,OK
STEADY,2,397,165,1.77,22.64,OK
STEADY,1,402,164,1.77,22.65,OK
STEADY,3,402,164,1.77,22.66,OK
STEADY,4,402,163,1.77,21.86,OK
STEADY,2,398,163,1.77,21.87,OK
STEADY,1,403,163,1.77,21.88,OK
STEADY,3,403,163,1.77,21.89,OK
STEADY,4,403,164,1.77,21.90,OK
STEADY,2,399,165,1.77,21.91,OK
STEADY,1,404,165,1.77,21.92,OK
STEADY,3,404,165,1.77,21.93,OK
STEADY,4,404,165,1.77,21.93,OK
STEADY,2,400,166,1.77,21.94,OK
STEADY,1,405,166,1.77,21.95,OK
STEADY,3,405,166,1.77,21.96,OK
STEADY,4,405,164,1.77,21.97,OK
STEADY,2,401,165,1.77,21.98,OK
STEADY,1,406,164,1.77,21.99,OK
STEADY,3,406,164,1.77,22.00,OK
STEADY,2,402,165,1.77,22.01,OK
STEADY,1,407,166,1.77,22.02,OK
STEADY,3,407,166,1.77,22.03,OK
STEADY,2,403,163,1.77,22.05,OK
STEADY,1,408,164,1.77,22.06,OK
STEADY,3,408,164,1.77,22.07,OK
STEADY,2,404,163,1.77,22.08,OK
STEADY,1,409,164,1.77,22.09,OK
STEADY,3,409,164,1.77,22.10,OK
STEADY,2,405,163,1.77,22.12,OK
STEADY,1,410,164,1.77,22.13,OK
STEADY,3,410,164,1.77,22.14,OK
STEADY,2,406,164,1.77,22.15,OK
STEADY,1,411,165,1.77,22.16,OK
STEADY,3,411,164,1.77,22.17,OK
STEADY,4,406,370,1.77,22.00,OK
STEADY,4,407,327,1.77,22.04,OK
STEADY,4,408,287,1.77,22.07,OK
STEADY,4,409,246,1.77,22.11,OK
STEADY,4,410,206,1.77,22.14,OK
STEADY,2,407,165,1.77,22.19,OK
STEADY,1,412,165,1.77,22.20,OK
STEADY,3,412,166,1.77,22.21,OK
STEADY,4,411,205,1.77,22.18,OK
STEADY,2,408,164,1.77,22.22,OK
STEADY,1,413,164,1.77,22.23,OK
STEADY,3,413,164,1.77,22.24,OK
STEADY,4,412,205,1.77,22.21,OK
STEADY,2,409,164,1.77,22.26,OK
STEADY,1,414,164,1.77,22.27,OK
STEADY,3,414,164,1.77,22.28,OK
STEADY,4,413,205,1.77,22.25,OK
STEADY,2,410,164,1.77,22.29,OK
STEADY,1,415,164,1.77,22.30,OK
STEADY,3,415,164,1.77,22.31,OK
STEADY,4,414,204,1.77,22.29,OK
STEADY,4,415,164,1.77,22.32,OK
STEADY,1,416,164,1.77,22.33,OK
STEADY,3,416,164,1.77,22.34,OK
STEADY,4,416,164,1.77,22.35,OK
STEADY,1,417,165,1.77,22.36,OK
STEADY,3,417,164,1.77,22.36,OK
STEADY,4,417,164,1.77,22.37,OK
STEADY,1,418,164,1.77,22.38,OK
STEADY,3,418,164,1.77,22.39,OK
STEADY,4,418,163,1.77,22.40,OK
STEADY,1,419,164,1.77,22.41,OK
STEADY,3,419,164,1.77,22.42,OK
STEADY,4,419,163,1.77,22.43,OK
STEADY,1,420,164,1.77,22.43,OK
STEADY,3,420,164,1.77,22.44,OK
STEADY,4,420,163,1.77,22.45,OK
STEADY,1,421,164,1.77,22.46,OK
STEADY,3,421,164,1.77,22.47,OK
STEADY,4,421,163,1.77,22.48,OK
STEADY,1,422,164,1.77,22.49,OK
STEADY,3,422,164,1.77,22.50,OK
STEADY,2,411,450,1.77,22.53,OK
STEADY,2,412,410,1.77,22.53,OK
STEADY,2,413,369,1.77,22.54,OK
STEADY,2,414,328,1.77,22.54,OK
STEADY,2,415,287,1.77,22.54,OK
STEADY,2,416,246,1.77,22.54,OK
STEADY,2,417,205,1.77,22.54,OK
STEADY,2,418,164,1.77,22.55,OK
STEADY,4,422,166,1.77,22.57,OK
STEADY,1,423,165,1.77,22.58,OK
STEADY,3,423,165,1.77,22.58,OK
STEADY,4,423,163,1.77,22.59,OK
STEADY,2,419,164,1.77,22.60,OK
STEADY,1,424,164,1.77,22.61,OK
STEADY,3,424,164,1.77,22.62,OK
STEADY,4,424,163,1.77,22.63,OK
STEADY,2,420,164,1.77,22.64,OK
STEADY,1,425,164,1.77,22.65,OK
STEADY,3,425,164,1.77,22.65,OK
STEADY,1,426,164,1.77,21.87,OK
STEADY,3,426,165,1.77,21.88,OK
STEADY,2,421,204,1.77,21.86,OK
STEADY,2,422,162,1.77,21.89,OK
STEADY,1,427,162,1.77,21.90,OK
STEADY,3,427,162,1.77,21.91,OK
STEADY,2,423,163,1.77,21.92,OK
STEADY,1,428,164,1.77,21.93,OK
STEADY,3,428,164,1.77,21.93,OK
STEADY,2,424,163,1.77,21.94,OK
STEADY,1,429,164,1.77,21.95,OK
STEADY,3,429,164,1.77,21.96,OK
STEADY,2,425,164,1.77,21.97,OK
STEADY,3,430,164,1.77,21.98,OK
STEADY,2,426,165,1.77,21.99,OK
STEADY,3,431,166,1.77,22.00,OK
STEADY,2,427,163,1.77,22.00,OK
STEADY,3,432,164,1.77,22.01,OK
STEADY,4,425,452,1.77,22.04,OK
STEADY,4,426,409,1.77,22.05,OK
STEADY,4,427,370,1.77,22.05,OK
STEADY,4,428,329,1.77,22.05,OK
STEADY,4,429,288,1.77,22.05,OK
STEADY,4,430,249,1.77,22.06,OK
STEADY,4,431,206,1.77,22.06,OK
STEADY,4,432,165,1.77,22.08,OK
STEADY,2,428,165,1.77,22.09,OK
STEADY,3,433,165,1.77,22.09,OK
STEADY,4,433,164,1.77,22.10,OK
STEADY,2,429,165,1.77,22.11,OK
STEADY,3,434,165,1.77,22.12,OK
STEADY,4,434,166,1.77,22.13,OK
STEADY,2,430,166,1.77,22.14,OK
STEADY,3,435,166,1.77,22.15,OK
STEADY,2,431,167,1.77,22.16,OK
STEADY,3,436,167,1.77,22.17,OK
STEADY,4,435,207,1.77,22.16,OK
STEADY,4,436,164,1.77,22.25,OK
STEADY,1,430,453,1.77,22.20,OK
STEADY,1,431,414,1.77,22.21,OK
STEADY,1,432,371,1.77,22.21,OK
STEADY,1,433,330,1.77,22.21,OK
STEADY,1,434,289,1.77,22.21,OK
STEADY,1,435,248,1.77,22.22,OK
STEADY,1,436,208,1.77,22.22,OK
STEADY,1,437,166,1.77,22.24,OK
STEADY,2,432,166,1.77,22.25,OK
STEADY,3,437,166,1.77,22.26,OK
STEADY,4,437,165,1.77,22.27,OK
STEADY,2,433,165,1.77,22.28,OK
STEADY,1,438,166,1.77,22.29,OK
STEADY,3,438,166,1.77,22.30,OK
STEADY,4,438,167,1.77,22.31,OK
STEADY,2,434,167,1.77,22.32,OK
STEADY,1,439,168,1.77,22.32,OK
STEADY,3,439,168,1.77,22.33,OK
STEADY,4,439,168,1.77,22.34,OK
STEADY,2,435,168,1.77,22.35,OK
STEADY,1,440,168,1.77,22.36,OK
STEADY,3,440,168,1.77,22.37,OK
STEADY,4,440,170,1.77,22.38,OK
STEADY,2,436,171,1.77,22.39,OK
STEADY,1,441,171,1.77,22.39,OK
STEADY,3,441,171,1.77,22.40,OK
STEADY,4,441,171,1.77,22.41,OK
STEADY,2,437,171,1.77,22.42,OK
STEADY,1,442,172,1.77,22.43,OK
STEADY,3,442,172,1.77,22.44,OK
STEADY,4,442,168,1.77,22.45,OK
STEADY,2,438,169,1.77,22.46,OK
STEADY,1,443,169,1.77,22.46,OK
STEADY,3,443,169,1.77,22.47,OK
STEADY,4,443,168,1.77,22.48,OK
STEADY,2,439,169,1.77,22.49,OK
STEADY,1,444,169,1.77,22.50,OK
STEADY,3,444,169,1.77,22.51,OK
STEADY,4,444,168,1.77,22.52,OK
STEADY,2,440,168,1.77,22.53,OK
STEADY,1,445,168,1.77,22.53,OK
STEADY,3,445,168,1.77,22.54,OK
STEADY,4,445,168,1.77,22.55,OK
STEADY,2,441,168,1.77,22.56,OK
STEADY,3,446,168,1.77,22.57,OK
STEADY,4,446,167,1.77,22.58,OK
STEADY,2,442,168,1.77,22.59,OK
STEADY,3,447,168,1.77,22.60,OK
STEADY,4,447,167,1.77,22.61,OK
STEADY,2,443,168,1.77,22.61,OK
STEADY,3,448,168,1.77,22.62,OK
STEADY,4,448,168,1.77,22.63,OK
STEADY,2,444,169,1.77,22.64,OK
STEADY,3,449,168,1.77,22.65,OK
STEADY,4,449,168,1.77,22.66,OK
STEADY,2,445,168,1.77,22.67,OK
STEADY,3,450,168,1.77,22.68,OK
STEADY,4,450,170,1.77,21.86,OK
STEADY,2,446,170,1.77,21.87,OK
STEADY,3,451,170,1.77,21.88,OK
STEADY,4,451,170,1.77,21.89,OK
STEADY,2,447,170,1.77,21.90,OK
STEADY,3,452,170,1.77,21.91,OK
STEADY,1,446,463,1.77,21.94,OK
STEADY,1,447,422,1.77,21.94,OK
STEADY,1,448,380,1.77,21.95,OK
STEADY,1,449,338,1.77,21.95,OK
STEADY,4,452,170,1.77,21.98,OK
STEADY,2,448,170,1.77,21.99,OK
STEADY,3,453,171,1.77,22.00,OK
STEADY,4,453,169,1.77,22.01,OK
STEADY,2,449,170,1.77,22.02,OK
STEADY,3,454,170,1.77,22.03,OK
STEADY,4,454,167,1.77,22.04,OK
STEADY,2,450,168,1.77,22.05,OK
STEADY,3,455,168,1.77,22.07,OK
STEADY,4,455,157,1.77,22.08,OK
STEADY,2,451,157,1.77,22.09,OK
STEADY,3,456,157,1.77,22.10,OK
STEADY,4,456,168,1.77,22.11,OK
STEADY,4,457,126,1.77,22.15,OK
STEADY,2,452,168,1.77,22.12,OK
STEADY,2,453,127,1.77,22.16,OK
STEADY,3,457,169,1.77,22.14,OK
STEADY,3,458,127,1.77,22.17,OK
STEADY,1,450,465,1.77,21.95,OK
STEADY,1,451,423,1.77,21.95,OK
STEADY,1,452,381,1.77,21.95,OK
STEADY,1,453,339,1.77,21.97,OK
STEADY,1,454,297,1.77,22.02,OK
STEADY,1,455,254,1.77,22.06,OK
STEADY,1,456,212,1.77,22.09,OK
STEADY,1,457,170,1.77,22.13,OK
STEADY,1,458,128,1.77,22.16,OK
STEADY,4,458,168,1.77,22.18,OK
STEADY,2,454,168,1.77,22.19,OK
STEADY,3,459,168,1.77,22.21,OK
STEADY,4,459,137,1.77,22.22,OK
STEADY,2,455,136,1.77,22.23,OK
STEADY,3,460,136,1.77,22.24,OK
STEADY,4,460,138,1.77,22.25,OK
STEADY,2,456,138,1.77,22.26,OK
STEADY,3,461,138,1.77,22.28,OK
STEADY,4,461,135,1.77,22.29,OK
STEADY,2,457,135,1.77,22.30,OK
STEADY,3,462,134,1.77,22.31,OK
STEADY,1,459,314,1.77,22.20,OK
STEADY,1,460,270,1.77,22.23,OK
STEADY,1,461,230,1.77,22.27,OK
STEADY,1,462,180,1.77,22.30,OK
STEADY,4,462,135,1.77,22.32,OK
STEADY,2,458,136,1.77,22.33,OK
STEADY,3,463,135,1.77,22.35,OK
STEADY,1,463,178,1.77,22.34,OK
STEADY,4,463,136,1.77,22.36,OK
STEADY,2,459,136,1.77,22.37,OK
STEADY,3,464,136,1.77,22.38,OK
STEADY,1,464,180,1.77,22.38,OK
STEADY,4,464,134,1.77,22.40,OK
STEADY,2,460,135,1.77,22.40,OK
STEADY,3,465,135,1.77,22.42,OK
STEADY,1,465,178,1.77,22.41,OK
STEADY,1,466,133,1.77,22.45,OK
STEADY,4,465,133,1.77,22.43,OK
STEADY,2,461,133,1.77,22.44,OK
STEADY,3,466,133,1.77,22.46,OK
STEADY,4,466,134,1.77,22.47,OK
STEADY,2,462,135,1.77,22.47,OK
STEADY,1,467,135,1.77,22.48,OK
STEADY,3,467,135,1.77,22.49,OK
STEADY,4,467,134,1.77,22.50,OK
STEADY,2,463,134,1.77,22.51,OK
STEADY,1,468,135,1.77,22.52,OK
STEADY,3,468,135,1.77,22.53,OK
STEADY,2,464,134,1.77,22.54,OK
STEADY,1,469,135,1.77,22.55,OK
STEADY,3,469,135,1.77,22.56,OK
STEADY,2,465,134,1.77,22.58,OK
STEADY,1,470,135,1.77,22.59,OK
STEADY,3,470,135,1.77,22.60,OK
STEADY,2,466,133,1.63,22.61,OK
STEADY,1,471,133,1.63,22.62,OK
STEADY,3,471,133,1.63,22.63,OK
STEADY,2,467,135,1.63,22.65,OK
STEADY,1,472,135,1.63,22.66,OK
STEADY,3,472,135,1.63,22.67,OK
STEADY,4,468,352,1.77,22.54,OK
STEADY,4,469,307,1.77,22.57,OK
STEADY,4,470,263,1.63,22.61,OK
STEADY,4,471,219,1.63,22.64,OK
STEADY,2,468,173,1.63,21.88,OK
STEADY,1,473,173,1.63,21.88,OK
STEADY,3,473,174,1.63,21.89,OK
STEADY,4,472,214,1.63,21.87,OK
STEADY,2,469,172,1.63,21.91,OK
STEADY,1,474,172,1.63,21.92,OK
STEADY,3,474,172,1.63,21.93,OK
STEADY,4,473,214,1.63,21.90,OK
STEADY,2,470,168,1.63,21.95,OK
STEADY,1,475,168,1.63,21.96,OK
STEADY,3,475,169,1.63,21.96,OK
STEADY,2,471,163,1.63,21.98,OK
STEADY,1,476,163,1.63,21.99,OK
STEADY,3,476,164,1.63,22.00,OK
STEADY,4,474,250,1.63,21.94,OK
STEADY,4,475,204,1.63,21.97,OK
STEADY,4,476,165,1.63,22.01,OK
STEADY,2,472,165,1.63,22.02,OK
STEADY,1,477,165,1.63,22.03,OK
STEADY,3,477,165,1.63,22.03,OK
STEADY,4,477,168,1.63,22.04,OK
STEADY,2,473,168,1.63,22.05,OK
STEADY,1,478,168,1.63,22.06,OK
STEADY,3,478,168,1.63,22.07,OK
STEADY,4,478,170,1.63,22.08,OK
STEADY,2,474,170,1.63,22.09,OK
STEADY,1,479,170,1.63,22.10,OK
STEADY,3,479,170,1.63,22.10,OK
STEADY,4,479,168,1.63,22.11,OK
STEADY,2,475,169,1.63,22.12,OK
STEADY,1,480,169,1.63,22.13,OK
STEADY,3,480,169,1.63,22.14,OK
STEADY,4,480,170,1.63,22.15,OK
STEADY,2,476,170,1.63,22.16,OK
STEADY,1,481,171,1.63,22.17,OK
STEADY,3,481,171,1.63,22.17,OK
STEADY,4,481,167,1.63,22.18,OK
STEADY,2,477,166,1.63,22.19,OK
STEADY,1,482,167,1.63,22.20,OK
STEADY,3,482,167,1.63,22.21,OK
STEADY,4,482,165,1.63,22.22,OK
STEADY,2,478,164,1.63,22.23,OK
STEADY,1,483,165,1.63,22.24,OK
STEADY,3,483,165,1.63,22.24,OK
STEADY,4,483,166,1.63,22.25,OK
STEADY,2,479,167,1.63,22.26,OK
STEADY,1,484,167,1.63,22.27,OK
STEADY,3,484,167,1.63,22.28,OK
STEADY,4,484,166,1.63,22.29,OK
STEADY,2,480,166,1.63,22.30,OK
STEADY,1,485,167,1.63,22.31,OK
STEADY,3,485,167,1.63,22.31,OK
STEADY,4,485,168,1.63,22.32,OK
STEADY,2,481,168,1.63,22.33,OK
STEADY,1,486,169,1.63,22.34,OK
STEADY,3,486,169,1.63,22.35,OK
STEADY,4,486,168,1.63,22.36,OK
STEADY,2,482,168,1.63,22.37,OK
STEADY,1,487,169,1.63,22.38,OK
STEADY,3,487,169,1.63,22.38,OK
STEADY,4,487,168,1.63,22.39,OK
STEADY,2,483,169,1.63,22.40,OK
STEADY,1,488,169,1.63,22.41,OK
STEADY,3,488,169,1.63,22.42,OK
STEADY,4,488,168,1.63,22.43,OK
STEADY,2,484,169,1.63,22.44,OK
STEADY,1,489,169,1.63,22.45,OK
STEADY,3,489,169,1.63,22.46,OK
STEADY,4,489,171,1.63,22.46,OK
STEADY,2,485,171,1.63,22.47,OK
STEADY,1,490,171,1.63,22.48,OK
STEADY,3,490,171,1.63,22.49,OK
STEADY,4,490,172,1.63,22.50,OK
STEADY,2,486,173,1.63,22.51,OK
STEADY,1,491,173,1.63,22.52,OK
STEADY,3,491,173,1.63,22.53,OK
STEADY,4,491,170,1.63,22.53,OK
STEADY,2,487,170,1.63,22.54,OK
STEADY,1,492,170,1.63,22.55,OK
STEADY,3,492,170,1.63,22.56,OK
STEADY,4,492,173,1.63,22.57,OK
STEADY,2,488,174,1.63,22.58,OK
STEADY,1,493,174,1.63,22.59,OK
STEADY,3,493,174,1.63,22.60,OK
STEADY,4,493,171,1.63,22.60,OK
STEADY,2,489,171,1.63,22.61,OK
STEADY,1,494,171,1.63,22.62,OK
STEADY,3,494,172,1.63,22.63,OK
STEADY,4,494,170,1.63,22.64,OK
STEADY,2,490,170,1.63,22.65,OK
STEADY,1,495,170,1.63,22.66,OK
STEADY,3,495,170,1.63,22.67,OK
STEADY,4,495,172,1.63,21.87,OK
STEADY,2,491,172,1.63,21.88,OK
STEADY,1,496,172,1.63,21.89,OK
STEADY,3,496,172,1.63,21.89,OK
STEADY,2,492,168,1.63,21.90,OK
STEADY,1,497,168,1.63,21.91,OK
STEADY,3,497,168,1.63,21.92,OK
STEADY,2,493,168,1.63,21.93,OK
STEADY,1,498,168,1.63,21.94,OK
STEADY,3,498,168,1.63,21.95,OK
STEADY,2,494,169,1.63,21.96,OK
STEADY,1,499,169,1.63,21.96,OK
STEADY,3,499,170,1.63,21.97,OK
STEADY,2,495,169,1.63,21.98,OK
STEADY,1,500,170,1.63,21.99,OK
STEADY,3,500,170,1.63,22.00,OK
STEADY,2,496,169,1.63,22.01,OK
STEADY,1,501,170,1.63,22.02,OK
STEADY,3,501,170,1.63,22.03,OK
STEADY,2,497,170,1.63,22.03,OK
STEADY,1,502,170,1.63,22.04,OK
STEADY,3,502,170,1.63,22.05,OK
STEADY,2,498,168,1.63,22.06,OK
STEADY,1,503,168,1.63,22.07,OK
STEADY,3,503,169,1.63,22.08,OK
STEADY,4,496,461,1.63,22.11,OK
STEADY,4,497,420,1.63,22.12,OK
STEADY,4,498,378,1.63,22.12,OK
STEADY,4,499,336,1.63,22.12,OK
STEADY,4,500,294,1.63,22.12,OK
STEADY,4,501,252,1.63,22.12,OK
STEADY,4,502,209,1.63,22.13,OK
STEADY,4,503,166,1.63,22.13,OK
STEADY,2,499,167,1.63,22.15,OK
STEADY,1,504,167,1.63,22.16,OK
STEADY,3,504,167,1.63,22.17,OK
STEADY,4,504,169,1.63,22.18,OK
STEADY,2,500,169,1.63,22.18,OK
STEADY,1,505,170,1.63,22.19,OK
STEADY,3,505,170,1.63,22.20,OK
STEADY,4,505,169,1.63,22.21,OK
STEADY,2,501,169,1.63,22.22,OK
STEADY,1,506,169,1.63,22.23,OK
STEADY,3,506,170,1.63,22.24,OK
STEADY,4,506,170,1.63,22.25,OK
STEADY,2,502,170,1.63,22.25,OK
STEADY,1,507,171,1.63,22.26,OK
STEADY,3,507,171,1.63,22.27,OK
STEADY,4,507,171,1.63,22.28,OK
STEADY,2,503,172,1.63,22.29,OK
STEADY,1,508,172,1.63,22.30,OK
STEADY,3,508,172,1.63,22.31,OK
STEADY,4,508,165,1.63,22.32,OK
STEADY,2,504,165,1.63,22.32,OK
STEADY,1,509,165,1.63,22.33,OK
STEADY,3,509,166,1.63,22.34,OK
STEADY,4,509,168,1.63,22.35,OK
STEADY,2,505,169,1.63,22.36,OK
STEADY,1,510,169,1.63,22.37,OK
STEADY,3,510,169,1.63,22.38,OK
STEADY,4,510,168,1.63,22.39,OK
STEADY,2,506,169,1.63,22.39,OK
STEADY,1,511,169,1.63,22.40,OK
STEADY,3,511,169,1.63,22.41,OK
STEADY,4,511,172,1.63,22.42,OK
STEADY,2,507,172,1.63,22.43,OK
STEADY,1,512,172,1.63,22.44,OK
STEADY,3,512,172,1.63,22.45,OK
STEADY,4,512,176,1.63,22.46,OK
STEADY,2,508,176,1.63,22.46,OK
STEADY,1,513,176,1.63,22.47,OK
STEADY,3,513,177,1.63,22.48,OK
STEADY,4,513,172,1.63,22.49,OK
STEADY,2,509,172,1.63,22.50,OK
STEADY,1,514,173,1.63,22.51,OK
STEADY,3,514,173,1.63,22.52,OK
STEADY,4,514,172,1.63,22.53,OK
STEADY,2,510,172,1.63,22.53,OK
STEADY,1,515,172,1.63,22.54,OK
STEADY,3,515,172,1.63,22.55,OK
STEADY,4,515,172,1.63,22.56,OK
STEADY,2,511,172,1.63,22.57,OK
STEADY,1,516,172,1.63,22.58,OK
STEADY,3,516,173,1.63,22.59,OK
STEADY,4,516,169,1.63,22.60,OK
STEADY,2,512,170,1.63,22.60,OK
STEADY,1,517,170,1.63,22.61,OK
STEADY,3,517,170,1.63,23.02,OK
STEADY,4,517,169,1.63,22.63,OK
STEADY,2,513,169,1.63,22.64,OK
STEADY,1,518,169,1.63,22.65,OK
STEADY,4,518,169,1.63,22.66,OK
STEADY,1,519,169,1.63,22.68,OK
STEADY,4,519,166,1.63,21.87,OK
STEADY,1,520,167,1.63,21.89,OK
STEADY,4,520,157,1.63,21.89,OK
STEADY,1,521,158,1.63,21.91,OK
STEADY,4,521,165,1.63,21.92,OK
STEADY,1,522,166,1.63,21.94,OK
STEADY,4,522,129,1.63,21.95,OK
STEADY,1,523,128,1.63,21.97,OK
STEADY,2,514,345,1.63,22.67,OK
STEADY,2,515,301,1.63,21.88,OK
STEADY,2,516,260,1.63,21.90,OK
STEADY,2,517,218,1.63,21.93,OK
STEADY,2,518,177,1.63,21.96,OK
STEADY,4,523,166,1.63,21.97,OK
STEADY,1,524,166,1.63,21.99,OK
STEADY,2,519,166,1.63,21.98,OK
STEADY,3,518,419,1.63,22.02,OK
STEADY,3,519,377,1.63,22.03,OK
STEADY,3,520,334,1.63,22.03,OK
STEADY,3,521,293,1.63,22.03,OK
STEADY,3,522,251,1.63,22.03,OK
STEADY,3,523,209,1.63,22.03,OK
STEADY,3,524,167,1.63,22.04,OK
STEADY,4,524,135,1.63,22.05,OK
STEADY,1,525,135,1.63,22.07,OK
STEADY,3,525,135,1.63,22.08,OK
STEADY,2,520,161,1.63,22.06,OK
STEADY,4,525,135,1.63,22.09,OK
STEADY,2,521,135,1.63,22.10,OK
STEADY,1,526,135,1.63,22.11,OK
STEADY,3,526,136,1.63,22.12,OK
STEADY,4,526,137,1.63,22.12,OK
STEADY,1,527,137,1.63,22.14,OK
STEADY,2,522,159,1.63,22.13,OK
STEADY,3,527,158,1.63,22.15,OK
STEADY,4,527,135,1.63,22.16,OK
STEADY,2,523,134,1.63,22.17,OK
STEADY,1,528,134,1.63,22.18,OK
STEADY,3,528,134,1.63,22.19,OK
STEADY,4,528,137,1.63,22.20,OK
STEADY,2,524,137,1.63,22.20,OK
STEADY,1,529,137,1.63,22.21,OK
STEADY,3,529,138,1.63,22.22,OK
STEADY,4,529,142,1.63,22.23,OK
STEADY,2,525,141,1.63,22.24,OK
STEADY,1,530,141,1.63,22.25,OK
STEADY,3,530,141,1.63,22.26,OK
STEADY,4,530,140,1.63,22.27,OK
STEADY,2,526,140,1.63,22.27,OK
STEADY,1,531,140,1.63,22.28,OK
STEADY,3,531,140,1.63,22.29,OK
STEADY,4,531,134,1.63,22.30,OK
STEADY,2,527,134,1.63,22.31,OK
STEADY,1,532,134,1.63,22.32,OK
STEADY,3,532,134,1.63,22.33,OK
STEADY,4,532,168,1.63,22.34,OK
STEADY,2,528,168,1.63,22.34,OK
STEADY,1,533,168,1.63,22.35,OK
STEADY,3,533,168,1.63,22.36,OK
STEADY,4,533,164,1.63,22.37,OK
STEADY,2,529,164,1.63,22.38,OK
STEADY,1,534,164,1.63,22.39,OK
STEADY,3,534,164,1.63,22.40,OK
STEADY,2,530,164,1.63,22.41,OK
STEADY,1,535,164,1.63,22.41,OK
STEADY,3,535,164,1.63,22.42,OK
STEADY,2,531,163,1.63,22.43,OK
STEADY,1,536,163,1.63,22.44,OK
STEADY,2,532,164,1.63,22.46,OK
STEADY,2,533,164,1.63,22.48,OK
STEADY,2,534,164,1.63,22.51,OK
STEADY,2,535,164,1.63,22.55,OK
STEADY,2,536,164,1.63,22.57,OK
STEADY,1,537,369,1.63,22.47,OK
STEADY,1,538,328,1.63,22.49,OK
STEADY,1,539,287,1.63,22.52,OK
STEADY,1,540,246,1.63,22.55,OK
STEADY,1,541,205,1.63,22.58,OK
STEADY,3,536,410,1.63,22.45,OK
STEADY,3,537,370,1.63,22.48,OK
STEADY,3,538,329,1.63,22.50,OK
STEADY,3,539,288,1.63,22.53,OK
STEADY,3,540,247,1.63,22.56,OK
STEADY,3,541,206,1.63,22.59,OK
STEADY,3,542,165,1.63,22.68,OK
STEADY,4,534,453,1.63,22.62,OK
STEADY,4,535,411,1.63,22.63,OK
STEADY,4,536,371,1.63,22.63,OK
STEADY,4,537,330,1.63,22.63,OK
STEADY,4,538,289,1.63,22.63,OK
STEADY,4,539,248,1.63,22.64,OK
STEADY,4,540,207,1.63,22.64,OK
STEADY,4,541,166,1.63,22.64,OK
STEADY,2,537,167,1.63,22.66,OK
STEADY,1,542,205,1.63,22.67,OK
STEADY,4,542,164,1.63,21.88,OK
STEADY,2,538,164,1.63,21.89,OK
STEADY,3,543,164,1.63,21.90,OK
STEADY,1,543,205,1.63,21.89,OK
STEADY,4,543,164,1.63,21.91,OK
STEADY,2,539,164,1.63,21.92,OK
STEADY,3,544,164,1.63,21.94,OK
STEADY,1,544,205,1.63,21.93,OK
STEADY,4,544,164,1.63,21.95,OK
STEADY,2,540,164,1.63,21.96,OK
STEADY,3,545,164,1.63,21.97,OK
STEADY,1,545,205,1.63,21.96,OK
STEADY,4,545,164,1.63,21.98,OK
STEADY,2,541,163,1.63,21.99,OK
STEADY,3,546,163,1.63,22.01,OK
STEADY,1,546,204,1.63,22.00,OK
STEADY,4,546,164,1.63,22.02,OK
STEADY,2,542,164,1.63,22.03,OK
STEADY,3,547,165,1.63,22.04,OK
STEADY,1,547,205,1.63,22.03,OK
STEADY,4,547,164,1.63,22.05,OK
STEADY,2,543,165,1.63,22.06,OK
STEADY,3,548,165,1.63,22.08,OK
STEADY,1,548,205,1.63,22.07,OK
STEADY,1,549,164,1.63,22.11,OK
STEADY,4,548,165,1.63,22.09,OK
STEADY,2,544,165,1.63,22.10,OK
STEADY,3,549,165,1.63,22.11,OK
STEADY,4,549,164,1.63,22.12,OK
STEADY,2,545,164,1.63,22.13,OK
STEADY,1,550,164,1.63,22.14,OK
STEADY,3,550,164,1.63,22.15,OK
STEADY,4,550,164,1.63,22.16,OK
STEADY,2,546,164,1.63,22.17,OK
STEADY,1,551,164,1.63,22.18,OK
STEADY,3,551,164,1.63,22.18,OK
STEADY,4,551,164,1.63,22.19,OK
STEADY,2,547,164,1.63,22.20,OK
STEADY,1,552,165,1.63,22.21,OK
STEADY,3,552,165,1.63,22.22,OK
STEADY,4,552,164,1.63,22.23,OK
STEADY,2,548,164,1.63,22.24,OK
STEADY,1,553,164,1.63,22.25,OK
STEADY,3,553,164,1.63,22.25,OK
STEADY,4,553,164,1.63,22.26,OK
STEADY,2,549,164,1.63,22.27,OK
STEADY,1,554,164,1.63,22.28,OK
STEADY,3,554,164,1.63,22.29,OK
STEADY,4,554,164,1.63,22.30,OK
STEADY,2,550,164,1.63,22.31,OK
STEADY,1,555,164,1.63,22.32,OK
STEADY,3,555,164,1.63,22.32,OK
STEADY,4,555,164,1.63,22.33,OK
STEADY,2,551,164,1.63,22.34,OK
STEADY,3,556,164,1.63,22.36,OK
STEADY,4,556,164,1.63,22.37,OK
STEADY,2,552,164,1.63,22.38,OK
STEADY,3,557,164,1.63,22.39,OK
STEADY,4,557,164,1.63,22.40,OK
STEADY,2,553,164,1.63,22.41,OK
STEADY,3,558,164,1.63,22.43,OK
STEADY,4,558,164,1.63,22.44,OK
STEADY,2,554,164,1.63,22.45,OK
STEADY,3,559,164,1.63,22.46,OK
STEADY,4,559,164,1.63,22.47,OK
STEADY,2,555,164,1.63,22.48,OK
STEADY,3,560,164,1.63,22.50,OK
STEADY,1,556,369,1.63,22.35,OK
STEADY,1,557,328,1.63,22.39,OK
STEADY,1,558,287,1.63,22.42,OK
STEADY,1,559,246,1.63,22.46,OK
STEADY,1,560,205,1.63,22.49,OK
STEADY,4,560,165,1.63,22.51,OK
STEADY,2,556,165,1.63,22.52,OK
STEADY,3,561,165,1.63,22.54,OK
STEADY,1,561,205,1.63,22.53,OK
STEADY,4,561,164,1.63,22.54,OK
STEADY,2,557,164,1.63,22.55,OK
STEADY,3,562,165,1.63,22.57,OK
STEADY,1,562,205,1.63,22.56,OK
STEADY,4,562,164,1.63,22.58,OK
STEADY,2,558,164,1.63,22.59,OK
STEADY,3,563,164,1.63,22.61,OK
STEADY,1,563,205,1.63,22.60,OK
STEADY,4,563,164,1.63,22.61,OK
STEADY,2,559,165,1.63,22.62,OK
STEADY,3,564,165,1.63,22.64,OK
STEADY,2,560,163,1.63,22.67,OK
STEADY,1,564,205,1.63,22.63,OK
STEADY,4,564,164,1.63,22.66,OK
STEADY,3,565,164,1.63,22.69,OK
STEADY,1,565,204,1.63,22.68,OK
STEADY,4,565,164,1.63,21.91,OK
STEADY,2,561,164,1.63,21.92,OK
STEADY,3,566,164,1.63,21.94,OK
STEADY,1,566,205,1.63,21.93,OK
STEADY,4,566,164,1.63,21.95,OK
STEADY,2,562,164,1.63,21.96,OK
STEADY,3,567,165,1.63,21.98,OK
STEADY,1,567,205,1.63,21.97,OK
STEADY,1,568,164,1.63,22.00,OK
STEADY,4,567,164,1.63,21.98,OK
STEADY,2,563,164,1.63,21.99,OK
STEADY,3,568,165,1.63,22.01,OK
STEADY,2,564,164,1.63,22.02,OK
STEADY,4,568,164,1.63,22.03,OK
STEADY,1,569,164,1.63,22.04,OK
STEADY,3,569,164,1.63,22.05,OK
STEADY,4,569,164,1.63,22.06,OK
STEADY,2,565,164,1.63,22.07,OK
STEADY,1,570,164,1.63,22.08,OK
STEADY,3,570,164,1.63,22.09,OK
STEADY,4,570,164,1.63,22.10,OK
STEADY,2,566,164,1.63,22.11,OK
STEADY,1,571,164,1.63,22.12,OK
STEADY,3,571,164,1.63,22.12,OK
STEADY,4,571,164,1.63,22.13,OK
STEADY,2,567,164,1.63,22.14,OK
STEADY,1,572,164,1.63,22.15,OK
STEADY,3,572,165,1.63,22.16,OK
STEADY,4,572,164,1.63,22.17,OK
STEADY,2,568,164,1.63,22.18,OK
STEADY,1,573,165,1.63,22.19,OK
STEADY,3,573,165,1.63,22.19,OK
STEADY,2,569,164,1.63,22.20,OK
STEADY,1,574,164,1.63,22.21,OK
STEADY,3,574,165,1.63,22.22,OK
STEADY,2,570,164,1.63,22.23,OK
STEADY,1,575,164,1.63,22.24,OK
STEADY,3,575,164,1.63,22.25,OK
STEADY,2,571,165,1.63,22.26,OK
STEADY,1,576,166,1.63,22.27,OK
STEADY,3,576,166,1.63,22.27,OK
STEADY,2,572,166,1.63,22.28,OK
STEADY,1,577,166,1.63,22.29,OK
STEADY,3,577,166,1.63,22.30,OK
STEADY,2,573,167,1.63,22.31,OK
STEADY,1,578,167,1.63,22.32,OK
STEADY,3,578,167,1.63,22.33,OK
STEADY,2,574,167,1.63,22.34,OK
STEADY,1,579,168,1.63,22.34,OK
STEADY,3,579,168,1.63,22.35,OK
STEADY,2,575,167,1.63,22.36,OK
STEADY,1,580,166,1.63,22.37,OK
STEADY,3,580,166,1.63,22.38,OK
STEADY,4,573,456,1.63,22.41,OK
STEADY,4,574,415,1.63,22.42,OK
STEADY,4,575,374,1.63,22.42,OK
STEADY,4,576,333,1.63,22.42,OK
STEADY,4,577,293,1.63,22.42,OK
STEADY,4,578,252,1.63,22.43,OK
STEADY,4,579,210,1.63,22.43,OK
STEADY,4,580,168,1.63,22.43,OK
STEADY,2,576,168,1.63,22.45,OK
STEADY,1,581,168,1.63,22.46,OK
STEADY,3,581,169,1.63,22.47,OK
STEADY,4,581,167,1.63,22.48,OK
STEADY,2,577,167,1.63,22.49,OK
STEADY,1,582,167,1.63,22.50,OK
STEADY,3,582,168,1.63,22.50,OK
STEADY,4,582,167,1.63,22.51,OK
STEADY,2,578,167,1.63,22.52,OK
STEADY,1,583,167,1.63,22.53,OK
STEADY,3,583,167,1.63,22.54,OK
STEADY,4,583,168,1.63,22.55,OK
STEADY,2,579,168,1.63,22.56,OK
STEADY,1,584,168,1.63,22.57,OK
STEADY,3,584,168,1.63,22.57,OK
STEADY,4,584,167,1.63,22.58,OK
STEADY,2,580,167,1.63,22.59,OK
STEADY,1,585,167,1.63,22.60,OK
STEADY,3,585,167,1.63,22.61,OK
STEADY,4,585,168,1.63,22.62,OK
STEADY,2,581,168,1.63,22.63,OK
STEADY,1,586,168,1.63,22.64,OK
STEADY,3,586,169,1.63,22.65,OK
STEADY,4,586,168,1.63,22.65,OK
STEADY,2,582,168,1.63,22.66,OK
STEADY,1,587,168,1.63,22.67,OK
STEADY,3,587,168,1.63,22.68,OK
STEADY,4,587,168,1.63,21.88,OK
STEADY,2,583,168,1.63,21.89,OK
STEADY,1,588,168,1.63,21.90,OK
STEADY,3,588,169,1.63,21.91,OK
STEADY,4,588,168,1.5,21.92,OK
STEADY,2,584,168,1.5,21.93,OK
STEADY,1,589,168,1.5,21.94,OK
STEADY,3,589,168,1.5,21.94,OK
STEADY,4,589,167,1.5,21.95,OK
STEADY,2,585,167,1.5,21.96,OK
STEADY,1,590,167,1.5,21.97,OK
STEADY,3,590,167,1.5,21.98,OK
STEADY,4,590,166,1.5,21.99,OK
STEADY,2,586,167,1.5,22.00,OK
STEADY,1,591,167,1.5,22.01,OK
STEADY,3,591,167,1.5,22.01,OK
STEADY,4,591,166,1.5,22.02,OK
STEADY,2,587,166,1.5,22.03,OK
STEADY,1,592,167,1.5,22.04,OK
STEADY,3,592,167,1.5,22.05,OK
STEADY,4,592,166,1.5,22.06,OK
STEADY,2,588,166,1.5,22.07,OK
STEADY,1,593,166,1.5,22.08,OK
STEADY,3,593,167,1.5,22.09,OK
STEADY,4,593,167,1.5,22.09,OK
STEADY,2,589,167,1.5,22.10,OK
STEADY,1,594,167,1.5,22.11,OK
STEADY,3,594,167,1.5,22.12,OK
STEADY,4,594,167,1.5,22.13,OK
STEADY,2,590,167,1.5,22.14,OK
STEADY,1,595,167,1.5,22.15,OK
STEADY,3,595,167,1.5,22.16,OK
STEADY,4,595,168,1.5,22.16,OK
STEADY,2,591,168,1.5,22.17,OK
STEADY,1,596,168,1.5,22.18,OK
STEADY,4,596,168,1.5,22.19,OK
STEADY,2,592,169,1.5,22.20,OK
STEADY,4,597,168,1.5,22.21,OK
STEADY,2,593,168,1.5,22.22,OK
STEADY,4,598,168,1.5,22.23,OK
STEADY,2,594,168,1.5,22.23,OK
STEADY,4,599,168,1.5,22.24,OK
STEADY,2,595,168,1.5,22.25,OK
STEADY,4,600,168,1.5,22.26,OK
STEADY,2,596,168,1.5,22.27,OK
STEADY,4,601,169,1.5,22.28,OK
STEADY,2,597,169,1.5,22.29,OK
STEADY,3,596,460,1.5,22.32,OK
STEADY,3,597,418,1.5,22.33,OK
STEADY,3,598,377,1.5,22.33,OK
STEADY,3,599,335,1.5,22.33,OK
STEADY,3,600,293,1.5,22.33,OK
STEADY,3,601,251,1.5,22.33,OK
STEADY,3,602,209,1.5,22.34,OK
STEADY,3,603,167,1.5,22.34,OK
STEADY,4,602,167,1.5,22.36,OK
STEADY,2,598,168,1.5,22.37,OK
STEADY,1,597,464,1.5,22.40,OK
STEADY,1,598,422,1.5,22.41,OK
STEADY,1,599,380,1.5,22.41,OK
STEADY,1,600,338,1.5,22.41,OK
STEADY,1,601,296,1.5,22.41,OK
STEADY,1,602,254,1.5,22.41,OK
STEADY,1,603,213,1.5,22.42,OK
STEADY,1,604,171,1.5,22.42,OK
STEADY,4,603,171,1.5,22.44,OK
STEADY,2,599,171,1.5,22.45,OK
STEADY,3,604,171,1.5,22.46,OK
STEADY,4,604,169,1.5,22.47,OK
STEADY,2,600,170,1.5,22.47,OK
STEADY,1,605,170,1.5,22.48,OK
STEADY,3,605,170,1.5,22.49,OK
STEADY,4,605,168,1.5,22.50,OK
STEADY,2,601,168,1.5,22.51,OK
STEADY,1,606,169,1.5,22.52,OK
STEADY,3,606,169,1.5,22.53,OK
STEADY,4,606,171,1.5,22.54,OK
STEADY,2,602,171,1.5,22.55,OK
STEADY,3,607,170,1.5,22.56,OK
STEADY,1,607,213,1.5,22.55,OK
STEADY,1,608,167,1.5,22.59,OK
STEADY,4,607,168,1.5,22.57,OK
STEADY,2,603,168,1.5,22.58,OK
STEADY,3,608,168,1.5,22.60,OK
STEADY,2,604,167,1.5,22.62,OK
STEADY,1,609,167,1.5,22.63,OK
STEADY,3,609,168,1.5,22.63,OK
STEADY,2,605,166,1.5,22.65,OK
STEADY,1,610,166,1.5,22.66,OK
STEADY,3,610,166,1.5,22.67,OK
STEADY,2,606,164,1.5,22.69,OK
STEADY,1,611,164,1.5,22.70,OK
STEADY,3,611,164,1.5,22.70,OK
STEADY,2,607,163,1.5,21.89,OK
STEADY,1,612,163,1.5,21.90,OK
STEADY,3,612,163,1.5,21.91,OK
STEADY,2,608,162,1.5,21.93,OK
STEADY,1,613,164,1.5,21.94,OK
STEADY,3,613,165,1.5,21.94,OK
STEADY,4,608,370,1.5,22.61,OK
STEADY,4,609,328,1.5,22.64,OK
STEADY,4,610,286,1.5,22.68,OK
STEADY,4,611,244,1.5,21.88,OK
STEADY,4,612,204,1.5,21.92,OK
STEADY,2,609,163,1.5,21.96,OK
STEADY,1,614,163,1.5,21.97,OK
STEADY,3,614,163,1.5,21.98,OK
STEADY,4,613,206,1.5,21.95,OK
STEADY,2,610,166,1.5,21.99,OK
STEADY,1,615,166,1.5,22.00,OK
STEADY,3,615,166,1.5,22.01,OK
STEADY,2,611,167,1.5,22.02,OK
STEADY,1,616,167,1.5,22.02,OK
STEADY,3,616,167,1.5,22.03,OK
STEADY,2,612,168,1.5,22.04,OK
STEADY,1,617,168,1.5,22.05,OK
STEADY,2,613,170,1.5,22.07,OK
STEADY,1,618,170,1.5,22.08,OK
STEADY,2,614,169,1.5,22.10,OK
STEADY,1,619,170,1.5,22.10,OK
STEADY,2,615,170,1.5,22.13,OK
STEADY,1,620,170,1.5,22.14,OK
STEADY,2,616,170,1.5,22.15,OK
STEADY,1,621,170,1.5,22.16,OK
STEADY,3,617,382,1.5,22.06,OK
STEADY,3,618,342,1.5,22.09,OK
STEADY,3,619,298,1.5,22.11,OK
STEADY,3,620,256,1.5,22.14,OK
STEADY,3,621,214,1.5,22.17,OK
STEADY,2,617,173,1.5,22.18,OK
STEADY,1,622,173,1.5,22.19,OK
STEADY,3,622,213,1.5,22.20,OK
STEADY,2,618,169,1.5,22.21,OK
STEADY,1,623,169,1.5,22.21,OK
STEADY,3,623,210,1.5,22.22,OK
STEADY,4,614,546,1.5,22.27,OK
STEADY,4,615,505,1.5,22.27,OK
STEADY,4,616,464,1.5,22.27,OK
STEADY,4,617,424,1.5,22.27,OK
STEADY,4,618,381,1.5,22.28,OK
STEADY,4,619,339,1.5,22.28,OK
STEADY,4,620,297,1.5,22.28,OK
STEADY,4,621,255,1.5,22.28,OK
STEADY,4,622,211,1.5,22.28,OK
STEADY,4,623,169,1.5,22.29,OK
STEADY,2,619,169,1.5,22.31,OK
STEADY,1,624,169,1.5,22.32,OK
STEADY,3,624,209,1.5,22.33,OK
STEADY,4,624,167,1.5,22.34,OK
STEADY,2,620,167,1.5,22.35,OK
STEADY,1,625,168,1.5,22.35,OK
STEADY,3,625,208,1.5,22.36,OK
STEADY,3,626,163,1.5,22.40,OK
STEADY,2,621,163,1.5,22.38,OK
STEADY,1,626,163,1.5,22.39,OK
STEADY,2,622,164,1.5,22.42,OK
STEADY,1,627,164,1.5,22.43,OK
STEADY,3,627,164,1.5,22.43,OK
STEADY,4,625,246,1.5,22.37,OK
STEADY,4,626,205,1.5,22.41,OK
STEADY,4,627,164,1.5,22.44,OK
STEADY,2,623,164,1.5,22.45,OK
STEADY,1,628,165,1.5,22.46,OK
STEADY,3,628,165,1.5,22.47,OK
STEADY,4,628,164,1.5,22.48,OK
STEADY,2,624,164,1.5,22.49,OK
STEADY,1,629,164,1.5,22.50,OK
STEADY,3,629,164,1.5,22.50,OK
STEADY,4,629,164,1.5,22.51,OK
STEADY,2,625,164,1.5,22.52,OK
STEADY,1,630,164,1.5,22.53,OK
STEADY,3,630,164,1.5,22.54,OK
STEADY,4,630,164,1.5,22.55,OK
STEADY,2,626,164,1.5,22.56,OK
STEADY,1,631,164,1.5,22.57,OK
STEADY,3,631,164,1.5,22.58,OK
STEADY,2,627,164,1.5,22.59,OK
STEADY,1,632,164,1.5,22.60,OK
STEADY,3,632,164,1.5,22.61,OK
STEADY,2,628,164,1.5,22.63,OK
STEADY,1,633,164,1.5,22.64,OK
STEADY,3,633,165,1.5,22.65,OK
STEADY,2,629,164,1.5,22.66,OK
STEADY,1,634,164,1.5,22.67,OK
STEADY,3,634,165,1.5,22.68,OK
STEADY,2,630,164,1.5,21.90,OK
STEADY,1,635,164,1.5,21.91,OK
STEADY,3,635,164,1.5,21.92,OK
STEADY,2,631,164,1.5,21.93,OK
STEADY,1,636,164,1.5,21.94,OK
STEADY,3,636,164,1.5,21.95,OK
STEADY,4,631,369,1.5,22.58,OK
STEADY,4,632,328,1.5,22.62,OK
STEADY,4,633,287,1.5,22.65,OK
STEADY,4,634,246,1.5,21.89,OK
STEADY,4,635,205,1.5,21.92,OK
STEADY,2,632,165,1.5,21.97,OK
STEADY,1,637,165,1.5,21.98,OK
STEADY,3,637,165,1.5,21.99,OK
STEADY,4,636,205,1.5,21.96,OK
STEADY,2,633,164,1.5,22.00,OK
STEADY,1,638,164,1.5,22.01,OK
STEADY,3,638,164,1.5,22.02,OK
STEADY,4,637,205,1.5,21.99,OK
STEADY,2,634,164,1.5,22.04,OK
STEADY,1,639,164,1.5,22.05,OK
STEADY,3,639,164,1.5,22.06,OK
STEADY,4,638,205,1.5,22.03,OK
STEADY,2,635,164,1.5,22.07,OK
STEADY,1,640,164,1.5,22.08,OK
STEADY,3,640,164,1.5,22.09,OK
STEADY,4,639,205,1.5,22.07,OK
STEADY,4,640,163,1.5,22.10,OK
STEADY,2,636,163,1.5,22.11,OK
STEADY,1,641,163,1.5,22.12,OK
STEADY,3,641,163,1.5,22.13,OK
STEADY,4,641,164,1.5,22.14,OK
STEADY,1,642,164,1.5,22.14,OK
STEADY,3,642,164,1.5,22.15,OK
STEADY,4,642,164,1.5,22.16,OK
STEADY,1,643,164,1.5,22.17,OK
STEADY,4,643,164,1.5,22.18,OK
STEADY,1,644,164,1.5,22.19,OK
STEADY,4,644,164,1.5,22.20,OK
STEADY,1,645,164,1.5,22.21,OK
STEADY,4,645,164,1.5,22.22,OK
STEADY,1,646,164,1.5,22.22,OK
STEADY,4,646,164,1.5,22.23,OK
STEADY,1,647,164,1.5,22.24,OK
STEADY,4,647,164,1.5,22.25,OK
STEADY,1,648,164,1.5,22.26,OK
STEADY,2,637,451,1.5,22.29,OK
STEADY,2,638,410,1.5,22.30,OK
STEADY,2,639,369,1.5,22.30,OK
STEADY,2,640,328,1.5,22.30,OK
STEADY,2,641,288,1.5,22.30,OK
STEADY,2,642,247,1.5,22.31,OK
STEADY,2,643,206,1.5,22.31,OK
STEADY,2,644,165,1.5,22.31,OK
STEADY,4,648,165,1.5,22.33,OK
STEADY,1,649,165,1.5,22.34,OK
STEADY,3,643,451,1.5,22.37,OK
STEADY,3,644,410,1.5,22.37,OK
STEADY,3,645,369,1.5,22.38,OK
STEADY,3,646,328,1.5,22.38,OK
STEADY,3,647,287,1.5,22.38,OK
STEADY,3,648,246,1.5,22.38,OK
STEADY,3,649,206,1.5,22.38,OK
STEADY,3,650,165,1.5,22.43,OK
STEADY,4,649,165,1.5,22.40,OK
STEADY,2,645,165,1.5,22.41,OK
STEADY,1,650,165,1.5,22.42,OK
STEADY,4,650,164,1.5,22.44,OK
STEADY,2,646,164,1.5,22.45,OK
STEADY,1,651,164,1.5,22.46,OK
STEADY,3,651,164,1.5,22.46,OK
STEADY,4,651,164,1.5,22.47,OK
STEADY,2,647,164,1.5,22.48,OK
STEADY,1,652,164,1.5,22.49,OK
STEADY,3,652,164,1.5,22.50,OK
STEADY,4,652,163,1.5,22.51,OK
STEADY,2,648,163,1.5,22.52,OK
STEADY,1,653,163,1.5,22.53,OK
STEADY,3,653,204,1.5,22.54,OK
STEADY,3,654,163,1.5,22.57,OK
STEADY,4,653,163,1.5,22.55,OK
STEADY,2,649,163,1.5,22.56,OK
STEADY,1,654,163,1.5,22.56,OK
STEADY,4,654,164,1.5,22.58,OK
STEADY,2,650,164,1.5,22.59,OK
STEADY,1,655,164,1.5,22.60,OK
STEADY,3,655,164,1.5,22.61,OK
STEADY,4,655,164,1.5,22.62,OK
STEADY,2,651,164,1.5,22.63,OK
STEADY,1,656,164,1.5,22.63,OK
STEADY,3,656,164,1.5,22.64,OK
STEADY,4,656,164,1.5,22.65,OK
STEADY,2,652,164,1.5,22.66,OK
STEADY,1,657,164,1.5,22.67,OK
STEADY,3,657,164,1.5,22.68,OK
STEADY,4,657,164,1.5,22.69,OK
STEADY,2,653,164,1.5,22.70,OK
STEADY,1,658,165,1.5,22.71,OK
STEADY,3,658,165,1.5,22.71,OK
STEADY,4,658,164,1.5,21.89,OK
STEADY,2,654,164,1.5,21.90,OK
STEADY,1,659,164,1.5,21.91,OK
STEADY,3,659,164,1.5,21.92,OK
STEADY,4,659,164,1.5,21.93,OK
STEADY,2,655,164,1.5,21.94,OK
STEADY,1,660,164,1.5,21.94,OK
STEADY,3,660,164,1.5,21.95,OK
STEADY,4,660,164,1.5,21.96,OK
STEADY,2,656,164,1.5,21.97,OK
STEADY,1,661,164,1.5,21.98,OK
STEADY,3,661,164,1.5,21.99,OK
STEADY,4,661,164,1.5,22.00,OK
STEADY,2,657,164,1.5,22.01,OK
STEADY,1,662,164,1.5,22.01,OK
STEADY,3,662,164,1.5,22.02,OK
STEADY,4,662,164,1.5,22.03,OK
STEADY,2,658,164,1.5,22.04,OK
STEADY,1,663,164,1.5,22.05,OK
STEADY,3,663,164,1.5,22.06,OK
STEADY,4,663,164,1.5,22.07,OK
STEADY,2,659,164,1.5,22.08,OK
STEADY,1,664,164,1.5,22.09,OK
STEADY,3,664,164,1.5,22.09,OK
STEADY,4,664,164,1.5,22.10,OK
STEADY,2,660,164,1.5,22.11,OK
STEADY,1,665,164,1.5,22.12,OK
STEADY,3,665,164,1.5,22.13,OK
STEADY,4,665,164,1.5,22.14,OK
STEADY,2,661,164,1.5,22.15,OK
STEADY,1,666,164,1.5,22.16,OK
STEADY,3,666,164,1.5,22.16,OK
STEADY,4,666,164,1.5,22.17,OK
STEADY,2,662,164,1.5,22.18,OK
STEADY,1,667,164,1.5,22.19,OK
STEADY,3,667,164,1.5,22.20,OK
STEADY,4,667,164,1.5,22.21,OK
STEADY,2,663,164,1.5,22.22,OK
STEADY,1,668,164,1.5,22.23,OK
STEADY,3,668,165,1.5,22.24,OK
STEADY,4,668,164,1.5,22.25,OK
STEADY,2,664,164,1.5,22.26,OK
STEADY,1,669,164,1.5,22.27,OK
STEADY,3,669,164,1.5,22.28,OK
STEADY,4,669,164,1.5,22.28,OK
STEADY,2,665,164,1.5,22.29,OK
STEADY,1,670,164,1.5,22.30,OK
STEADY,3,670,165,1.5,22.31,OK
STEADY,4,670,164,1.5,22.32,OK
STEADY,2,666,164,1.5,22.33,OK
STEADY,1,671,164,1.5,22.34,OK
STEADY,3,671,165,1.5,22.35,OK
STEADY,4,671,164,1.5,22.36,OK
STEADY,1,672,164,1.5,22.37,OK
STEADY,3,672,164,1.5,22.38,OK
STEADY,4,672,165,1.5,22.39,OK
STEADY,1,673,165,1.5,22.41,OK
STEADY,3,673,165,1.5,22.42,OK
STEADY,4,673,166,1.5,22.43,OK
STEADY,1,674,166,1.5,22.44,OK
STEADY,3,674,166,1.5,22.45,OK
STEADY,4,674,166,1.5,22.46,OK
STEADY,1,675,167,1.5,22.48,OK
STEADY,3,675,167,1.5,22.49,OK
STEADY,4,675,167,1.5,22.50,OK
STEADY,1,676,167,1.5,22.51,OK
STEADY,3,676,167,1.5,22.52,OK
STEADY,2,667,372,1.5,22.36,OK
STEADY,2,668,332,1.5,22.40,OK
STEADY,2,669,291,1.5,22.43,OK
STEADY,2,670,250,1.5,22.47,OK
STEADY,2,671,209,1.5,22.51,OK
STEADY,4,676,167,1.5,22.54,OK
STEADY,1,677,167,1.5,22.56,OK
STEADY,3,677,168,1.5,22.57,OK
STEADY,2,672,210,1.5,22.55,OK
STEADY,4,677,169,1.5,22.58,OK
STEADY,1,678,169,1.5,22.60,OK
STEADY,3,678,169,1.5,22.60,OK
STEADY,2,673,211,1.5,22.59,OK
STEADY,4,678,171,1.5,22.61,OK
STEADY,1,679,170,1.5,22.63,OK
STEADY,3,679,170,1.5,22.64,OK
STEADY,2,674,211,1.5,22.62,OK
STEADY,4,679,170,1.5,22.65,OK
STEADY,1,680,170,1.5,22.67,OK
STEADY,3,680,170,1.5,22.68,OK
STEADY,2,675,211,1.5,22.66,OK
STEADY,2,676,170,1.5,22.69,OK
STEADY,4,680,170,1.5,22.68,OK
STEADY,1,681,170,1.5,22.70,OK
STEADY,3,681,171,1.5,22.71,OK
STEADY,4,681,168,1.5,21.91,OK
STEADY,2,677,168,1.5,21.92,OK
STEADY,1,682,168,1.5,21.93,OK
STEADY,3,682,168,1.5,21.94,OK
STEADY,4,682,169,1.5,21.94,OK
STEADY,2,678,169,1.5,21.95,OK
STEADY,1,683,169,1.5,21.96,OK
STEADY,3,683,169,1.5,21.97,OK
STEADY,4,683,168,1.5,21.98,OK
STEADY,1,684,168,1.5,21.99,OK
STEADY,4,684,168,1.5,22.01,OK
STEADY,1,685,168,1.5,22.01,OK
STEADY,4,685,168,1.5,22.03,OK
STEADY,1,686,168,1.5,22.04,OK
STEADY,4,686,170,1.5,22.06,OK
STEADY,1,687,170,1.5,22.07,OK
STEADY,4,687,170,1.5,22.08,OK
STEADY,1,688,170,1.5,22.09,OK
STEADY,3,684,380,1.5,22.00,OK
STEADY,3,685,338,1.5,22.02,OK
STEADY,3,686,296,1.5,22.05,OK
STEADY,3,687,254,1.5,22.08,OK
STEADY,3,688,212,1.5,22.10,OK
STEADY,4,688,170,1.5,22.11,OK
STEADY,1,689,171,1.5,22.12,OK
STEADY,3,689,213,1.5,22.13,OK
STEADY,4,689,171,1.5,22.14,OK
STEADY,1,690,172,1.5,22.15,OK
STEADY,3,690,213,1.5,22.16,OK
STEADY,2,679,466,1.5,22.19,OK
STEADY,2,680,424,1.5,22.19,OK
STEADY,2,681,382,1.5,22.20,OK
STEADY,2,682,340,1.5,22.20,OK
STEADY,2,683,298,1.5,22.20,OK
STEADY,2,684,256,1.5,22.20,OK
STEADY,2,685,214,1.5,22.21,OK
STEADY,2,686,171,1.5,22.21,OK
STEADY,4,690,171,1.5,22.23,OK
STEADY,1,691,171,1.5,22.24,OK
STEADY,3,691,211,1.5,22.25,OK
STEADY,4,691,169,1.5,22.26,OK
STEADY,2,687,169,1.5,22.27,OK
STEADY,1,692,170,1.5,22.28,OK
STEADY,3,692,211,1.5,22.29,OK
STEADY,3,693,169,1.5,22.32,OK
STEADY,2,688,170,1.5,22.30,OK
STEADY,1,693,170,1.5,22.31,OK
STEADY,2,689,166,1.5,22.45,OK
STEADY,1,694,166,1.5,22.35,OK
STEADY,2,690,166,1.5,22.37,OK
STEADY,1,695,167,1.5,22.38,OK
STEADY,2,691,166,1.5,22.40,OK
STEADY,1,696,166,1.5,22.41,OK
STEADY,2,692,166,1.5,22.43,OK
STEADY,1,697,166,1.5,22.43,OK
STEADY,4,692,377,1.5,22.30,OK
STEADY,4,693,334,1.5,22.33,OK
STEADY,4,694,292,1.5,22.36,OK
STEADY,2,693,169,1.5,22.45,OK
STEADY,1,698,169,1.5,22.46,OK
STEADY,1,699,168,1.5,22.48,OK
STEADY,1,700,169,1.5,22.50,OK
STEADY,4,695,375,1.5,22.39,OK
STEADY,4,696,334,1.5,22.42,OK
STEADY,4,697,294,1.5,22.44,OK
STEADY,4,698,252,1.5,22.47,OK
STEADY,4,699,210,1.5,22.49,OK
STEADY,3,694,460,1.5,22.53,OK
STEADY,3,695,418,1.5,22.53,OK
STEADY,3,696,377,1.5,22.53,OK
STEADY,3,697,335,1.5,22.53,OK
STEADY,3,698,295,1.5,22.54,OK
STEADY,3,699,252,1.5,22.54,OK
STEADY,3,700,211,1.5,22.54,OK
STEADY,3,701,169,1.5,22.56,OK
STEADY,1,701,169,1.5,22.58,OK
STEADY,4,700,209,1.5,22.57,OK
STEADY,4,701,166,1.5,22.58,OK
STEADY,1,702,166,1.5,22.59,OK
STEADY,3,702,167,1.5,22.60,OK
STEADY,1,703,167,1.5,22.62,OK
STEADY,3,703,167,1.5,22.63,OK
STEADY,1,704,167,1.5,22.65,OK
STEADY,3,704,167,1.5,22.66,OK
STEADY,4,702,253,1.5,22.61,OK
STEADY,4,703,210,1.5,22.64,OK
STEADY,1,705,170,1.5,22.67,OK
STEADY,3,705,171,1.5,22.68,OK
STEADY,1,706,170,1.5,22.70,OK
STEADY,3,706,170,1.5,22.71,OK
STEADY,2,694,463,1.5,22.74,OK
STEADY,2,695,421,1.5,22.75,OK
STEADY,2,696,380,1.5,22.75,OK
STEADY,2,697,337,1.5,22.75,OK
STEADY,2,698,296,1.5,22.75,OK
STEADY,2,699,253,1.5,22.76,OK
STEADY,2,700,213,1.5,22.76,OK
STEADY,2,701,171,1.5,22.76,OK
STEADY,2,702,170,1.5,21.93,OK
STEADY,1,707,170,1.5,21.94,OK
STEADY,2,703,168,1.5,21.96,OK
STEADY,1,708,169,1.5,21.97,OK
STEADY,2,704,156,1.38,21.99,OK
STEADY,1,709,156,1.38,22.00,OK
STEADY,2,705,166,1.38,22.01,OK
STEADY,1,710,166,1.38,22.02,OK
STEADY,4,704,378,1.5,22.66,OK
STEADY,4,705,337,1.5,22.69,OK
STEADY,4,706,295,1.5,21.92,OK
STEADY,4,707,251,1.5,21.95,OK
STEADY,4,708,209,1.5,21.98,OK
STEADY,4,709,167,1.38,22.00,OK
STEADY,4,710,126,1.38,22.03,OK
STEADY,2,706,126,1.38,22.04,OK
STEADY,2,707,143,1.38,22.07,OK
STEADY,2,708,142,1.38,22.09,OK
STEADY,4,711,208,1.38,22.06,OK
STEADY,4,712,163,1.38,22.08,OK
STEADY,4,713,118,1.38,22.17,OK
STEADY,3,707,420,1.38,22.13,OK
STEADY,3,708,376,1.38,22.14,OK
STEADY,3,709,334,1.38,22.14,OK
STEADY,3,710,293,1.38,22.14,OK
STEADY,3,711,251,1.38,22.14,OK
STEADY,3,712,209,1.38,22.15,OK
STEADY,3,713,163,1.38,22.15,OK
STEADY,3,714,119,1.38,22.15,OK
STEADY,2,709,119,1.38,22.18,OK
STEADY,4,714,121,1.38,22.20,OK
STEADY,1,711,302,1.38,22.05,OK
STEADY,1,712,260,1.38,22.07,OK
STEADY,1,713,214,1.38,22.10,OK
STEADY,1,714,170,1.38,22.19,OK
STEADY,2,710,117,1.38,22.21,OK
STEADY,3,715,132,1.38,22.22,OK
STEADY,1,715,158,1.38,22.22,OK
STEADY,2,711,140,1.38,22.24,OK
STEADY,3,716,140,1.38,22.26,OK
STEADY,4,715,153,1.38,22.23,OK
STEADY,1,716,141,1.38,22.25,OK
STEADY,4,716,112,1.38,22.27,OK
STEADY,2,712,142,1.38,22.28,OK
STEADY,3,717,142,1.38,22.29,OK
STEADY,1,717,156,1.38,22.29,OK
STEADY,1,718,112,1.38,22.32,OK
STEADY,4,717,128,1.38,22.30,OK
STEADY,2,713,113,1.38,22.31,OK
STEADY,3,718,113,1.38,22.33,OK
STEADY,4,718,130,1.38,22.34,OK
STEADY,2,714,130,1.38,22.35,OK
STEADY,1,719,131,1.38,22.36,OK
STEADY,3,719,131,1.38,22.36,OK
STEADY,4,719,136,1.38,22.37,OK
STEADY,2,715,124,1.38,22.38,OK
STEADY,1,720,125,1.38,22.39,OK
STEADY,3,720,125,1.38,22.40,OK
STEADY,4,720,137,1.38,22.41,OK
STEADY,2,716,121,1.38,22.42,OK
STEADY,1,721,122,1.38,22.43,OK
STEADY,3,721,122,1.38,22.43,OK
STEADY,4,721,141,1.38,22.44,OK
STEADY,2,717,121,1.38,22.45,OK
STEADY,1,722,122,1.38,22.46,OK
STEADY,4,722,145,1.38,22.47,OK
STEADY,2,718,163,1.38,22.48,OK
STEADY,4,723,138,1.38,22.50,OK
STEADY,2,719,163,1.38,22.50,OK
STEADY,4,724,171,1.38,22.52,OK
STEADY,2,720,164,1.38,22.53,OK
STEADY,4,725,164,1.38,22.55,OK
STEADY,2,721,165,1.38,22.56,OK
STEADY,4,726,163,1.38,22.58,OK
STEADY,2,722,164,1.38,22.58,OK
STEADY,1,723,368,1.38,22.49,OK
STEADY,1,724,328,1.38,22.51,OK
STEADY,1,725,287,1.38,22.54,OK
STEADY,1,726,247,1.38,22.57,OK
STEADY,1,727,205,1.38,22.59,OK
STEADY,4,727,164,1.38,22.60,OK
STEADY,2,723,164,1.38,22.61,OK
STEADY,3,722,449,1.38,22.65,OK
STEADY,3,723,410,1.38,22.65,OK
STEADY,3,724,369,1.38,22.66,OK
STEADY,3,725,328,1.38,22.66,OK
STEADY,3,726,288,1.38,22.66,OK
STEADY,3,727,246,1.38,22.66,OK
STEADY,3,728,205,1.38,22.66,OK
STEADY,3,729,164,1.38,22.70,OK
STEADY,4,728,165,1.38,22.68,OK
STEADY,2,724,165,1.38,22.69,OK
STEADY,1,728,245,1.38,22.62,OK
STEADY,1,729,205,1.38,22.71,OK
STEADY,4,729,164,1.38,22.72,OK
STEADY,2,725,164,1.38,22.73,OK
STEADY,3,730,164,1.38,22.74,OK
STEADY,1,730,205,1.38,22.73,OK
STEADY,4,730,164,1.38,21.92,OK
STEADY,2,726,164,1.38,21.93,OK
STEADY,3,731,164,1.38,21.95,OK
STEADY,1,731,204,1.38,21.94,OK
STEADY,4,731,164,1.38,21.96,OK
STEADY,2,727,164,1.38,21.97,OK
STEADY,3,732,164,1.38,21.99,OK
STEADY,4,732,162,1.38,22.00,OK
STEADY,2,728,163,1.38,22.00,OK
STEADY,3,733,163,1.38,22.02,OK
STEADY,1,732,244,1.38,21.98,OK
STEADY,1,733,203,1.38,22.01,OK
STEADY,4,733,163,1.38,22.03,OK
STEADY,2,729,163,1.38,22.04,OK
STEADY,3,734,163,1.38,22.06,OK
STEADY,1,734,204,1.38,22.05,OK
STEADY,1,735,164,1.38,22.08,OK
STEADY,4,734,164,1.38,22.07,OK
STEADY,2,730,164,1.38,22.07,OK
STEADY,3,735,165,1.38,22.09,OK
STEADY,4,735,163,1.38,22.10,OK
STEADY,2,731,164,1.38,22.11,OK
STEADY,1,736,164,1.38,22.12,OK
STEADY,3,736,164,1.38,22.13,OK
STEADY,4,736,163,1.38,22.14,OK
STEADY,2,732,164,1.38,22.14,OK
STEADY,3,737,164,1.38,22.16,OK
STEADY,4,737,165,1.38,22.17,OK
STEADY,2,733,166,1.38,22.18,OK
STEADY,3,738,165,1.38,22.20,OK
STEADY,1,737,245,1.38,22.15,OK
STEADY,1,738,206,1.38,22.19,OK
STEADY,1,739,164,1.38,22.22,OK
STEADY,4,738,164,1.38,22.21,OK
STEADY,2,734,164,1.38,22.21,OK
STEADY,3,739,164,1.38,22.23,OK
STEADY,4,739,163,1.38,22.24,OK
STEADY,2,735,164,1.38,22.25,OK
STEADY,1,740,164,1.38,22.26,OK
STEADY,3,740,164,1.38,22.27,OK
STEADY,4,740,163,1.38,22.28,OK
STEADY,2,736,164,1.38,22.28,OK
STEADY,1,741,164,1.38,22.29,OK
STEADY,3,741,164,1.38,22.30,OK
STEADY,4,741,164,1.38,22.31,OK
STEADY,2,737,164,1.38,22.32,OK
STEADY,3,742,164,1.38,22.34,OK
STEADY,1,742,204,1.38,22.33,OK
STEADY,1,743,164,1.38,22.36,OK
STEADY,4,742,164,1.38,22.35,OK
STEADY,2,738,164,1.38,22.36,OK
STEADY,3,743,165,1.38,22.37,OK
STEADY,4,743,164,1.38,22.38,OK
STEADY,2,739,164,1.38,22.39,OK
STEADY,1,744,164,1.38,22.40,OK
STEADY,3,744,164,1.38,22.41,OK
STEADY,4,744,165,1.38,22.42,OK
STEADY,2,740,165,1.38,22.43,OK
STEADY,3,745,165,1.38,22.44,OK
STEADY,4,745,163,1.38,22.45,OK
STEADY,1,745,206,1.38,22.43,OK
STEADY,2,741,164,1.38,22.46,OK
STEADY,3,746,164,1.38,22.48,OK
STEADY,1,746,204,1.38,22.47,OK
STEADY,1,747,164,1.38,22.50,OK
STEADY,4,746,164,1.38,22.49,OK
STEADY,2,742,164,1.38,22.50,OK
STEADY,3,747,165,1.38,22.51,OK
STEADY,4,747,163,1.38,22.52,OK
STEADY,2,743,164,1.38,22.53,OK
STEADY,1,748,164,1.38,22.54,OK
STEADY,3,748,164,1.38,22.55,OK
STEADY,4,748,163,1.38,22.56,OK
STEADY,2,744,164,1.38,22.57,OK
STEADY,1,749,164,1.38,22.57,OK
STEADY,3,749,164,1.38,22.58,OK
STEADY,4,749,163,1.38,22.59,OK
STEADY,2,745,164,1.38,22.60,OK
STEADY,1,750,164,1.38,22.61,OK
STEADY,3,750,164,1.38,22.62,OK
STEADY,4,750,163,1.38,22.63,OK
STEADY,2,746,164,1.38,22.64,OK
STEADY,1,751,164,1.38,22.64,OK
STEADY,3,751,164,1.38,22.65,OK
STEADY,4,751,165,1.38,22.66,OK
STEADY,2,747,165,1.38,22.67,OK
STEADY,1,752,165,1.38,22.68,OK
STEADY,3,752,165,1.38,22.69,OK
STEADY,4,752,163,1.38,22.70,OK
STEADY,2,748,164,1.38,22.71,OK
STEADY,1,753,164,1.38,22.71,OK
STEADY,3,753,164,1.38,22.72,OK
STEADY,4,753,164,1.38,21.93,OK
STEADY,2,749,164,1.38,21.93,OK
STEADY,1,754,164,1.38,21.94,OK
STEADY,3,754,164,1.38,21.95,OK
STEADY,4,754,164,1.38,21.96,OK
STEADY,2,750,164,1.38,21.97,OK
STEADY,1,755,164,1.38,21.98,OK
STEADY,3,755,164,1.38,21.99,OK
STEADY,4,755,163,1.38,22.00,OK
STEADY,2,751,164,1.38,22.00,OK
STEADY,1,756,164,1.38,22.01,OK
STEADY,3,756,164,1.38,22.02,OK
STEADY,4,756,163,1.38,22.03,OK
STEADY,2,752,164,1.38,22.04,OK
STEADY,1,757,164,1.38,22.05,OK
STEADY,3,757,164,1.38,22.06,OK
STEADY,4,757,163,1.38,22.07,OK
STEADY,2,753,164,1.38,22.07,OK
STEADY,1,758,164,1.38,22.08,OK
STEADY,3,758,164,1.38,22.09,OK
STEADY,4,758,163,1.38,22.10,OK
STEADY,2,754,164,1.38,22.11,OK
STEADY,1,759,164,1.38,22.12,OK
STEADY,3,759,164,1.38,22.13,OK
STEADY,4,759,163,1.38,22.14,OK
STEADY,2,755,164,1.38,22.14,OK
STEADY,1,760,164,1.38,22.15,OK
STEADY,3,760,164,1.38,22.16,OK
STEADY,4,760,163,1.38,22.17,OK
STEADY,2,756,164,1.38,22.18,OK
STEADY,1,761,164,1.38,22.19,OK
STEADY,3,761,164,1.38,22.20,OK
STEADY,4,761,163,1.38,22.21,OK
STEADY,2,757,164,1.38,22.21,OK
STEADY,1,762,164,1.38,22.22,OK
STEADY,3,762,164,1.38,22.23,OK
STEADY,4,762,163,1.38,22.24,OK
STEADY,2,758,164,1.38,22.25,OK
STEADY,1,763,164,1.38,22.26,OK
STEADY,3,763,164,1.38,22.27,OK
STEADY,1,764,163,1.38,22.28,OK
STEADY,3,764,164,1.38,22.29,OK
STEADY,1,765,163,1.38,22.31,OK
STEADY,3,765,164,1.38,22.32,OK
STEADY,1,766,163,1.38,22.34,OK
STEADY,3,766,164,1.38,22.35,OK
STEADY,1,767,163,1.38,22.36,OK
STEADY,1,768,164,1.38,22.39,OK
STEADY,2,759,370,1.38,22.28,OK
STEADY,2,760,329,1.38,22.30,OK
STEADY,2,761,288,1.38,22.33,OK
STEADY,2,762,247,1.38,22.35,OK
STEADY,2,763,206,1.38,22.38,OK
STEADY,1,769,166,1.38,22.42,OK
STEADY,2,764,207,1.38,22.41,OK
STEADY,1,770,166,1.38,22.44,OK
STEADY,2,765,208,1.38,22.43,OK
STEADY,1,771,168,1.38,22.47,OK
STEADY,2,766,209,1.38,22.46,OK
STEADY,3,767,373,1.38,22.37,OK
STEADY,3,768,332,1.38,22.40,OK
STEADY,3,769,291,1.38,22.42,OK
STEADY,3,770,250,1.38,22.45,OK
STEADY,3,771,210,1.38,22.48,OK
STEADY,4,763,498,1.38,22.51,OK
STEADY,4,764,456,1.38,22.52,OK
STEADY,4,765,415,1.38,22.52,OK
STEADY,4,766,374,1.38,22.52,OK
STEADY,4,767,334,1.38,22.52,OK
STEADY,4,768,292,1.38,22.52,OK
STEADY,4,769,251,1.38,22.53,OK
STEADY,4,770,212,1.38,22.53,OK
STEADY,4,771,170,1.38,22.55,OK
STEADY,1,772,170,1.38,22.57,OK
STEADY,2,767,209,1.38,22.56,OK
STEADY,2,768,168,1.38,22.59,OK
STEADY,3,772,210,1.38,22.57,OK
STEADY,4,772,168,1.38,22.58,OK
STEADY,1,773,168,1.38,22.60,OK
STEADY,3,773,210,1.38,22.61,OK
STEADY,2,769,168,1.38,22.63,OK
STEADY,1,774,168,1.38,22.64,OK
STEADY,3,774,210,1.38,22.64,OK
STEADY,2,770,168,1.38,22.66,OK
STEADY,1,775,168,1.38,22.67,OK
STEADY,3,775,210,1.38,22.68,OK
STEADY,3,776,168,1.38,22.72,OK
STEADY,4,773,253,1.38,22.62,OK
STEADY,4,774,211,1.38,22.65,OK
STEADY,4,775,169,1.38,22.69,OK
STEADY,2,771,169,1.38,22.70,OK
STEADY,1,776,169,1.38,22.71,OK
STEADY,4,776,167,1.38,21.93,OK
STEADY,2,772,168,1.38,21.93,OK
STEADY,1,777,168,1.38,21.94,OK
STEADY,3,777,168,1.38,21.95,OK
STEADY,4,777,168,1.38,21.96,OK
STEADY,2,773,168,1.38,21.97,OK
STEADY,1,778,168,1.38,21.98,OK
STEADY,3,778,168,1.38,21.99,OK
STEADY,4,778,169,1.38,22.00,OK
STEADY,2,774,170,1.38,22.00,OK
STEADY,3,779,170,1.38,22.02,OK
STEADY,4,779,170,1.38,22.03,OK
STEADY,2,775,170,1.38,22.04,OK
STEADY,3,780,169,1.38,22.06,OK
STEADY,4,780,169,1.38,22.07,OK
STEADY,2,776,170,1.38,22.07,OK
STEADY,4,781,169,1.38,22.10,OK
STEADY,2,777,170,1.38,22.11,OK
STEADY,4,782,165,1.38,22.14,OK
STEADY,2,778,166,1.38,22.14,OK
STEADY,1,779,377,1.38,22.01,OK
STEADY,1,780,334,1.38,22.05,OK
STEADY,1,781,294,1.38,22.08,OK
STEADY,1,782,252,1.38,22.12,OK
STEADY,1,783,208,1.38,22.15,OK
STEADY,4,783,166,1.38,22.17,OK
STEADY,2,779,166,1.38,22.18,OK
STEADY,4,784,165,1.38,22.21,OK
STEADY,2,780,166,1.38,22.21,OK
STEADY,1,784,249,1.38,22.19,OK
STEADY,1,785,207,1.38,22.22,OK
STEADY,3,781,378,1.38,22.09,OK
STEADY,3,782,336,1.38,22.13,OK
STEADY,4,785,167,1.38,22.24,OK
STEADY,2,781,167,1.38,22.25,OK
STEADY,1,786,208,1.38,22.26,OK
STEADY,4,786,168,1.38,22.28,OK
STEADY,2,782,168,1.38,22.28,OK
STEADY,3,783,373,1.38,22.16,OK
STEADY,3,784,331,1.38,22.20,OK
STEADY,3,785,289,1.38,22.23,OK
STEADY,1,787,208,1.38,22.29,OK
STEADY,4,787,165,1.38,22.31,OK
STEADY,2,783,166,1.38,22.32,OK
STEADY,3,786,290,1.38,22.27,OK
STEADY,3,787,250,1.38,22.30,OK
STEADY,3,788,207,1.38,22.34,OK
STEADY,4,788,165,1.38,22.35,OK
STEADY,2,784,166,1.38,22.35,OK
STEADY,3,789,207,1.38,22.37,OK
STEADY,3,790,165,1.38,22.41,OK
STEADY,1,788,249,1.38,22.33,OK
STEADY,1,789,208,1.38,22.36,OK
STEADY,4,789,166,1.38,22.38,OK
STEADY,2,785,166,1.38,22.39,OK
STEADY,1,790,207,1.38,22.40,OK
STEADY,1,791,167,1.38,22.43,OK
STEADY,4,790,167,1.38,22.42,OK
STEADY,2,786,167,1.38,22.43,OK
STEADY,4,791,168,1.38,22.44,OK
STEADY,1,792,208,1.38,22.46,OK
STEADY,4,792,167,1.38,22.47,OK
STEADY,1,793,210,1.38,22.49,OK
STEADY,4,793,168,1.38,22.50,OK
STEADY,1,794,210,1.38,22.51,OK
STEADY,1,795,167,1.38,22.53,OK
STEADY,4,794,168,1.38,22.52,OK
STEADY,4,795,167,1.38,22.54,OK
STEADY,1,796,167,1.38,22.55,OK
STEADY,2,787,377,1.38,22.45,OK
STEADY,2,788,336,1.38,22.48,OK
STEADY,2,789,294,1.38,22.50,OK
STEADY,4,796,170,1.38,22.56,OK
STEADY,1,797,169,1.38,22.57,OK
STEADY,4,797,167,1.38,22.57,OK
STEADY,3,791,460,1.38,22.62,OK
STEADY,3,792,420,1.38,22.62,OK
STEADY,3,793,378,1.38,22.62,OK
STEADY,3,794,336,1.38,22.63,OK
STEADY,3,795,293,1.38,22.63,OK
STEADY,3,796,251,1.38,22.63,OK
STEADY,3,797,212,1.38,22.63,OK
STEADY,3,798,169,1.38,22.63,OK
STEADY,1,798,207,1.38,22.58,OK
STEADY,1,799,164,1.38,22.66,OK
STEADY,4,798,166,1.38,22.65,OK
STEADY,3,799,165,1.38,22.67,OK
STEADY,4,799,165,1.38,22.68,OK
STEADY,1,800,166,1.38,22.69,OK
STEADY,3,800,166,1.38,22.70,OK
STEADY,4,800,165,1.38,22.71,OK
STEADY,1,801,166,1.38,22.72,OK
STEADY,3,801,207,1.38,22.72,OK
STEADY,3,802,165,1.38,22.00,OK
STEADY,2,790,459,1.38,21.95,OK
STEADY,2,791,417,1.38,21.95,OK
STEADY,2,792,377,1.38,21.96,OK
STEADY,2,793,334,1.38,21.96,OK
STEADY,2,794,291,1.38,21.96,OK
STEADY,2,795,250,1.38,21.96,OK
STEADY,2,796,208,1.38,21.96,OK
STEADY,2,797,166,1.38,21.97,OK
STEADY,4,801,167,1.38,21.99,OK
STEADY,1,802,167,1.38,22.00,OK
STEADY,4,802,168,1.38,22.01,OK
STEADY,1,803,167,1.38,22.03,OK
STEADY,3,803,168,1.38,22.04,OK
STEADY,4,803,168,1.38,22.05,OK
STEADY,1,804,169,1.38,22.07,OK
STEADY,3,804,169,1.38,22.07,OK
STEADY,4,804,168,1.38,22.08,OK
STEADY,1,805,169,1.38,22.10,OK
STEADY,3,805,169,1.38,22.11,OK
STEADY,2,798,294,1.38,22.02,OK
STEADY,2,799,252,1.38,22.06,OK
STEADY,2,800,211,1.38,22.09,OK
STEADY,2,801,169,1.38,22.13,OK
STEADY,4,805,169,1.38,22.12,OK
STEADY,1,806,169,1.38,22.14,OK
STEADY,3,806,168,1.38,22.14,OK
STEADY,4,806,170,1.38,22.15,OK
STEADY,2,802,170,1.38,22.16,OK
STEADY,1,807,171,1.38,22.17,OK
STEADY,3,807,171,1.38,22.18,OK
STEADY,4,807,170,1.38,22.19,OK
STEADY,2,803,170,1.38,22.20,OK
STEADY,1,808,170,1.38,22.21,OK
STEADY,3,808,170,1.38,22.22,OK
STEADY,4,808,169,1.38,22.22,OK
STEADY,2,804,169,1.38,22.23,OK
STEADY,1,809,170,1.38,22.24,OK
STEADY,3,809,170,1.38,22.25,OK
STEADY,4,809,169,1.38,22.26,OK
STEADY,2,805,169,1.38,22.27,OK
STEADY,1,810,169,1.38,22.28,OK
STEADY,3,810,170,1.38,22.29,OK
STEADY,4,810,168,1.38,22.29,OK
STEADY,2,806,168,1.38,22.30,OK
STEADY,1,811,168,1.38,22.31,OK
STEADY,3,811,168,1.38,22.32,OK
STEADY,4,811,168,1.38,22.33,OK
STEADY,2,807,167,1.38,22.34,OK
STEADY,1,812,167,1.38,22.35,OK
STEADY,3,812,167,1.38,22.36,OK
STEADY,4,812,168,1.38,22.36,OK
STEADY,2,808,168,1.38,22.37,OK
STEADY,1,813,168,1.38,22.38,OK
STEADY,3,813,168,1.38,22.39,OK
STEADY,4,813,168,1.38,22.40,OK
STEADY,2,809,168,1.38,22.41,OK
STEADY,1,814,168,1.38,22.42,OK
STEADY,3,814,168,1.38,22.43,OK
STEADY,4,814,166,1.38,22.43,OK
STEADY,2,810,166,1.38,22.44,OK
STEADY,1,815,166,1.38,22.45,OK
STEADY,3,815,167,1.38,22.46,OK
STEADY,4,815,165,1.38,22.47,OK
STEADY,2,811,165,1.38,22.48,OK
STEADY,1,816,166,1.38,22.49,OK
STEADY,3,816,166,1.38,22.50,OK
STEADY,2,812,164,1.38,22.50,OK
STEADY,1,817,164,1.38,22.51,OK
STEADY,3,817,165,1.38,22.52,OK
STEADY,2,813,163,1.38,22.53,OK
STEADY,1,818,163,1.38,22.54,OK
STEADY,3,818,163,1.38,22.55,OK
STEADY,2,814,164,1.38,22.56,OK
STEADY,1,819,164,1.38,22.57,OK
STEADY,3,819,165,1.38,22.57,OK
STEADY,2,815,164,1.38,22.58,OK
STEADY,1,820,164,1.38,22.59,OK
STEADY,3,820,164,1.38,22.60,OK
STEADY,2,816,164,1.38,22.61,OK
STEADY,1,821,164,1.38,22.62,OK
STEADY,3,821,164,1.38,22.63,OK
STEADY,2,817,164,1.38,22.64,OK
STEADY,1,822,164,1.38,22.64,OK
STEADY,3,822,164,1.38,22.65,OK
STEADY,2,818,164,1.38,22.66,OK
STEADY,1,823,164,1.38,22.67,OK
STEADY,3,823,164,1.38,22.68,OK
STEADY,4,816,451,1.38,22.71,OK
STEADY,4,817,409,1.38,22.72,OK
STEADY,4,818,369,1.38,22.72,OK
STEADY,4,819,328,1.38,22.72,OK
STEADY,4,820,287,1.38,22.72,OK
STEADY,4,821,247,1.38,22.73,OK
STEADY,4,822,206,1.38,22.73,OK
STEADY,4,823,165,1.38,22.73,OK
STEADY,2,819,165,1.38,22.75,OK
STEADY,1,824,165,1.38,22.76,OK
STEADY,3,824,165,1.38,22.77,OK
STEADY,4,824,164,1.38,21.93,OK
STEADY,2,820,164,1.38,21.93,OK
STEADY,1,825,164,1.38,21.94,OK
STEADY,3,825,164,1.38,21.95,OK
STEADY,4,825,163,1.38,21.96,OK
STEADY,2,821,163,1.38,21.97,OK
STEADY,1,826,163,1.38,21.98,OK
STEADY,3,826,164,1.38,21.99,OK
STEADY,2,822,164,1.38,22.00,OK
STEADY,1,827,164,1.38,22.01,OK
STEADY,3,827,164,1.38,22.02,OK
STEADY,4,826,205,1.38,22.00,OK
STEADY,4,827,163,1.38,22.03,OK
STEADY,2,823,163,1.38,22.04,OK
STEADY,1,828,164,1.38,22.05,OK
STEADY,3,828,164,1.38,22.06,OK
STEADY,4,828,164,1.27,22.07,OK
STEADY,2,824,164,1.27,22.07,OK
STEADY,1,829,165,1.27,22.08,OK
STEADY,3,829,165,1.27,22.09,OK
STEADY,4,829,165,1.27,22.10,OK
STEADY,2,825,165,1.27,22.11,OK
STEADY,1,830,165,1.27,22.12,OK
STEADY,3,830,166,1.27,22.13,OK
STEADY,4,830,164,1.27,22.14,OK
STEADY,2,826,164,1.27,22.14,OK
STEADY,1,831,164,1.27,22.15,OK
STEADY,3,831,164,1.27,22.16,OK
STEADY,2,827,164,1.27,22.17,OK
STEADY,1,832,164,1.27,22.18,OK
STEADY,3,832,165,1.27,22.19,OK
STEADY,2,828,164,1.27,22.20,OK
STEADY,1,833,164,1.27,22.21,OK
STEADY,3,833,164,1.27,22.21,OK
STEADY,2,829,164,1.27,22.22,OK
STEADY,1,834,164,1.27,22.23,OK
STEADY,3,834,164,1.27,22.24,OK
STEADY,2,830,164,1.27,22.25,OK
STEADY,1,835,164,1.27,22.26,OK
STEADY,3,835,164,1.27,22.27,OK
STEADY,2,831,164,1.27,22.28,OK
STEADY,1,836,164,1.27,22.28,OK
STEADY,3,836,164,1.27,22.29,OK
STEADY,2,832,164,1.27,22.30,OK
STEADY,1,837,164,1.27,22.31,OK
STEADY,3,837,164,1.27,22.32,OK
STEADY,2,833,164,1.27,22.33,OK
STEADY,1,838,164,1.27,22.34,OK
STEADY,3,838,164,1.27,22.35,OK
STEADY,2,834,164,1.27,22.35,OK
STEADY,1,839,164,1.27,22.36,OK
STEADY,3,839,164,1.27,22.37,OK
STEADY,2,835,164,1.27,22.38,OK
STEADY,1,840,164,1.27,22.39,OK
STEADY,3,840,165,1.27,22.40,OK
STEADY,4,831,533,1.27,22.44,OK
STEADY,4,832,492,1.27,22.44,OK
STEADY,4,833,451,1.27,22.45,OK
STEADY,4,834,411,1.27,22.45,OK
STEADY,4,835,370,1.27,22.45,OK
STEADY,4,836,329,1.27,22.45,OK
STEADY,4,837,288,1.27,22.45,OK
STEADY,4,838,247,1.27,22.46,OK
STEADY,4,839,206,1.27,22.46,OK
STEADY,4,840,165,1.27,22.46,OK
STEADY,2,836,166,1.27,22.48,OK
STEADY,1,841,166,1.27,22.49,OK
STEADY,3,841,166,1.27,22.50,OK
STEADY,4,841,164,1.27,22.51,OK
STEADY,2,837,164,1.27,22.52,OK
STEADY,1,842,165,1.27,22.53,OK
STEADY,3,842,165,1.27,22.54,OK
STEADY,4,842,164,1.27,22.55,OK
STEADY,2,838,164,1.27,22.55,OK
STEADY,1,843,164,1.27,22.56,OK
STEADY,3,843,164,1.27,22.57,OK
STEADY,4,843,164,1.27,22.58,OK
STEADY,2,839,164,1.27,22.59,OK
STEADY,1,844,165,1.27,22.60,OK
STEADY,3,844,165,1.27,22.61,OK
STEADY,4,844,163,1.27,22.62,OK
STEADY,2,840,163,1.27,22.62,OK
STEADY,1,845,163,1.27,22.63,OK
STEADY,3,845,163,1.27,22.64,OK
STEADY,4,845,164,1.27,22.65,OK
STEADY,2,841,164,1.27,22.66,OK
STEADY,1,846,164,1.27,22.67,OK
STEADY,3,846,165,1.27,22.68,OK
STEADY,4,846,164,1.27,22.69,OK
STEADY,2,842,164,1.27,22.69,OK
STEADY,1,847,164,1.27,22.70,OK
STEADY,3,847,165,1.27,22.71,OK
STEADY,4,847,164,1.27,22.72,OK
STEADY,2,843,164,1.27,22.73,OK
STEADY,1,848,164,1.27,22.74,OK
STEADY,3,848,164,1.27,22.75,OK
STEADY,4,848,164,1.27,21.93,OK
STEADY,2,844,164,1.27,21.93,OK
STEADY,1,849,164,1.27,21.94,OK
STEADY,3,849,164,1.27,21.95,OK
STEADY,4,849,164,1.27,21.96,OK
STEADY,2,845,164,1.27,21.97,OK
STEADY,1,850,164,1.27,21.98,OK
STEADY,3,850,164,1.27,21.99,OK
STEADY,4,850,164,1.27,22.00,OK
STEADY,2,846,164,1.27,22.00,OK
STEADY,1,851,164,1.27,22.01,OK
STEADY,3,851,164,1.27,22.02,OK
STEADY,4,851,164,1.27,22.03,OK
STEADY,2,847,164,1.27,22.04,OK
STEADY,1,852,164,1.27,22.05,OK
STEADY,3,852,165,1.27,22.06,OK
STEADY,4,852,164,1.27,22.07,OK
STEADY,2,848,164,1.27,22.07,OK
STEADY,1,853,165,1.27,22.08,OK
STEADY,3,853,165,1.27,22.09,OK
STEADY,4,853,164,1.27,22.10,OK
STEADY,2,849,164,1.27,22.11,OK
STEADY,1,854,165,1.27,22.12,OK
STEADY,3,854,165,1.27,22.13,OK
STEADY,4,854,164,1.27,22.14,OK
STEADY,2,850,164,1.27,22.14,OK
STEADY,1,855,164,1.27,22.15,OK
STEADY,3,855,165,1.27,22.16,OK
STEADY,4,855,164,1.27,22.17,OK
STEADY,2,851,164,1.27,22.18,OK
STEADY,1,856,165,1.27,22.19,OK
STEADY,3,856,165,1.27,22.20,OK
STEADY,4,856,164,1.27,22.21,OK
STEADY,2,852,164,1.27,22.22,OK
STEADY,1,857,164,1.27,22.22,OK
STEADY,3,857,165,1.27,22.23,OK
STEADY,4,857,164,1.27,22.24,OK
STEADY,2,853,164,1.27,22.25,OK
STEADY,1,858,164,1.27,22.26,OK
STEADY,3,858,165,1.27,22.27,OK
STEADY,4,858,164,1.27,22.28,OK
STEADY,2,854,164,1.27,22.29,OK
STEADY,1,859,164,1.27,22.29,OK
STEADY,4,859,164,1.27,22.30,OK
STEADY,2,855,164,1.27,22.31,OK
STEADY,1,860,164,1.27,22.32,OK
STEADY,4,860,164,1.27,22.33,OK
STEADY,2,856,164,1.27,22.34,OK
STEADY,1,861,164,1.27,22.35,OK
STEADY,4,861,164,1.27,22.36,OK
STEADY,2,857,164,1.27,22.36,OK
STEADY,1,862,164,1.27,22.37,OK
STEADY,4,862,164,1.27,22.38,OK
STEADY,2,858,164,1.27,22.39,OK
STEADY,4,863,163,1.27,22.40,OK
STEADY,2,859,164,1.27,22.41,OK
STEADY,4,864,162,1.27,22.42,OK
STEADY,2,860,162,1.27,22.43,OK
STEADY,3,859,422,1.27,22.46,OK
STEADY,3,860,381,1.27,22.46,OK
STEADY,3,861,341,1.27,22.46,OK
STEADY,3,862,300,1.27,22.46,OK
STEADY,3,863,259,1.27,22.47,OK
STEADY,3,864,218,1.27,22.47,OK
STEADY,3,865,177,1.27,22.47,OK
STEADY,3,866,136,1.27,22.51,OK
STEADY,4,865,136,1.27,22.49,OK
STEADY,2,861,136,1.27,22.50,OK
STEADY,4,866,136,1.27,22.52,OK
STEADY,2,862,136,1.27,22.52,OK
STEADY,3,867,137,1.27,22.53,OK
STEADY,4,867,123,1.27,22.54,OK
STEADY,2,863,123,1.27,22.55,OK
STEADY,4,868,126,1.27,22.57,OK
STEADY,3,868,183,1.27,22.56,OK
STEADY,3,869,132,1.27,22.59,OK
STEADY,2,864,132,1.27,22.58,OK
STEADY,1,863,389,1.27,22.62,OK
STEADY,1,864,348,1.27,22.62,OK
STEADY,1,865,307,1.27,22.62,OK
STEADY,1,866,266,1.27,22.62,OK
STEADY,1,867,225,1.27,22.63,OK
STEADY,1,868,184,1.27,22.63,OK
STEADY,1,869,133,1.27,22.63,OK
STEADY,4,869,128,1.27,22.66,OK
STEADY,2,865,132,1.27,22.67,OK
STEADY,1,870,132,1.27,22.68,OK
STEADY,3,870,133,1.27,22.69,OK
STEADY,4,870,126,1.27,22.69,OK
STEADY,2,866,126,1.27,22.70,OK
STEADY,1,871,126,1.27,22.71,OK
STEADY,3,871,126,1.27,22.72,OK
STEADY,4,871,126,1.27,22.73,OK
STEADY,2,867,126,1.27,21.94,OK
STEADY,1,872,126,1.27,21.94,OK
STEADY,3,872,126,1.27,21.95,OK
STEADY,4,872,126,1.27,21.96,OK
STEADY,2,868,126,1.27,21.97,OK
STEADY,1,873,126,1.27,21.98,OK
STEADY,3,873,126,1.27,21.99,OK
STEADY,4,873,126,1.27,22.00,OK
STEADY,2,869,130,1.27,22.01,OK
STEADY,1,874,130,1.27,22.02,OK
STEADY,3,874,130,1.27,22.02,OK
STEADY,4,874,126,1.27,22.03,OK
STEADY,2,870,132,1.27,22.04,OK
STEADY,1,875,132,1.27,22.05,OK
STEADY,3,875,132,1.27,22.06,OK
STEADY,4,875,126,1.27,22.07,OK
STEADY,2,871,130,1.27,22.08,OK
STEADY,1,876,131,1.27,22.09,OK
STEADY,3,876,131,1.27,22.09,OK
STEADY,4,876,124,1.27,22.10,OK
STEADY,2,872,135,1.27,22.11,OK
STEADY,1,877,134,1.27,22.12,OK
STEADY,3,877,134,1.27,22.13,OK
STEADY,4,877,126,1.27,22.14,OK
STEADY,2,873,136,1.27,22.15,OK
STEADY,1,878,136,1.27,22.16,OK
STEADY,3,878,137,1.27,22.16,OK
STEADY,4,878,126,1.27,22.17,OK
STEADY,2,874,138,1.27,22.18,OK
STEADY,1,879,138,1.27,22.19,OK
STEADY,3,879,139,1.27,22.20,OK
STEADY,4,879,138,1.27,22.21,OK
STEADY,2,875,108,1.27,22.22,OK
STEADY,1,880,108,1.27,22.23,OK
STEADY,3,880,109,1.27,22.23,OK
STEADY,4,880,136,1.27,22.24,OK
STEADY,2,876,130,1.27,22.25,OK
STEADY,1,881,131,1.27,22.26,OK
STEADY,3,881,131,1.27,22.27,OK
STEADY,4,881,123,1.27,22.28,OK
STEADY,2,877,128,1.27,22.29,OK
STEADY,1,882,128,1.27,22.30,OK
STEADY,3,882,129,1.27,22.31,OK
STEADY,4,882,130,1.27,22.31,OK
STEADY,2,878,126,1.27,22.32,OK
STEADY,1,883,127,1.27,22.33,OK
STEADY,3,883,127,1.27,22.34,OK
STEADY,4,883,130,1.27,22.35,OK
STEADY,2,879,125,1.27,22.36,OK
STEADY,1,884,125,1.27,22.37,OK
STEADY,3,884,126,1.27,22.38,OK
STEADY,4,884,130,1.27,22.38,OK
STEADY,2,880,126,1.27,22.39,OK
STEADY,1,885,126,1.27,22.40,OK
STEADY,3,885,127,1.27,22.41,OK
STEADY,4,885,130,1.27,22.42,OK
STEADY,2,881,126,1.27,22.43,OK
STEADY,1,886,126,1.27,22.44,OK
STEADY,3,886,125,1.27,22.45,OK
STEADY,4,886,131,1.27,22.45,OK
STEADY,2,882,125,1.27,22.46,OK
STEADY,1,887,125,1.27,22.47,OK
STEADY,3,887,125,1.27,22.48,OK
STEADY,4,887,130,1.27,22.49,OK
STEADY,2,883,126,1.27,22.50,OK
STEADY,1,888,127,1.27,22.51,OK
STEADY,3,888,127,1.27,22.52,OK
STEADY,4,888,128,1.27,22.52,OK
STEADY,2,884,126,1.27,22.53,OK
STEADY,3,889,127,1.27,22.54,OK
STEADY,4,889,130,1.27,22.55,OK
STEADY,2,885,128,1.27,22.56,OK
STEADY,3,890,128,1.27,22.57,OK
STEADY,4,890,131,1.27,22.58,OK
STEADY,2,886,126,1.27,22.59,OK
STEADY,3,891,126,1.27,22.59,OK
STEADY,4,891,133,1.27,22.60,OK
STEADY,2,887,124,1.27,22.61,OK
STEADY,3,892,124,1.27,22.62,OK
STEADY,4,892,133,1.27,22.63,OK
STEADY,2,888,124,1.27,22.64,OK
STEADY,3,893,124,1.27,22.65,OK
STEADY,4,893,133,1.27,22.66,OK
STEADY,2,889,133,1.27,22.67,OK
STEADY,3,894,132,1.27,22.67,OK
STEADY,4,894,104,1.27,22.68,OK
STEADY,1,889,387,1.27,22.71,OK
STEADY,1,890,347,1.27,22.72,OK
STEADY,1,891,303,1.27,22.72,OK
STEADY,1,892,261,1.27,22.72,OK
STEADY,1,893,219,1.27,22.72,OK
STEADY,1,894,178,1.27,22.73,OK
STEADY,1,895,137,1.27,22.73,OK
STEADY,2,890,137,1.27,22.75,OK
STEADY,3,895,138,1.27,22.76,OK
STEADY,4,895,132,1.27,21.94,OK
STEADY,2,891,125,1.27,21.94,OK
STEADY,1,896,125,1.27,21.95,OK
STEADY,3,896,125,1.27,21.96,OK
STEADY,4,896,129,1.27,21.97,OK
STEADY,2,892,133,1.27,21.98,OK
STEADY,1,897,133,1.27,21.99,OK
STEADY,3,897,133,1.27,22.00,OK
STEADY,4,897,127,1.27,22.01,OK
STEADY,2,893,133,1.27,22.02,OK
STEADY,1,898,133,1.27,22.02,OK
STEADY,3,898,133,1.27,22.03,OK
STEADY,4,898,125,1.27,22.04,OK
STEADY,2,894,133,1.27,22.05,OK
STEADY,1,899,133,1.27,22.06,OK
STEADY,3,899,133,1.27,22.07,OK
STEADY,4,899,126,1.27,22.08,OK
STEADY,2,895,130,1.27,22.09,OK
STEADY,1,900,130,1.27,22.09,OK
STEADY,3,900,131,1.27,22.10,OK
STEADY,4,900,126,1.27,22.14,OK
STEADY,2,896,130,1.27,22.15,OK
STEADY,1,901,131,1.27,22.15,OK
STEADY,3,901,131,1.27,22.16,OK
STEADY,4,901,124,1.27,22.17,OK
STEADY,2,897,132,1.27,22.18,OK
STEADY,1,902,132,1.27,22.19,OK
STEADY,3,902,133,1.27,22.20,OK
STEADY,4,902,126,1.27,22.21,OK
STEADY,2,898,132,1.27,22.22,OK
STEADY,1,903,132,1.27,22.22,OK
STEADY,3,903,132,1.27,22.23,OK
STEADY,4,903,126,1.27,22.24,OK
STEADY,2,899,130,1.27,22.25,OK
STEADY,1,904,130,1.27,22.26,OK
STEADY,3,904,131,1.27,22.27,OK
STEADY,4,904,128,1.27,22.28,OK
STEADY,2,900,126,1.27,22.29,OK
STEADY,1,905,126,1.27,22.29,OK
STEADY,3,905,127,1.27,22.30,OK
STEADY,4,905,126,1.27,22.31,OK
STEADY,2,901,128,1.27,22.32,OK
STEADY,1,906,128,1.27,22.33,OK
STEADY,4,906,126,1.27,22.34,OK
STEADY,2,902,132,1.27,22.35,OK
STEADY,1,907,132,1.27,22.36,OK
STEADY,4,907,126,1.27,22.36,OK
STEADY,2,903,134,1.27,22.37,OK
STEADY,1,908,134,1.27,22.38,OK
STEADY,4,908,136,1.27,22.39,OK
STEADY,2,904,108,1.27,22.40,OK
STEADY,1,909,108,1.27,22.41,OK
STEADY,4,909,135,1.27,22.42,OK
STEADY,2,905,129,1.27,22.43,OK
STEADY,1,910,130,1.27,22.44,OK
STEADY,4,910,122,1.27,22.44,OK
STEADY,2,906,130,1.27,22.45,OK
STEADY,1,911,130,1.27,22.46,OK
STEADY,4,911,135,1.27,22.47,OK
STEADY,3,906,368,1.27,22.50,OK
STEADY,3,907,326,1.27,22.50,OK
STEADY,3,908,284,1.27,22.50,OK
STEADY,3,909,240,1.27,22.51,OK
STEADY,3,910,194,1.27,22.51,OK
STEADY,3,911,150,1.27,22.51,OK
STEADY,2,907,128,1.27,22.53,OK
STEADY,1,912,128,1.27,22.53,OK
STEADY,3,912,128,1.27,22.54,OK
STEADY,4,912,141,1.27,22.55,OK
STEADY,2,908,127,1.27,22.56,OK
STEADY,1,913,127,1.27,22.57,OK
STEADY,3,913,127,1.27,22.58,OK
STEADY,2,909,121,1.27,22.60,OK
STEADY,1,914,121,1.27,22.60,OK
STEADY,3,914,164,1.27,22.61,OK
STEADY,2,910,164,1.27,22.63,OK
STEADY,1,915,164,1.27,22.64,OK
STEADY,3,915,164,1.27,22.65,OK
STEADY,2,911,164,1.27,22.67,OK
STEADY,1,916,164,1.27,22.68,OK
STEADY,3,916,164,1.27,22.68,OK
STEADY,2,912,165,1.27,22.70,OK
STEADY,1,917,165,1.27,22.71,OK
STEADY,3,917,165,1.27,22.72,OK
STEADY,4,913,357,1.27,22.59,OK
STEADY,4,914,309,1.27,22.62,OK
STEADY,4,915,261,1.27,22.66,OK
STEADY,4,916,213,1.27,22.69,OK
STEADY,2,913,165,1.27,22.74,OK
STEADY,1,918,164,1.27,22.75,OK
STEADY,3,918,165,1.27,22.75,OK
STEADY,4,917,206,1.27,22.73,OK
STEADY,2,914,164,1.27,21.97,OK
STEADY,1,919,164,1.27,21.98,OK
STEADY,3,919,164,1.27,21.99,OK
STEADY,2,915,164,1.27,22.00,OK
STEADY,1,920,164,1.27,22.01,OK
STEADY,3,920,164,1.27,22.02,OK
STEADY,4,918,246,1.27,21.96,OK
STEADY,4,919,205,1.27,22.00,OK
STEADY,2,916,164,1.27,22.04,OK
STEADY,1,921,164,1.27,22.05,OK
STEADY,3,921,164,1.27,22.06,OK
STEADY,4,920,205,1.27,22.03,OK
STEADY,4,921,164,1.27,22.07,OK
STEADY,2,917,164,1.27,22.07,OK
STEADY,1,922,164,1.27,22.08,OK
STEADY,3,922,164,1.27,22.09,OK
STEADY,4,922,164,1.27,22.10,OK
STEADY,2,918,164,1.27,22.11,OK
STEADY,1,923,164,1.27,22.12,OK
STEADY,3,923,164,1.27,22.13,OK
STEADY,4,923,164,1.27,22.14,OK
STEADY,2,919,164,1.27,22.14,OK
STEADY,1,924,164,1.27,22.15,OK
STEADY,3,924,164,1.27,22.16,OK
STEADY,4,924,165,1.27,22.17,OK
STEADY,2,920,165,1.27,22.18,OK
STEADY,1,925,165,1.27,22.19,OK
STEADY,3,925,165,1.27,22.20,OK
STEADY,4,925,164,1.27,22.21,OK
STEADY,2,921,164,1.27,22.22,OK
STEADY,1,926,164,1.27,22.22,OK
STEADY,4,926,164,1.27,22.23,OK
STEADY,2,922,164,1.27,22.24,OK
STEADY,1,927,164,1.27,22.25,OK
STEADY,4,927,164,1.27,22.26,OK
STEADY,2,923,164,1.27,22.27,OK
STEADY,1,928,164,1.27,22.28,OK
STEADY,4,928,164,1.27,22.29,OK
STEADY,2,924,164,1.27,22.29,OK
STEADY,1,929,164,1.27,22.30,OK
STEADY,4,929,164,1.27,22.31,OK
STEADY,2,925,164,1.27,22.32,OK
STEADY,1,930,164,1.27,22.33,OK
STEADY,4,930,164,1.27,22.34,OK
STEADY,2,926,164,1.27,22.35,OK
STEADY,1,931,164,1.27,22.36,OK
STEADY,4,931,165,1.27,22.36,OK
STEADY,2,927,164,1.27,22.37,OK
STEADY,1,932,164,1.27,22.38,OK
STEADY,3,926,451,1.27,22.42,OK
STEADY,3,927,410,1.27,22.42,OK
STEADY,3,928,369,1.27,22.42,OK
STEADY,3,929,328,1.27,22.42,OK
STEADY,3,930,287,1.27,22.43,OK
STEADY,3,931,246,1.27,22.43,OK
STEADY,3,932,206,1.27,22.43,OK
STEADY,3,933,165,1.27,22.43,OK
STEADY,4,932,165,1.27,22.45,OK
STEADY,2,928,165,1.27,22.46,OK
STEADY,1,933,165,1.27,22.47,OK
STEADY,4,933,163,1.27,22.48,OK
STEADY,2,929,164,1.27,22.49,OK
STEADY,1,934,164,1.27,22.50,OK
STEADY,3,934,164,1.27,22.51,OK
STEADY,4,934,164,1.27,22.51,OK
STEADY,1,935,164,1.27,22.52,OK
STEADY,3,935,164,1.27,22.53,OK
STEADY,4,935,164,1.27,22.54,OK
STEADY,3,936,164,1.27,22.55,OK
STEADY,4,936,165,1.27,22.56,OK
STEADY,4,937,164,1.27,22.58,OK
STEADY,4,938,164,1.27,22.59,OK
STEADY,4,939,164,1.27,22.61,OK
STEADY,4,940,164,1.27,22.63,OK
STEADY,3,937,369,1.27,22.57,OK
STEADY,3,938,328,1.27,22.58,OK
STEADY,3,939,287,1.27,22.60,OK
STEADY,3,940,246,1.27,22.62,OK
STEADY,3,941,205,1.27,22.64,OK
STEADY,2,930,451,1.27,22.67,OK
STEADY,2,931,411,1.27,22.67,OK
STEADY,2,932,370,1.27,22.68,OK
STEADY,2,933,329,1.27,22.68,OK
STEADY,2,934,288,1.27,22.68,OK
STEADY,2,935,247,1.27,22.68,OK
STEADY,2,936,206,1.27,22.69,OK
STEADY,2,937,165,1.27,22.69,OK
STEADY,4,941,165,1.27,22.71,OK
STEADY,3,942,205,1.27,22.72,OK
STEADY,1,936,451,1.27,22.75,OK
STEADY,1,937,411,1.27,22.75,OK
STEADY,1,938,370,1.27,22.75,OK
STEADY,1,939,329,1.27,22.76,OK
STEADY,1,940,288,1.27,22.76,OK
STEADY,1,941,247,1.27,22.76,OK
STEADY,1,942,206,1.27,22.76,OK
STEADY,1,943,165,1.27,22.80,OK
STEADY,4,942,165,1.27,22.78,OK
STEADY,2,938,166,1.27,22.79,OK
STEADY,3,943,205,1.27,22.81,OK
STEADY,4,943,164,1.27,21.99,OK
STEADY,2,939,164,1.27,22.00,OK
STEADY,1,944,164,1.27,22.01,OK
STEADY,3,944,205,1.27,22.02,OK
STEADY,4,944,164,1.27,22.03,OK
STEADY,1,945,164,1.27,22.04,OK
STEADY,3,945,205,1.27,22.05,OK
STEADY,3,946,164,1.27,22.09,OK
STEADY,2,940,205,1.27,22.04,OK
STEADY,2,941,164,1.27,22.07,OK
STEADY,4,945,164,1.27,22.06,OK
STEADY,1,946,165,1.27,22.08,OK
STEADY,4,946,164,1.27,22.10,OK
STEADY,2,942,164,1.27,22.11,OK
STEADY,1,947,164,1.27,22.11,OK
STEADY,3,947,164,1.27,22.12,OK
STEADY,4,947,164,1.33,22.13,OK
STEADY,2,943,164,1.33,22.14,OK
STEADY,1,948,164,1.33,22.15,OK
STEADY,3,948,164,1.33,22.16,OK
STEADY,4,948,164,1.33,22.17,OK
STEADY,2,944,164,1.33,22.18,OK
STEADY,1,949,164,1.33,22.18,OK
STEADY,3,949,164,1.33,22.19,OK
STEADY,4,949,164,1.33,22.20,OK
STEADY,2,945,164,1.33,22.21,OK
STEADY,1,950,164,1.33,22.22,OK
STEADY,4,950,164,1.33,22.24,OK
STEADY,2,946,164,1.33,22.25,OK
STEADY,1,951,164,1.33,22.25,OK
STEADY,4,951,164,1.33,22.27,OK
STEADY,2,947,164,1.33,22.28,OK
STEADY,1,952,164,1.33,22.29,OK
STEADY,4,952,137,1.33,22.31,OK
STEADY,2,948,137,1.33,22.32,OK
STEADY,1,953,137,1.33,22.32,OK
STEADY,4,953,147,1.33,22.34,OK
STEADY,2,949,163,1.33,22.35,OK
STEADY,2,950,123,1.33,22.39,OK
STEADY,1,954,164,1.33,22.36,OK
STEADY,1,955,123,1.33,22.39,OK
STEADY,3,950,328,1.33,22.23,OK
STEADY,3,951,287,1.33,22.26,OK
STEADY,3,952,246,1.33,22.30,OK
STEADY,3,953,206,1.33,22.33,OK
STEADY,3,954,165,1.33,22.37,OK
STEADY,4,954,124,1.33,22.38,OK
STEADY,3,955,164,1.33,22.40,OK
STEADY,3,956,123,1.33,22.44,OK
STEADY,4,955,123,1.33,22.41,OK
STEADY,2,951,123,1.33,22.42,OK
STEADY,1,956,123,1.33,22.43,OK
STEADY,4,956,144,1.33,22.45,OK
STEADY,2,952,143,1.33,22.46,OK
STEADY,1,957,143,1.33,22.46,OK
STEADY,3,957,158,1.33,22.47,OK
STEADY,3,958,111,1.33,22.51,OK
STEADY,4,957,111,1.33,22.48,OK
STEADY,2,953,111,1.33,22.49,OK
STEADY,1,958,111,1.33,22.50,OK
STEADY,4,958,140,1.33,22.52,OK
STEADY,2,954,140,1.33,22.53,OK
STEADY,1,959,140,1.33,22.54,OK
STEADY,3,959,140,1.33,22.54,OK
STEADY,4,959,138,1.33,22.55,OK
STEADY,2,955,139,1.33,22.56,OK
STEADY,1,960,139,1.33,22.57,OK
STEADY,3,960,139,1.33,22.58,OK
STEADY,4,960,175,1.33,22.59,OK
STEADY,2,956,175,1.33,22.60,OK
STEADY,1,961,175,1.33,22.61,OK
STEADY,3,961,175,1.33,22.61,OK
STEADY,4,961,172,1.33,22.62,OK
STEADY,2,957,172,1.33,22.63,OK
STEADY,1,962,173,1.33,22.64,OK
STEADY,3,962,173,1.33,22.65,OK
STEADY,4,962,170,1.33,22.66,OK
STEADY,2,958,171,1.33,22.67,OK
STEADY,1,963,171,1.33,22.68,OK
STEADY,3,963,171,1.33,22.68,OK
STEADY,4,963,134,1.33,22.69,OK
STEADY,2,959,135,1.33,22.70,OK
STEADY,1,964,135,1.33,22.71,OK
STEADY,4,964,166,1.33,22.72,OK
STEADY,2,960,167,1.33,22.73,OK
STEADY,1,965,167,1.33,22.74,OK
STEADY,4,965,132,1.33,22.75,OK
STEADY,2,961,133,1.33,22.75,OK
STEADY,1,966,133,1.33,22.76,OK
STEADY,4,966,130,1.33,21.96,OK
STEADY,2,962,131,1.33,21.97,OK
STEADY,1,967,131,1.33,21.98,OK
STEADY,4,967,130,1.33,21.99,OK
STEADY,2,963,131,1.33,22.00,OK
STEADY,1,968,131,1.33,22.00,OK
STEADY,4,968,130,1.33,22.01,OK
STEADY,2,964,131,1.33,22.02,OK
STEADY,1,969,131,1.33,22.03,OK
STEADY,4,969,130,1.33,22.04,OK
STEADY,3,964,396,1.33,22.07,OK
STEADY,3,965,354,1.33,22.07,OK
STEADY,3,966,308,1.33,22.08,OK
STEADY,3,967,262,1.33,22.08,OK
STEADY,3,968,220,1.33,22.08,OK
STEADY,3,969,177,1.33,22.08,OK
STEADY,3,970,133,1.33,22.08,OK
STEADY,2,965,133,1.33,22.10,OK
STEADY,1,970,133,1.33,22.11,OK
STEADY,4,970,134,1.33,22.12,OK
STEADY,2,966,135,1.33,22.13,OK
STEADY,1,971,135,1.33,22.14,OK
STEADY,3,971,135,1.33,22.15,OK
STEADY,4,971,134,1.33,22.16,OK
STEADY,2,967,135,1.33,22.16,OK
STEADY,1,972,135,1.33,22.17,OK
STEADY,3,972,181,1.33,22.18,OK
STEADY,3,973,137,1.33,22.22,OK
STEADY,4,972,137,1.33,22.19,OK
STEADY,2,968,137,1.33,22.20,OK
STEADY,1,973,137,1.33,22.21,OK
STEADY,4,973,137,1.33,22.23,OK
STEADY,2,969,137,1.33,22.24,OK
STEADY,1,974,137,1.33,22.24,OK
STEADY,3,974,137,1.33,22.25,OK
STEADY,4,974,136,1.33,22.26,OK
STEADY,2,970,136,1.33,22.27,OK
STEADY,1,975,136,1.33,22.28,OK
STEADY,3,975,137,1.33,22.29,OK
STEADY,4,975,134,1.33,22.30,OK
STEADY,2,971,134,1.33,22.31,OK
STEADY,1,976,134,1.33,22.31,OK
STEADY,3,976,134,1.33,22.32,OK
STEADY,4,976,130,1.33,22.33,OK
STEADY,2,972,130,1.33,22.34,OK
STEADY,1,977,130,1.33,22.35,OK
STEADY,3,977,130,1.33,22.36,OK
STEADY,4,977,128,1.33,22.37,OK
STEADY,2,973,128,1.33,22.38,OK
STEADY,1,978,129,1.33,22.38,OK
STEADY,3,978,129,1.33,22.39,OK
STEADY,4,978,170,1.33,22.40,OK
STEADY,2,974,171,1.33,22.41,OK
STEADY,1,979,171,1.33,22.42,OK
STEADY,3,979,171,1.33,22.43,OK
STEADY,4,979,170,1.33,22.44,OK
STEADY,2,975,170,1.33,22.45,OK
STEADY,1,980,171,1.33,22.45,OK
STEADY,3,980,171,1.33,22.46,OK
STEADY,4,980,170,1.33,22.47,OK
STEADY,2,976,170,1.33,22.48,OK
STEADY,1,981,170,1.33,22.49,OK
STEADY,3,981,170,1.33,22.50,OK
STEADY,4,981,169,1.33,22.51,OK
STEADY,2,977,169,1.33,22.52,OK
STEADY,1,982,169,1.33,22.52,OK
STEADY,3,982,170,1.33,22.53,OK
STEADY,4,982,168,1.33,22.54,OK
STEADY,2,978,168,1.33,22.55,OK
STEADY,1,983,168,1.33,22.56,OK
STEADY,3,983,168,1.33,22.57,OK
STEADY,4,983,168,1.33,22.58,OK
STEADY,2,979,168,1.33,22.59,OK
STEADY,1,984,168,1.33,22.59,OK
STEADY,3,984,169,1.33,22.60,OK
STEADY,4,984,170,1.33,22.61,OK
STEADY,2,980,170,1.33,22.62,OK
STEADY,1,985,170,1.33,22.63,OK
STEADY,3,985,171,1.33,22.64,OK
STEADY,4,985,172,1.33,22.65,OK
STEADY,2,981,172,1.33,22.66,OK
STEADY,1,986,172,1.33,22.66,OK
STEADY,3,986,172,1.33,22.67,OK
STEADY,4,986,170,1.33,22.68,OK
STEADY,2,982,170,1.33,22.69,OK
STEADY,1,987,171,1.33,22.70,OK
STEADY,3,987,171,1.33,22.71,OK
STEADY,4,987,170,1.33,22.72,OK
STEADY,2,983,170,1.33,22.73,OK
STEADY,1,988,170,1.33,22.74,OK
STEADY,3,988,170,1.33,22.74,OK
STEADY,4,988,168,1.33,22.75,OK
STEADY,2,984,168,1.33,22.76,OK
STEADY,1,989,168,1.33,22.77,OK
STEADY,3,989,168,1.33,22.78,OK
STEADY,4,989,168,1.33,21.96,OK
STEADY,2,985,168,1.33,21.97,OK
STEADY,1,990,168,1.33,21.98,OK
STEADY,3,990,168,1.33,21.99,OK
STEADY,4,990,169,1.33,22.00,OK
STEADY,2,986,170,1.33,22.00,OK
STEADY,1,991,170,1.33,22.01,OK
STEADY,3,991,170,1.33,22.02,OK
STEADY,4,991,170,1.33,22.03,OK
STEADY,2,987,169,1.33,22.04,OK
STEADY,1,992,169,1.33,22.05,OK
STEADY,3,992,170,1.33,22.06,OK
STEADY,4,992,170,1.33,22.07,OK
STEADY,2,988,170,1.33,22.08,OK
STEADY,1,993,171,1.33,22.08,OK
STEADY,3,993,171,1.33,22.09,OK
STEADY,4,993,167,1.33,22.10,OK
STEADY,2,989,167,1.33,22.11,OK
STEADY,1,994,168,1.33,22.12,OK
STEADY,3,994,168,1.33,22.13,OK
STEADY,4,994,168,1.33,22.14,OK
STEADY,2,990,168,1.33,22.15,OK
STEADY,1,995,169,1.33,22.15,OK
STEADY,3,995,169,1.33,22.16,OK
STEADY,4,995,168,1.33,22.17,OK
STEADY,2,991,168,1.33,22.18,OK
STEADY,1,996,168,1.33,22.19,OK
STEADY,3,996,169,1.33,22.20,OK
STEADY,4,996,168,1.33,22.21,OK
STEADY,2,992,168,1.33,22.22,OK
STEADY,1,997,168,1.33,22.22,OK
STEADY,3,997,168,1.33,22.23,OK
STEADY,4,997,167,1.33,22.24,OK
STEADY,2,993,167,1.33,22.25,OK
STEADY,1,998,168,1.33,22.26,OK
STEADY,3,998,168,1.33,22.27,OK
STEADY,4,998,167,1.33,22.28,OK
STEADY,2,994,168,1.33,22.29,OK
STEADY,3,999,168,1.33,22.30,OK
STEADY,4,999,167,1.33,22.31,OK
STEADY,2,995,168,1.33,22.32,OK
STEADY,3,1000,168,1.33,22.34,OK
STEADY,4,1000,167,1.33,22.35,OK
STEADY,2,996,167,1.33,22.36,OK
STEADY,1,999,373,1.33,22.29,OK
STEADY,1,1000,331,1.33,22.33,OK
STEADY,2,997,371,1.33,22.36,OK
STEADY,2,998,329,1.33,22.37,OK
STEADY,2,999,287,1.33,22.38,OK
STEADY,2,1000,246,1.33,22.44,OK
