Fase,ClienteID,Iteracion,Latencia_ms,CPU_Load,RAM_MB,Status
WARMUP,1,1,300,1.42,19.27,OK
WARMUP,2,1,293,1.42,19.47,OK
WARMUP,1,2,288,1.42,19.07,OK
WARMUP,2,2,274,1.42,19.16,OK
WARMUP,3,2,274,1.42,19.26,OK
WARMUP,4,2,274,1.42,19.36,OK
WARMUP,1,3,246,1.42,19.43,OK
WARMUP,3,3,245,1.42,19.77,OK
WARMUP,4,3,245,1.42,19.91,OK
WARMUP,1,4,222,1.42,19.48,OK
WARMUP,2,4,254,1.42,19.54,OK
WARMUP,3,4,241,1.42,19.60,OK
WARMUP,4,4,241,1.42,19.66,OK
WARMUP,1,5,232,1.42,19.72,OK
WARMUP,2,5,222,1.42,19.78,OK
WARMUP,1,8,112,1.42,19.84,OK
WARMUP,2,8,120,1.42,19.91,OK
WARMUP,3,8,118,1.42,19.96,OK
WARMUP,4,8,118,1.42,20.02,OK
WARMUP,1,9,107,1.42,20.08,OK
WARMUP,3,5,275,1.42,20.13,OK
WARMUP,4,5,275,1.42,20.19,OK
WARMUP,1,6,265,1.42,20.25,OK
WARMUP,2,6,239,1.42,19.54,OK
WARMUP,2,9,118,1.42,19.60,OK
WARMUP,3,9,126,1.42,20.02,OK
WARMUP,4,9,127,1.42,19.71,OK
WARMUP,1,10,112,1.42,19.76,OK
WARMUP,3,6,256,1.42,19.83,OK
WARMUP,4,6,255,1.42,19.88,OK
WARMUP,1,7,255,1.42,19.94,OK
WARMUP,2,7,226,1.42,20.00,OK
WARMUP,3,7,218,1.42,20.55,OK
WARMUP,4,7,218,1.42,20.13,OK
WARMUP,2,10,118,1.42,20.18,OK
WARMUP,3,10,117,1.42,20.24,OK
WARMUP,4,10,125,1.42,20.29,OK
WARMUP,1,11,111,1.42,19.61,OK
WARMUP,2,11,144,1.42,19.68,OK
WARMUP,3,11,144,1.42,19.73,OK
WARMUP,4,11,144,1.42,19.79,OK
WARMUP,1,12,129,1.42,19.86,OK
WARMUP,2,12,113,1.42,19.92,OK
WARMUP,3,12,137,1.42,19.97,OK
WARMUP,4,12,139,1.42,20.02,OK
WARMUP,1,13,141,1.42,20.08,OK
WARMUP,2,13,110,1.42,20.13,OK
WARMUP,3,13,109,1.42,20.18,OK
WARMUP,4,13,112,1.42,20.23,OK
WARMUP,1,14,130,1.42,20.28,OK
WARMUP,3,14,123,1.42,20.38,OK
WARMUP,4,14,124,1.42,20.43,OK
WARMUP,1,15,109,1.42,19.65,OK
WARMUP,2,15,116,1.42,20.13,OK
WARMUP,3,15,116,1.42,19.75,OK
WARMUP,4,15,117,1.42,19.80,OK
WARMUP,1,16,130,1.39,19.86,OK
WARMUP,2,16,118,1.39,19.91,OK
WARMUP,3,16,118,1.39,19.96,OK
WARMUP,4,16,119,1.39,20.01,OK
WARMUP,1,17,107,1.39,20.07,OK
WARMUP,2,17,144,1.39,20.12,OK
WARMUP,3,17,144,1.39,20.19,OK
WARMUP,4,17,144,1.39,20.24,OK
WARMUP,1,18,130,1.39,20.30,OK
WARMUP,2,18,112,1.39,20.35,OK
WARMUP,3,18,138,1.39,20.40,OK
WARMUP,4,18,140,1.39,20.45,OK
WARMUP,1,19,143,1.39,19.72,OK
WARMUP,2,19,112,1.39,19.77,OK
WARMUP,3,19,112,1.39,19.82,OK
WARMUP,4,19,112,1.39,19.88,OK
WARMUP,1,20,130,1.39,19.93,OK
WARMUP,2,20,125,1.39,19.98,OK
WARMUP,3,20,126,1.39,20.03,OK
WARMUP,4,20,125,1.39,20.08,OK
WARMUP,1,21,112,1.39,20.13,OK
WARMUP,2,21,115,1.39,20.18,OK
WARMUP,3,21,116,1.39,20.23,OK
WARMUP,4,21,116,1.39,20.29,OK
WARMUP,1,22,130,1.39,20.34,OK
WARMUP,2,14,478,1.42,20.33,OK
WARMUP,2,3,1011,1.42,19.57,OK
WARMUP,2,22,118,1.39,20.39,OK
WARMUP,3,22,118,1.39,20.44,OK
WARMUP,4,22,119,1.39,20.50,OK
WARMUP,1,23,129,1.39,19.74,OK
WARMUP,2,23,144,1.39,19.79,OK
WARMUP,3,23,143,1.39,19.84,OK
WARMUP,4,23,143,1.39,19.89,OK
WARMUP,1,24,128,1.39,19.94,OK
WARMUP,2,24,140,1.39,19.99,OK
WARMUP,3,24,141,1.39,20.04,OK
WARMUP,4,24,141,1.39,20.09,OK
WARMUP,1,25,142,1.39,20.15,OK
WARMUP,2,25,111,1.39,20.20,OK
WARMUP,3,25,111,1.39,20.26,OK
WARMUP,4,25,111,1.39,20.31,OK
WARMUP,4,1,1244,1.39,20.37,OK
WARMUP,3,1,1245,1.39,20.75,OK
WARMUP,1,26,142,1.39,20.47,OK
WARMUP,2,26,128,1.39,19.75,OK
WARMUP,3,26,128,1.39,19.80,OK
WARMUP,4,26,128,1.39,19.85,OK
WARMUP,1,27,114,1.39,19.91,OK
WARMUP,2,27,117,1.39,19.97,OK
WARMUP,3,27,119,1.39,20.02,OK
WARMUP,4,27,119,1.39,20.07,OK
WARMUP,1,28,106,1.39,20.12,OK
WARMUP,2,28,126,1.39,20.48,OK
WARMUP,3,28,126,1.39,20.23,OK
WARMUP,4,28,126,1.39,20.28,OK
WARMUP,1,29,112,1.39,20.33,OK
WARMUP,2,29,119,1.39,20.38,OK
WARMUP,3,29,118,1.39,20.44,OK
WARMUP,4,29,127,1.39,20.50,OK
WARMUP,1,30,112,1.39,20.55,OK
WARMUP,2,30,128,1.39,19.80,OK
WARMUP,3,30,127,1.39,19.85,OK
WARMUP,4,30,127,1.39,19.91,OK
WARMUP,1,31,113,1.39,19.96,OK
WARMUP,2,31,111,1.39,20.01,OK
WARMUP,3,31,113,1.39,20.06,OK
WARMUP,4,31,114,1.39,20.39,OK
WARMUP,1,32,123,1.39,20.17,OK
WARMUP,2,32,131,1.39,20.22,OK
WARMUP,3,32,132,1.39,20.27,OK
WARMUP,4,32,133,1.39,20.32,OK
WARMUP,1,33,118,1.39,20.40,OK
WARMUP,2,33,118,1.39,20.45,OK
WARMUP,3,33,125,1.39,20.50,OK
WARMUP,4,33,127,1.39,20.55,OK
WARMUP,1,34,112,1.39,19.84,OK
WARMUP,2,34,121,1.39,19.89,OK
WARMUP,3,34,122,1.39,19.94,OK
WARMUP,4,34,122,1.39,19.99,OK
WARMUP,1,35,105,1.39,20.04,OK
WARMUP,2,35,136,1.39,20.10,OK
WARMUP,3,35,136,1.39,20.15,OK
WARMUP,4,35,136,1.39,20.20,OK
WARMUP,1,36,112,1.39,20.25,OK
WARMUP,3,36,143,1.39,20.31,OK
WARMUP,4,36,144,1.39,20.36,OK
WARMUP,1,37,117,1.39,20.41,OK
WARMUP,2,37,109,1.39,20.46,OK
WARMUP,3,37,111,1.39,20.51,OK
WARMUP,4,37,111,1.39,20.56,OK
WARMUP,1,38,127,1.39,19.86,OK
WARMUP,2,38,111,1.39,19.91,OK
WARMUP,3,38,110,1.39,19.96,OK
WARMUP,4,38,111,1.39,20.02,OK
WARMUP,1,39,113,1.39,20.07,OK
WARMUP,3,39,128,1.39,20.17,OK
WARMUP,4,39,129,1.39,20.22,OK
WARMUP,1,40,128,1.39,20.27,OK
WARMUP,2,40,112,1.39,20.32,OK
WARMUP,3,40,111,1.39,20.37,OK
WARMUP,4,40,112,1.39,20.42,OK
WARMUP,1,41,142,1.39,20.48,OK
WARMUP,2,41,127,1.39,20.53,OK
WARMUP,3,41,126,1.39,20.58,OK
WARMUP,4,41,126,1.39,20.63,OK
WARMUP,1,42,110,1.39,19.87,OK
WARMUP,2,42,143,1.39,19.92,OK
WARMUP,3,42,142,1.39,19.97,OK
WARMUP,4,42,142,1.39,20.02,OK
WARMUP,2,36,429,1.39,20.07,OK
WARMUP,1,43,113,1.39,20.12,OK
WARMUP,2,43,141,1.39,20.17,OK
WARMUP,3,43,141,1.39,20.22,OK
WARMUP,4,43,141,1.39,20.28,OK
WARMUP,1,44,129,1.39,20.33,OK
WARMUP,2,44,126,1.39,20.38,OK
WARMUP,3,44,125,1.39,20.43,OK
WARMUP,4,44,126,1.39,20.48,OK
WARMUP,1,45,117,1.39,20.53,OK
WARMUP,2,45,120,1.39,20.58,OK
WARMUP,3,45,120,1.39,20.63,OK
WARMUP,4,45,120,1.39,20.68,OK
WARMUP,1,46,119,1.39,19.87,OK
WARMUP,2,46,126,1.39,19.93,OK
WARMUP,3,46,126,1.39,19.98,OK
WARMUP,4,46,126,1.39,20.03,OK
WARMUP,2,39,457,1.39,20.12,OK
WARMUP,1,47,136,1.39,20.08,OK
WARMUP,2,47,121,1.39,20.13,OK
WARMUP,3,47,120,1.39,20.18,OK
WARMUP,4,47,120,1.39,20.24,OK
WARMUP,1,48,108,1.39,20.29,OK
WARMUP,2,48,128,1.39,20.34,OK
WARMUP,3,48,128,1.39,20.39,OK
WARMUP,4,48,129,1.39,20.44,OK
WARMUP,1,49,130,1.39,20.49,OK
WARMUP,2,49,127,1.39,20.54,OK
WARMUP,3,49,127,1.39,20.59,OK
WARMUP,4,49,128,1.39,20.64,OK
WARMUP,1,50,132,1.39,19.88,OK
WARMUP,2,50,126,1.39,19.93,OK
WARMUP,3,50,129,1.39,19.99,OK
WARMUP,4,50,128,1.39,20.04,OK
WARMUP,1,51,131,1.39,20.09,OK
WARMUP,2,51,129,1.39,20.15,OK
WARMUP,3,51,129,1.39,20.20,OK
WARMUP,4,51,129,1.39,20.25,OK
WARMUP,1,52,131,1.39,20.30,OK
WARMUP,2,52,132,1.39,20.35,OK
WARMUP,3,52,132,1.39,20.40,OK
WARMUP,4,52,132,1.39,20.45,OK
WARMUP,1,53,124,1.39,20.50,OK
WARMUP,2,53,131,1.39,20.55,OK
WARMUP,3,53,131,1.39,20.61,OK
WARMUP,4,53,132,1.39,20.66,OK
WARMUP,1,54,112,1.39,19.89,OK
WARMUP,2,54,125,1.39,19.95,OK
WARMUP,3,54,126,1.39,20.00,OK
WARMUP,4,54,125,1.39,20.05,OK
WARMUP,1,55,108,1.39,20.10,OK
WARMUP,2,55,115,1.39,20.15,OK
WARMUP,3,55,114,1.39,20.20,OK
WARMUP,4,55,114,1.39,20.25,OK
WARMUP,1,56,119,1.39,20.30,OK
WARMUP,2,56,115,1.39,20.35,OK
WARMUP,3,56,115,1.39,20.40,OK
WARMUP,4,56,115,1.39,20.45,OK
WARMUP,1,57,118,1.39,20.51,OK
WARMUP,2,57,117,1.39,20.56,OK
WARMUP,3,57,129,1.39,20.61,OK
WARMUP,4,57,129,1.39,20.66,OK
WARMUP,1,58,118,1.39,19.90,OK
WARMUP,2,58,118,1.39,19.95,OK
WARMUP,3,58,118,1.39,20.00,OK
WARMUP,4,58,130,1.39,20.05,OK
WARMUP,1,59,119,1.39,20.10,OK
WARMUP,2,59,118,1.39,20.15,OK
WARMUP,3,59,116,1.39,20.21,OK
WARMUP,1,60,119,1.39,20.26,OK
WARMUP,2,60,118,1.39,20.31,OK
WARMUP,3,60,130,1.39,20.36,OK
WARMUP,4,60,129,1.39,20.42,OK
WARMUP,1,61,116,1.39,20.47,OK
WARMUP,2,61,116,1.39,20.52,OK
WARMUP,3,61,127,1.39,20.57,OK
WARMUP,4,61,127,1.39,20.62,OK
WARMUP,1,62,116,1.39,19.91,OK
WARMUP,2,62,117,1.39,19.96,OK
WARMUP,3,62,127,1.39,20.01,OK
WARMUP,4,62,127,1.39,20.06,OK
WARMUP,1,63,116,1.39,20.13,OK
WARMUP,2,63,116,1.39,20.18,OK
WARMUP,3,63,127,1.39,20.23,OK
WARMUP,4,63,127,1.39,20.28,OK
WARMUP,1,64,112,1.39,20.59,OK
WARMUP,2,64,113,1.39,20.39,OK
WARMUP,3,64,126,1.39,20.45,OK
WARMUP,4,64,127,1.39,20.99,OK
WARMUP,1,65,116,1.39,21.35,OK
WARMUP,2,65,117,1.39,20.65,OK
WARMUP,3,65,113,1.39,20.71,OK
WARMUP,4,65,113,1.39,20.76,OK
WARMUP,1,66,116,1.39,19.98,OK
WARMUP,2,66,116,1.39,20.03,OK
WARMUP,3,66,127,1.39,20.09,OK
WARMUP,4,66,127,1.39,20.14,OK
WARMUP,4,59,423,1.39,20.19,OK
WARMUP,1,67,116,1.39,20.24,OK
WARMUP,2,67,116,1.39,20.29,OK
WARMUP,3,67,127,1.39,20.35,OK
WARMUP,4,67,127,1.39,20.40,OK
WARMUP,1,68,118,1.39,20.46,OK
WARMUP,2,68,118,1.39,20.51,OK
WARMUP,3,68,114,1.39,20.56,OK
WARMUP,4,68,115,1.39,20.61,OK
WARMUP,1,69,118,1.39,20.66,OK
WARMUP,2,69,118,1.39,20.72,OK
WARMUP,3,69,126,1.39,20.01,OK
WARMUP,4,69,127,1.39,20.06,OK
WARMUP,1,70,119,1.39,20.11,OK
WARMUP,2,70,118,1.39,20.16,OK
WARMUP,3,70,127,1.39,20.21,OK
WARMUP,4,70,127,1.39,20.26,OK
WARMUP,1,71,117,1.39,20.32,OK
WARMUP,2,71,116,1.39,20.37,OK
WARMUP,3,71,125,1.39,20.42,OK
WARMUP,4,71,125,1.39,20.47,OK
WARMUP,2,72,118,1.39,20.57,OK
WARMUP,3,72,127,1.39,20.62,OK
WARMUP,4,72,127,1.39,20.67,OK
WARMUP,1,73,118,1.39,20.73,OK
WARMUP,2,73,118,1.39,20.78,OK
WARMUP,3,73,126,1.39,20.02,OK
WARMUP,4,73,127,1.39,20.07,OK
WARMUP,1,74,118,1.39,20.12,OK
WARMUP,2,74,118,1.39,20.46,OK
WARMUP,3,74,127,1.39,20.24,OK
WARMUP,4,74,127,1.39,20.29,OK
WARMUP,2,75,118,1.39,20.39,OK
WARMUP,3,75,127,1.39,20.45,OK
WARMUP,4,75,127,1.39,20.50,OK
WARMUP,1,76,118,1.39,20.55,OK
WARMUP,2,76,119,1.39,20.60,OK
WARMUP,3,76,129,1.39,20.65,OK
WARMUP,4,76,129,1.39,20.70,OK
WARMUP,1,77,118,1.39,20.76,OK
WARMUP,2,77,118,1.39,20.81,OK
WARMUP,3,77,124,1.39,20.04,OK
WARMUP,4,77,125,1.39,20.09,OK
WARMUP,1,78,112,1.39,20.14,OK
WARMUP,3,78,127,1.39,20.19,OK
WARMUP,4,78,128,1.39,20.25,OK
WARMUP,1,79,109,1.39,20.30,OK
WARMUP,2,79,109,1.39,20.35,OK
WARMUP,3,79,109,1.39,20.40,OK
WARMUP,4,79,109,1.39,20.45,OK
WARMUP,1,72,448,1.39,20.52,OK
WARMUP,1,80,114,1.39,20.50,OK
WARMUP,2,80,115,1.39,20.55,OK
WARMUP,3,80,127,1.39,20.60,OK
WARMUP,4,80,128,1.39,20.65,OK
WARMUP,1,81,114,1.39,20.71,OK
WARMUP,2,81,114,1.39,20.76,OK
WARMUP,3,81,114,1.39,20.81,OK
WARMUP,4,81,114,1.39,20.86,OK
WARMUP,1,82,130,1.39,20.03,OK
WARMUP,2,82,141,1.39,20.08,OK
WARMUP,3,82,114,1.39,20.13,OK
WARMUP,4,82,114,1.39,20.18,OK
WARMUP,1,75,447,1.39,20.34,OK
WARMUP,1,83,113,1.39,20.23,OK
WARMUP,3,83,113,1.39,20.29,OK
WARMUP,4,83,112,1.39,20.34,OK
WARMUP,1,84,113,1.39,20.39,OK
WARMUP,3,84,127,1.39,20.44,OK
WARMUP,4,84,127,1.39,20.49,OK
WARMUP,1,85,113,1.39,20.54,OK
WARMUP,2,85,114,1.39,20.59,OK
WARMUP,2,78,419,1.39,20.64,OK
WARMUP,3,85,126,1.39,20.70,OK
WARMUP,4,85,127,1.39,20.75,OK
WARMUP,1,86,129,1.39,20.80,OK
WARMUP,2,86,129,1.39,20.85,OK
WARMUP,3,86,115,1.39,20.06,OK
WARMUP,4,86,115,1.39,20.11,OK
WARMUP,1,87,129,1.39,20.16,OK
WARMUP,2,87,129,1.39,20.22,OK
WARMUP,3,87,116,1.39,20.27,OK
WARMUP,4,87,117,1.39,20.32,OK
WARMUP,1,88,112,1.39,20.38,OK
WARMUP,2,88,131,1.39,20.43,OK
WARMUP,3,88,116,1.39,20.48,OK
WARMUP,4,88,116,1.39,20.53,OK
WARMUP,1,89,117,1.39,20.58,OK
WARMUP,2,89,117,1.39,20.64,OK
WARMUP,3,89,121,1.39,20.69,OK
WARMUP,4,89,120,1.39,20.74,OK
WARMUP,2,90,117,1.39,20.79,OK
WARMUP,2,83,430,1.39,20.84,OK
WARMUP,3,90,124,1.39,20.05,OK
WARMUP,4,90,124,1.39,20.10,OK
WARMUP,1,91,117,1.39,20.15,OK
WARMUP,2,91,117,1.39,20.20,OK
WARMUP,2,84,429,1.39,20.25,OK
WARMUP,3,91,119,1.39,20.31,OK
WARMUP,4,91,118,1.39,20.36,OK
WARMUP,1,92,129,1.39,20.41,OK
WARMUP,2,92,129,1.39,20.46,OK
WARMUP,3,92,118,1.39,20.52,OK
WARMUP,4,92,119,1.39,20.57,OK
WARMUP,1,93,126,1.39,20.62,OK
WARMUP,2,93,127,1.39,20.67,OK
WARMUP,3,93,115,1.39,20.72,OK
WARMUP,4,93,115,1.39,20.77,OK
WARMUP,1,94,115,1.39,20.82,OK
WARMUP,2,94,116,1.39,20.87,OK
WARMUP,3,94,111,1.39,20.06,OK
WARMUP,4,94,111,1.39,20.11,OK
WARMUP,1,95,121,1.39,20.16,OK
WARMUP,2,95,122,1.39,20.21,OK
WARMUP,3,95,116,1.39,20.26,OK
WARMUP,4,95,117,1.39,20.31,OK
WARMUP,1,96,127,1.39,20.37,OK
WARMUP,2,96,127,1.39,20.42,OK
WARMUP,3,96,126,1.39,20.47,OK
WARMUP,4,96,126,1.39,20.52,OK
WARMUP,1,90,417,1.39,20.57,OK
WARMUP,1,97,111,1.39,20.62,OK
WARMUP,2,97,111,1.39,20.67,OK
WARMUP,3,97,126,1.39,20.73,OK
WARMUP,4,97,126,1.39,20.78,OK
WARMUP,1,98,126,1.39,20.83,OK
WARMUP,2,98,127,1.39,20.88,OK
WARMUP,3,98,111,1.39,20.11,OK
WARMUP,4,98,112,1.39,20.16,OK
WARMUP,2,99,122,1.39,20.29,OK
WARMUP,3,99,119,1.39,20.35,OK
WARMUP,1,100,105,1.39,20.40,OK
WARMUP,2,100,115,1.39,20.45,OK
WARMUP,3,100,124,1.39,20.50,OK
WARMUP,4,100,125,1.39,20.55,OK
STEADY,1,101,110,1.39,20.60,OK
STEADY,2,101,110,1.39,20.65,OK
STEADY,3,101,123,1.39,20.75,OK
STEADY,4,101,124,1.39,20.80,OK
STEADY,1,102,143,1.39,20.86,OK
STEADY,2,102,144,1.39,20.91,OK
STEADY,3,102,131,1.39,20.18,OK
STEADY,4,102,131,1.39,20.23,OK
STEADY,1,103,104,1.39,20.28,OK
STEADY,2,103,104,1.39,20.34,OK
STEADY,3,103,164,1.39,20.50,OK
STEADY,4,103,164,1.39,20.46,OK
STEADY,1,104,130,1.39,20.52,OK
STEADY,2,104,130,1.39,20.57,OK
STEADY,3,104,125,1.39,20.62,OK
STEADY,4,104,124,1.39,20.67,OK
STEADY,1,105,142,1.39,20.72,OK
STEADY,2,105,142,1.39,20.77,OK
STEADY,3,105,141,1.39,20.82,OK
STEADY,4,105,142,1.39,20.87,OK
WARMUP,4,99,443,1.39,20.92,OK
STEADY,1,106,142,1.39,20.97,OK
STEADY,2,106,142,1.39,21.02,OK
WARMUP,1,99,476,1.39,20.24,OK
STEADY,3,106,143,1.39,21.07,OK
STEADY,4,106,143,1.39,21.12,OK
STEADY,1,107,141,1.39,20.22,OK
STEADY,2,107,141,1.39,20.27,OK
STEADY,3,107,141,1.39,20.32,OK
STEADY,4,107,142,1.39,20.37,OK
STEADY,1,108,141,1.39,20.42,OK
STEADY,2,108,141,1.39,20.47,OK
STEADY,3,108,141,1.39,20.52,OK
STEADY,4,108,142,1.39,20.57,OK
STEADY,1,109,140,1.39,20.62,OK
STEADY,2,109,141,1.39,20.67,OK
STEADY,3,109,141,1.39,20.72,OK
STEADY,4,109,142,1.39,20.77,OK
STEADY,1,110,135,1.39,20.83,OK
STEADY,2,110,136,1.39,20.88,OK
STEADY,3,110,137,1.39,20.93,OK
STEADY,4,110,137,1.39,20.98,OK
STEADY,1,111,144,1.39,20.19,OK
STEADY,2,111,144,1.39,20.24,OK
STEADY,3,111,146,1.39,20.29,OK
STEADY,4,111,147,1.39,20.34,OK
STEADY,1,112,145,1.39,20.40,OK
STEADY,2,112,145,1.39,20.45,OK
STEADY,3,112,146,1.39,20.50,OK
STEADY,4,112,145,1.39,20.55,OK
STEADY,1,113,110,1.39,20.60,OK
STEADY,3,113,109,1.39,20.65,OK
STEADY,4,113,111,1.39,20.70,OK
STEADY,1,114,124,1.39,20.75,OK
STEADY,2,114,109,1.39,20.80,OK
STEADY,3,114,110,1.39,20.85,OK
STEADY,4,114,110,1.39,20.90,OK
STEADY,1,115,117,1.39,20.95,OK
STEADY,2,115,126,1.39,20.19,OK
STEADY,3,115,126,1.39,20.24,OK
STEADY,4,115,127,1.39,20.29,OK
STEADY,1,116,118,1.39,20.35,OK
STEADY,2,116,105,1.39,20.40,OK
STEADY,3,116,127,1.39,20.45,OK
STEADY,4,116,127,1.39,20.50,OK
STEADY,1,117,127,1.39,20.55,OK
STEADY,2,117,111,1.39,20.60,OK
STEADY,3,117,112,1.39,20.65,OK
STEADY,4,117,112,1.39,20.70,OK
STEADY,1,118,140,1.39,20.75,OK
STEADY,2,118,124,1.39,20.81,OK
STEADY,3,118,125,1.39,20.87,OK
STEADY,4,118,125,1.39,20.92,OK
STEADY,1,119,111,1.39,20.97,OK
STEADY,2,119,141,1.39,20.24,OK
STEADY,3,119,142,1.39,20.29,OK
STEADY,4,119,142,1.39,20.34,OK
STEADY,2,113,434,1.39,20.39,OK
STEADY,1,120,112,1.39,20.44,OK
STEADY,2,120,125,1.39,20.49,OK
STEADY,3,120,125,1.39,20.54,OK
STEADY,4,120,141,1.39,20.59,OK
STEADY,1,121,123,1.39,20.65,OK
STEADY,2,121,125,1.39,20.70,OK
STEADY,3,121,125,1.39,20.76,OK
STEADY,4,121,126,1.39,20.81,OK
STEADY,1,122,118,1.39,20.87,OK
STEADY,2,122,126,1.39,20.92,OK
STEADY,3,122,126,1.39,20.97,OK
STEADY,4,122,127,1.39,21.02,OK
STEADY,2,123,127,1.39,20.31,OK
STEADY,3,123,128,1.39,20.36,OK
STEADY,4,123,128,1.39,20.41,OK
STEADY,1,124,143,1.39,20.46,OK
STEADY,2,124,135,1.39,20.51,OK
STEADY,3,124,144,1.39,20.56,OK
STEADY,4,124,144,1.39,20.61,OK
STEADY,1,125,112,1.39,20.67,OK
STEADY,2,125,143,1.39,20.72,OK
STEADY,3,125,144,1.39,20.77,OK
STEADY,4,125,144,1.39,20.82,OK
STEADY,1,126,113,1.39,20.87,OK
STEADY,2,126,127,1.28,20.93,OK
STEADY,4,126,142,1.28,21.03,OK
STEADY,1,127,124,1.28,20.28,OK
STEADY,2,127,123,1.28,20.33,OK
STEADY,3,127,123,1.28,20.38,OK
STEADY,4,127,124,1.28,20.43,OK
STEADY,1,128,117,1.28,20.49,OK
STEADY,2,128,125,1.28,20.82,OK
STEADY,3,128,141,1.28,21.13,OK
STEADY,4,128,141,1.28,21.19,OK
STEADY,1,129,130,1.28,21.03,OK
STEADY,2,129,114,1.28,21.08,OK
STEADY,3,129,114,1.28,21.13,OK
STEADY,4,129,115,1.28,21.18,OK
STEADY,1,130,143,1.28,21.23,OK
STEADY,1,123,472,1.39,20.26,OK
STEADY,2,130,126,1.28,21.52,OK
STEADY,3,130,126,1.28,21.58,OK
STEADY,4,130,126,1.28,22.13,OK
STEADY,1,131,141,1.28,20.67,OK
STEADY,2,131,133,1.28,20.72,OK
STEADY,3,131,142,1.28,20.77,OK
STEADY,1,132,112,1.28,20.82,OK
STEADY,2,132,143,1.28,20.87,OK
STEADY,3,132,143,1.28,20.92,OK
STEADY,4,132,143,1.28,20.97,OK
STEADY,1,133,113,1.28,21.02,OK
STEADY,2,133,127,1.28,21.07,OK
STEADY,3,133,128,1.28,21.12,OK
STEADY,4,133,128,1.28,21.17,OK
STEADY,1,134,123,1.28,21.22,OK
STEADY,3,126,483,1.28,20.98,OK
STEADY,2,134,107,1.28,21.27,OK
STEADY,3,134,108,1.28,21.32,OK
STEADY,4,134,109,1.28,21.37,OK
STEADY,1,135,116,1.28,20.69,OK
STEADY,2,135,126,1.28,20.74,OK
STEADY,3,135,126,1.28,20.79,OK
STEADY,4,135,127,1.28,20.83,OK
STEADY,2,136,123,1.28,20.90,OK
STEADY,3,136,123,1.28,20.95,OK
STEADY,4,136,123,1.28,21.00,OK
STEADY,1,137,132,1.28,21.05,OK
STEADY,2,137,131,1.28,21.10,OK
STEADY,3,137,131,1.28,21.15,OK
STEADY,4,137,131,1.28,21.20,OK
STEADY,1,138,131,1.28,21.25,OK
STEADY,4,131,447,1.28,21.30,OK
STEADY,2,138,130,1.28,21.35,OK
STEADY,3,138,130,1.28,21.40,OK
STEADY,4,138,130,1.28,21.45,OK
STEADY,1,139,131,1.28,20.70,OK
STEADY,2,139,130,1.28,20.76,OK
STEADY,3,139,131,1.28,20.80,OK
STEADY,4,139,131,1.28,20.85,OK
STEADY,1,140,131,1.28,20.91,OK
STEADY,2,140,131,1.28,20.96,OK
STEADY,3,140,131,1.28,21.01,OK
STEADY,4,140,131,1.28,21.05,OK
STEADY,1,141,126,1.28,21.11,OK
STEADY,2,141,129,1.28,21.16,OK
STEADY,3,141,129,1.28,21.21,OK
STEADY,4,141,129,1.28,21.26,OK
STEADY,1,142,126,1.28,21.31,OK
STEADY,2,142,133,1.28,21.36,OK
STEADY,3,142,133,1.28,21.41,OK
STEADY,4,142,132,1.28,21.46,OK
STEADY,1,143,127,1.28,20.71,OK
STEADY,1,136,436,1.28,20.76,OK
STEADY,2,143,135,1.28,20.81,OK
STEADY,3,143,135,1.28,20.86,OK
STEADY,4,143,136,1.28,20.91,OK
STEADY,1,144,125,1.28,20.96,OK
STEADY,2,144,135,1.28,21.01,OK
STEADY,3,144,136,1.28,21.06,OK
STEADY,4,144,135,1.28,21.11,OK
STEADY,1,145,125,1.28,21.16,OK
STEADY,2,145,131,1.28,21.21,OK
STEADY,3,145,132,1.28,21.26,OK
STEADY,4,145,131,1.28,21.31,OK
STEADY,1,146,126,1.28,21.36,OK
STEADY,2,146,131,1.28,21.41,OK
STEADY,3,146,131,1.28,21.46,OK
STEADY,4,146,131,1.28,21.51,OK
STEADY,1,147,127,1.28,20.71,OK
STEADY,2,147,129,1.28,20.76,OK
STEADY,3,147,129,1.28,20.81,OK
STEADY,4,147,129,1.28,20.86,OK
STEADY,1,148,128,1.28,20.92,OK
STEADY,2,148,130,1.28,20.97,OK
STEADY,3,148,129,1.28,21.02,OK
STEADY,4,148,129,1.28,21.06,OK
STEADY,1,149,128,1.28,21.13,OK
STEADY,2,149,127,1.28,21.17,OK
STEADY,3,149,127,1.28,21.22,OK
STEADY,4,149,127,1.28,21.27,OK
STEADY,1,150,128,1.28,21.32,OK
STEADY,2,150,127,1.28,21.37,OK
STEADY,3,150,126,1.28,21.41,OK
STEADY,4,150,127,1.28,21.46,OK
STEADY,1,151,126,1.28,20.72,OK
STEADY,2,151,126,1.28,20.77,OK
STEADY,3,151,127,1.28,20.82,OK
STEADY,4,151,127,1.28,20.86,OK
STEADY,1,152,126,1.28,20.91,OK
STEADY,2,152,126,1.28,20.96,OK
STEADY,3,152,126,1.28,21.01,OK
STEADY,4,152,126,1.28,21.06,OK
STEADY,1,153,125,1.28,21.11,OK
STEADY,2,153,125,1.28,21.16,OK
STEADY,3,153,124,1.28,21.20,OK
STEADY,4,153,124,1.28,21.25,OK
STEADY,1,154,126,1.28,21.30,OK
STEADY,2,154,125,1.28,21.35,OK
STEADY,3,154,124,1.28,21.40,OK
STEADY,4,154,124,1.28,21.44,OK
STEADY,2,155,125,1.28,20.77,OK
STEADY,3,155,125,1.28,20.82,OK
STEADY,4,155,125,1.28,20.87,OK
STEADY,1,156,126,1.28,20.92,OK
STEADY,2,156,127,1.28,20.97,OK
STEADY,3,156,126,1.28,21.02,OK
STEADY,4,156,126,1.28,21.06,OK
STEADY,1,157,126,1.28,21.11,OK
STEADY,2,157,127,1.28,21.17,OK
STEADY,3,157,128,1.28,21.21,OK
STEADY,4,157,127,1.28,21.26,OK
STEADY,1,158,119,1.28,21.31,OK
STEADY,2,158,127,1.28,21.36,OK
STEADY,3,158,128,1.28,21.41,OK
STEADY,4,158,127,1.28,21.45,OK
STEADY,1,159,119,1.28,20.73,OK
STEADY,2,159,127,1.28,20.78,OK
STEADY,3,159,128,1.28,20.83,OK
STEADY,4,159,127,1.28,20.88,OK
STEADY,1,160,119,1.28,20.93,OK
STEADY,2,160,128,1.28,20.97,OK
STEADY,3,160,127,1.28,21.02,OK
STEADY,4,160,127,1.28,21.07,OK
STEADY,1,161,119,1.28,21.12,OK
STEADY,2,161,128,1.28,21.17,OK
STEADY,3,161,127,1.28,21.21,OK
STEADY,4,161,127,1.28,21.26,OK
STEADY,1,162,119,1.28,21.31,OK
STEADY,2,162,127,1.28,21.36,OK
STEADY,3,162,127,1.28,21.41,OK
STEADY,4,162,127,1.28,21.45,OK
STEADY,1,163,118,1.28,20.74,OK
STEADY,2,163,127,1.28,20.78,OK
STEADY,3,163,127,1.28,20.83,OK
STEADY,4,163,127,1.28,20.88,OK
STEADY,1,164,118,1.28,20.93,OK
STEADY,2,164,125,1.28,20.98,OK
STEADY,4,164,125,1.28,21.03,OK
STEADY,1,165,118,1.28,21.08,OK
STEADY,3,165,125,1.28,21.13,OK
STEADY,4,165,125,1.28,21.17,OK
STEADY,1,166,118,1.28,21.23,OK
STEADY,2,166,125,1.28,21.28,OK
STEADY,3,166,125,1.28,21.32,OK
STEADY,4,166,126,1.28,21.37,OK
STEADY,1,167,118,1.28,21.42,OK
STEADY,2,167,127,1.28,21.47,OK
STEADY,3,167,127,1.28,21.52,OK
STEADY,4,167,128,1.28,21.56,OK
STEADY,1,168,121,1.28,20.75,OK
STEADY,2,168,127,1.28,20.80,OK
STEADY,3,168,127,1.28,20.84,OK
STEADY,4,168,128,1.28,20.89,OK
STEADY,1,169,113,1.28,20.94,OK
STEADY,2,169,128,1.28,20.99,OK
STEADY,3,169,128,1.28,21.03,OK
STEADY,4,169,127,1.28,21.08,OK
STEADY,1,170,113,1.28,21.13,OK
STEADY,3,170,113,1.28,21.18,OK
STEADY,4,170,112,1.28,21.23,OK
STEADY,1,171,118,1.28,21.28,OK
STEADY,1,155,801,1.28,20.73,OK
STEADY,2,171,112,1.28,21.32,OK
STEADY,3,171,126,1.28,21.37,OK
STEADY,4,171,126,1.28,21.42,OK
STEADY,3,164,419,1.28,21.47,OK
STEADY,1,172,119,1.28,20.72,OK
STEADY,2,172,126,1.28,20.77,OK
STEADY,3,172,126,1.28,20.82,OK
STEADY,4,172,126,1.28,20.86,OK
STEADY,2,165,420,1.28,20.91,OK
STEADY,1,173,118,1.28,20.96,OK
STEADY,2,173,127,1.28,21.01,OK
STEADY,3,173,127,1.28,21.06,OK
STEADY,4,173,126,1.28,21.10,OK
STEADY,1,174,118,1.28,21.15,OK
STEADY,2,174,127,1.28,21.20,OK
STEADY,3,174,127,1.28,21.25,OK
STEADY,4,174,127,1.28,21.30,OK
STEADY,1,175,114,1.28,21.35,OK
STEADY,2,175,126,1.28,21.39,OK
STEADY,3,175,127,1.28,21.44,OK
STEADY,4,175,126,1.28,21.49,OK
STEADY,1,176,118,1.28,20.75,OK
STEADY,2,176,125,1.28,20.80,OK
STEADY,3,176,125,1.28,20.85,OK
STEADY,4,176,125,1.28,20.89,OK
STEADY,1,177,118,1.28,20.94,OK
STEADY,2,177,122,1.28,20.99,OK
STEADY,3,177,123,1.28,21.04,OK
STEADY,4,177,123,1.28,21.09,OK
STEADY,2,170,431,1.28,21.13,OK
STEADY,1,178,109,1.28,21.18,OK
STEADY,2,178,122,1.28,21.23,OK
STEADY,3,178,123,1.28,21.28,OK
STEADY,4,178,123,1.28,21.33,OK
STEADY,1,179,127,1.28,21.37,OK
STEADY,2,179,127,1.28,21.42,OK
STEADY,3,179,127,1.28,21.47,OK
STEADY,4,179,127,1.28,21.52,OK
STEADY,1,180,131,1.28,20.75,OK
STEADY,2,180,131,1.28,20.80,OK
STEADY,3,180,130,1.28,20.85,OK
STEADY,4,180,131,1.28,20.90,OK
STEADY,1,181,132,1.28,20.94,OK
STEADY,2,181,131,1.28,20.99,OK
STEADY,3,181,132,1.28,21.04,OK
STEADY,4,181,132,1.28,21.09,OK
STEADY,1,182,129,1.28,21.14,OK
STEADY,2,182,129,1.28,21.18,OK
STEADY,3,182,129,1.28,21.23,OK
STEADY,4,182,130,1.28,21.28,OK
STEADY,1,183,127,1.28,21.33,OK
STEADY,2,183,127,1.28,21.37,OK
STEADY,3,183,128,1.28,21.42,OK
STEADY,4,183,128,1.28,21.47,OK
STEADY,1,184,132,1.28,21.52,OK
STEADY,2,184,133,1.28,21.57,OK
STEADY,3,184,133,1.28,21.61,OK
STEADY,4,184,132,1.28,21.66,OK
STEADY,1,185,138,1.28,20.76,OK
STEADY,2,185,139,1.28,20.81,OK
STEADY,3,185,139,1.28,20.85,OK
STEADY,4,185,138,1.28,20.90,OK
STEADY,2,186,139,1.28,21.00,OK
STEADY,3,186,140,1.28,21.04,OK
STEADY,4,186,140,1.28,21.09,OK
STEADY,1,187,133,1.28,21.14,OK
STEADY,2,187,134,1.28,21.19,OK
STEADY,3,187,134,1.28,21.23,OK
STEADY,4,187,134,1.28,21.28,OK
STEADY,1,188,167,1.28,21.33,OK
STEADY,2,188,168,1.28,21.38,OK
STEADY,3,188,168,1.28,21.43,OK
STEADY,4,188,168,1.28,21.48,OK
STEADY,1,189,164,1.28,21.53,OK
STEADY,2,189,164,1.28,21.57,OK
STEADY,3,189,164,1.28,21.62,OK
STEADY,4,189,165,1.28,21.67,OK
STEADY,1,190,163,1.28,20.76,OK
STEADY,2,190,165,1.28,20.81,OK
STEADY,3,190,165,1.28,20.86,OK
STEADY,4,190,165,1.28,20.90,OK
STEADY,1,191,164,1.28,20.95,OK
STEADY,2,191,165,1.28,21.00,OK
STEADY,3,191,164,1.28,21.05,OK
STEADY,4,191,165,1.28,21.09,OK
STEADY,1,192,166,1.28,21.14,OK
STEADY,2,192,165,1.28,21.19,OK
STEADY,4,192,165,1.28,21.24,OK
STEADY,1,193,164,1.28,21.29,OK
STEADY,2,193,165,1.28,21.33,OK
STEADY,3,193,165,1.28,21.38,OK
STEADY,4,193,164,1.28,21.43,OK
STEADY,1,186,510,1.28,20.95,OK
STEADY,1,194,165,1.28,21.48,OK
STEADY,2,194,165,1.28,21.53,OK
STEADY,3,194,165,1.28,21.57,OK
STEADY,1,195,164,1.28,20.76,OK
STEADY,2,195,165,1.28,20.81,OK
STEADY,3,195,165,1.28,20.86,OK
STEADY,1,196,164,1.28,20.96,OK
STEADY,2,196,165,1.28,21.01,OK
STEADY,3,196,165,1.28,21.05,OK
STEADY,3,192,329,1.28,21.10,OK
STEADY,1,197,163,1.28,21.15,OK
STEADY,2,197,164,1.28,21.20,OK
STEADY,3,197,165,1.28,21.25,OK
STEADY,4,197,165,1.28,21.29,OK
STEADY,1,198,165,1.28,21.35,OK
STEADY,2,198,165,1.28,21.40,OK
STEADY,3,198,165,1.28,21.44,OK
STEADY,4,194,329,1.28,21.49,OK
STEADY,1,199,150,1.28,21.54,OK
STEADY,2,199,151,1.28,21.58,OK
STEADY,3,199,151,1.28,21.63,OK
STEADY,4,199,151,1.28,21.67,OK
STEADY,1,200,164,1.28,20.78,OK
STEADY,2,200,164,1.28,20.83,OK
STEADY,3,200,164,1.28,20.88,OK
STEADY,4,196,328,1.28,20.92,OK
STEADY,1,201,124,1.28,20.97,OK
STEADY,2,201,124,1.28,21.02,OK
STEADY,3,201,124,1.28,21.06,OK
STEADY,4,201,125,1.28,21.11,OK
STEADY,1,202,139,1.28,21.16,OK
STEADY,2,202,138,1.28,21.20,OK
STEADY,3,202,139,1.28,21.25,OK
STEADY,4,202,139,1.28,21.29,OK
STEADY,4,198,305,1.28,21.34,OK
STEADY,1,203,142,1.28,21.39,OK
STEADY,2,203,143,1.28,21.43,OK
STEADY,3,203,142,1.28,21.48,OK
STEADY,4,203,142,1.28,21.53,OK
STEADY,1,204,122,1.28,20.79,OK
STEADY,2,204,122,1.28,20.83,OK
STEADY,3,204,121,1.28,20.88,OK
STEADY,4,204,121,1.28,20.92,OK
STEADY,4,200,287,1.28,20.97,OK
STEADY,4,195,517,1.28,20.91,OK
STEADY,1,205,142,1.28,21.02,OK
STEADY,2,205,143,1.28,21.06,OK
STEADY,3,205,142,1.28,21.11,OK
STEADY,1,206,143,1.28,21.15,OK
STEADY,2,206,143,1.28,21.20,OK
STEADY,3,206,143,1.28,21.25,OK
STEADY,4,206,143,1.28,21.29,OK
STEADY,1,207,139,1.28,21.34,OK
STEADY,3,207,139,1.28,21.43,OK
STEADY,4,207,139,1.28,21.48,OK
STEADY,1,208,146,1.28,21.52,OK
STEADY,2,208,145,1.28,21.57,OK
STEADY,3,208,146,1.28,21.62,OK
STEADY,4,208,146,1.28,21.66,OK
STEADY,1,209,144,1.28,20.79,OK
STEADY,2,209,144,1.28,20.84,OK
STEADY,3,209,144,1.28,20.88,OK
STEADY,4,209,144,1.28,20.93,OK
STEADY,1,210,122,1.28,20.98,OK
STEADY,2,210,123,1.28,21.02,OK
STEADY,3,210,123,1.28,21.07,OK
STEADY,4,210,122,1.28,21.11,OK
STEADY,1,211,141,1.28,21.16,OK
STEADY,2,211,141,1.28,21.21,OK
STEADY,3,211,141,1.28,21.25,OK
STEADY,4,211,141,1.28,21.30,OK
STEADY,4,205,425,1.28,21.35,OK
STEADY,1,212,142,1.28,21.39,OK
STEADY,2,212,142,1.28,21.44,OK
STEADY,3,212,142,1.28,21.48,OK
STEADY,4,212,142,1.28,21.53,OK
STEADY,1,213,141,1.28,21.58,OK
STEADY,2,213,142,1.28,21.62,OK
STEADY,4,213,142,1.28,21.71,OK
STEADY,1,214,135,1.28,21.76,OK
STEADY,2,214,136,1.28,21.81,OK
STEADY,3,214,137,1.28,21.85,OK
STEADY,2,207,507,1.28,21.39,OK
STEADY,1,215,130,1.28,21.90,OK
STEADY,2,215,130,1.28,21.95,OK
STEADY,3,215,129,1.28,21.99,OK
STEADY,4,215,130,1.28,22.04,OK
STEADY,1,216,163,1.28,22.09,OK
STEADY,2,216,164,1.28,22.13,OK
STEADY,3,216,164,1.28,22.18,OK
STEADY,4,216,164,1.28,22.22,OK
STEADY,2,217,163,1.28,22.27,OK
STEADY,3,217,164,1.28,22.32,OK
STEADY,4,217,164,1.28,22.36,OK
STEADY,1,218,138,1.28,20.83,OK
STEADY,2,218,139,1.28,20.87,OK
STEADY,3,218,139,1.28,20.92,OK
STEADY,4,218,139,1.28,20.96,OK
STEADY,1,219,143,1.28,21.01,OK
STEADY,2,219,142,1.28,21.06,OK
STEADY,3,219,143,1.28,21.11,OK
STEADY,4,219,143,1.28,21.16,OK
STEADY,1,220,144,1.28,21.20,OK
STEADY,2,220,144,1.28,21.25,OK
STEADY,3,220,144,1.28,21.29,OK
STEADY,4,220,144,1.28,21.34,OK
STEADY,1,221,127,1.28,21.39,OK
STEADY,2,221,127,1.28,21.43,OK
STEADY,3,221,127,1.28,21.48,OK
STEADY,4,221,127,1.28,21.52,OK
STEADY,4,214,441,1.28,21.95,OK
STEADY,3,213,489,1.28,21.67,OK
STEADY,1,222,127,1.28,21.64,OK
STEADY,2,222,128,1.28,21.68,OK
STEADY,3,222,127,1.28,21.73,OK
STEADY,4,222,127,1.28,21.78,OK
STEADY,1,223,135,1.28,21.82,OK
STEADY,2,223,136,1.28,21.88,OK
STEADY,3,223,135,1.28,21.92,OK
STEADY,4,223,136,1.28,21.97,OK
STEADY,1,217,451,1.28,22.03,OK
STEADY,1,224,170,1.28,22.07,OK
STEADY,2,224,171,1.28,22.12,OK
STEADY,3,224,171,1.28,22.16,OK
STEADY,4,224,171,1.28,22.21,OK
STEADY,1,225,163,1.28,22.27,OK
STEADY,2,225,165,1.28,22.31,OK
STEADY,3,225,164,1.28,22.35,OK
STEADY,4,225,164,1.28,22.40,OK
STEADY,1,226,164,1.28,20.88,OK
STEADY,2,226,165,1.28,20.92,OK
STEADY,3,226,165,1.28,20.96,OK
STEADY,4,226,164,1.28,21.01,OK
STEADY,1,227,164,1.28,21.05,OK
STEADY,2,227,165,1.28,21.10,OK
STEADY,3,227,165,1.28,21.14,OK
STEADY,4,227,165,1.28,21.19,OK
STEADY,1,228,165,1.28,21.23,OK
STEADY,2,228,166,1.28,21.28,OK
STEADY,3,228,166,1.28,21.32,OK
STEADY,4,228,166,1.28,21.37,OK
STEADY,1,229,166,1.28,21.41,OK
STEADY,2,229,167,1.28,21.46,OK
STEADY,3,229,167,1.28,21.50,OK
STEADY,4,229,168,1.28,21.54,OK
STEADY,1,230,167,1.28,21.59,OK
STEADY,2,230,168,1.28,21.63,OK
STEADY,3,230,168,1.28,21.68,OK
STEADY,4,230,168,1.28,21.72,OK
STEADY,1,231,168,1.28,21.77,OK
STEADY,2,231,169,1.28,21.81,OK
STEADY,3,231,169,1.28,21.86,OK
STEADY,4,231,168,1.28,21.90,OK
STEADY,1,232,167,1.28,21.95,OK
STEADY,2,232,167,1.28,21.99,OK
STEADY,3,232,167,1.28,22.04,OK
STEADY,4,232,167,1.28,22.08,OK
STEADY,1,233,166,1.28,22.13,OK
STEADY,2,233,167,1.28,22.17,OK
STEADY,3,233,167,1.28,22.22,OK
STEADY,4,233,167,1.28,22.26,OK
STEADY,1,234,166,1.28,22.31,OK
STEADY,2,234,167,1.28,22.35,OK
STEADY,3,234,166,1.28,22.39,OK
STEADY,4,234,166,1.28,22.44,OK
STEADY,1,235,166,1.28,20.88,OK
STEADY,2,235,167,1.28,20.93,OK
STEADY,3,235,167,1.28,20.97,OK
STEADY,4,235,168,1.28,21.02,OK
STEADY,1,236,168,1.28,21.06,OK
STEADY,2,236,169,1.28,21.11,OK
STEADY,3,236,169,1.28,21.15,OK
STEADY,1,237,168,1.28,21.24,OK
STEADY,2,237,168,1.28,21.28,OK
STEADY,3,237,168,1.28,21.33,OK
STEADY,4,237,168,1.28,21.37,OK
STEADY,1,238,168,1.28,21.42,OK
STEADY,2,238,169,1.28,21.46,OK
STEADY,3,238,169,1.28,21.51,OK
STEADY,4,238,169,1.28,21.55,OK
STEADY,1,239,168,1.28,21.60,OK
STEADY,2,239,169,1.28,21.64,OK
STEADY,3,239,169,1.28,21.69,OK
STEADY,4,239,169,1.28,21.73,OK
STEADY,1,240,166,1.28,21.78,OK
STEADY,2,240,166,1.28,21.82,OK
STEADY,3,240,167,1.28,21.86,OK
STEADY,4,240,167,1.28,21.91,OK
STEADY,1,241,166,1.25,21.95,OK
STEADY,2,241,167,1.25,22.00,OK
STEADY,3,241,168,1.25,22.04,OK
STEADY,4,241,167,1.25,22.08,OK
STEADY,1,242,166,1.25,22.13,OK
STEADY,2,242,167,1.25,22.17,OK
STEADY,3,242,166,1.25,22.22,OK
STEADY,4,242,167,1.25,22.26,OK
STEADY,1,243,165,1.25,22.31,OK
STEADY,2,243,166,1.25,22.35,OK
STEADY,3,243,165,1.25,22.39,OK
STEADY,4,243,166,1.25,22.44,OK
STEADY,1,244,167,1.25,20.89,OK
STEADY,2,244,168,1.25,20.93,OK
STEADY,3,244,168,1.25,20.97,OK
STEADY,4,244,168,1.25,21.02,OK
STEADY,1,245,167,1.25,21.06,OK
STEADY,2,245,167,1.25,21.11,OK
STEADY,3,245,167,1.25,21.15,OK
STEADY,4,245,168,1.25,21.19,OK
STEADY,1,246,167,1.25,21.24,OK
STEADY,2,246,168,1.25,21.28,OK
STEADY,3,246,167,1.25,21.33,OK
STEADY,4,246,168,1.25,21.37,OK
STEADY,1,247,168,1.25,21.42,OK
STEADY,2,247,168,1.25,21.46,OK
STEADY,3,247,168,1.25,21.50,OK
STEADY,4,247,169,1.25,21.55,OK
STEADY,4,236,669,1.28,21.19,OK
STEADY,1,248,169,1.25,21.59,OK
STEADY,2,248,168,1.25,21.64,OK
STEADY,3,248,168,1.25,21.68,OK
STEADY,4,248,169,1.25,21.72,OK
STEADY,1,249,170,1.25,21.77,OK
STEADY,2,249,170,1.25,21.81,OK
STEADY,3,249,170,1.25,21.86,OK
STEADY,4,249,170,1.25,21.90,OK
STEADY,1,250,137,1.25,21.95,OK
STEADY,2,250,138,1.25,21.99,OK
STEADY,3,250,137,1.25,22.03,OK
STEADY,4,250,139,1.25,22.08,OK
STEADY,1,251,140,1.25,22.12,OK
STEADY,2,251,140,1.25,22.17,OK
STEADY,3,251,140,1.25,22.21,OK
STEADY,4,251,140,1.25,22.25,OK
STEADY,1,252,127,1.25,22.30,OK
STEADY,2,252,128,1.25,22.34,OK
STEADY,3,252,128,1.25,22.39,OK
STEADY,4,252,127,1.25,22.43,OK
STEADY,1,253,105,1.25,20.86,OK
STEADY,2,253,106,1.25,20.90,OK
STEADY,3,253,106,1.25,20.95,OK
STEADY,4,253,106,1.25,20.99,OK
STEADY,1,254,116,1.25,21.04,OK
STEADY,2,254,116,1.25,21.08,OK
STEADY,3,254,117,1.25,21.12,OK
STEADY,4,254,116,1.25,21.17,OK
STEADY,1,255,120,1.25,21.21,OK
STEADY,2,255,120,1.25,21.26,OK
STEADY,3,255,121,1.25,21.30,OK
STEADY,4,255,116,1.25,21.35,OK
STEADY,1,256,117,1.25,21.39,OK
STEADY,2,256,118,1.25,21.43,OK
STEADY,3,256,118,1.25,21.48,OK
STEADY,4,256,126,1.25,21.52,OK
STEADY,1,257,116,1.25,21.57,OK
STEADY,2,257,116,1.25,21.61,OK
STEADY,3,257,116,1.25,21.66,OK
STEADY,4,257,126,1.25,21.70,OK
STEADY,1,258,116,1.25,21.75,OK
STEADY,2,258,116,1.25,21.79,OK
STEADY,3,258,116,1.25,21.83,OK
STEADY,4,258,125,1.25,21.88,OK
STEADY,1,259,119,1.25,21.93,OK
STEADY,2,259,127,1.25,21.97,OK
STEADY,3,259,126,1.25,22.01,OK
STEADY,4,259,127,1.25,22.05,OK
STEADY,1,260,119,1.25,22.10,OK
STEADY,2,260,127,1.25,22.14,OK
STEADY,3,260,126,1.25,22.18,OK
STEADY,4,260,127,1.25,22.22,OK
STEADY,1,261,118,1.25,22.26,OK
STEADY,2,261,127,1.25,22.30,OK
STEADY,3,261,126,1.25,22.34,OK
STEADY,4,261,126,1.25,22.38,OK
STEADY,1,262,117,1.25,22.43,OK
STEADY,2,262,125,1.25,20.91,OK
STEADY,3,262,124,1.25,20.95,OK
STEADY,4,262,124,1.25,20.99,OK
STEADY,1,263,116,1.25,21.03,OK
STEADY,2,263,125,1.25,21.07,OK
STEADY,4,263,125,1.25,21.15,OK
STEADY,1,264,119,1.25,21.19,OK
STEADY,2,264,127,1.25,21.23,OK
STEADY,3,264,127,1.25,21.28,OK
STEADY,4,264,126,1.25,21.32,OK
STEADY,1,265,120,1.25,21.36,OK
STEADY,2,265,126,1.25,21.40,OK
STEADY,3,265,127,1.25,21.44,OK
STEADY,4,265,126,1.25,21.48,OK
STEADY,1,266,118,1.25,21.52,OK
STEADY,2,266,121,1.25,21.56,OK
STEADY,3,266,120,1.25,21.60,OK
STEADY,4,266,120,1.25,21.64,OK
STEADY,1,267,108,1.25,21.69,OK
STEADY,2,267,122,1.25,21.73,OK
STEADY,3,267,123,1.25,21.77,OK
STEADY,4,267,123,1.25,21.81,OK
STEADY,1,268,111,1.25,21.85,OK
STEADY,2,268,106,1.25,21.89,OK
STEADY,3,268,107,1.25,21.93,OK
STEADY,4,268,107,1.25,21.97,OK
STEADY,1,269,130,1.25,22.01,OK
STEADY,2,269,116,1.25,22.05,OK
STEADY,3,269,117,1.25,22.10,OK
STEADY,4,269,117,1.25,22.14,OK
STEADY,1,270,130,1.25,22.18,OK
STEADY,2,270,130,1.25,22.22,OK
STEADY,3,270,130,1.25,22.26,OK
STEADY,4,270,130,1.25,22.30,OK
STEADY,1,271,130,1.25,22.34,OK
STEADY,2,271,129,1.25,22.38,OK
STEADY,3,271,129,1.25,22.42,OK
STEADY,4,271,129,1.25,22.46,OK
STEADY,1,272,128,1.25,20.91,OK
STEADY,3,263,501,1.25,21.11,OK
STEADY,2,272,127,1.25,20.95,OK
STEADY,3,272,126,1.25,20.99,OK
STEADY,4,272,128,1.25,21.03,OK
STEADY,1,273,127,1.25,21.07,OK
STEADY,2,273,127,1.25,21.12,OK
STEADY,3,273,127,1.25,21.16,OK
STEADY,4,273,126,1.25,21.20,OK
STEADY,1,274,123,1.25,21.24,OK
STEADY,2,274,125,1.25,21.28,OK
STEADY,3,274,126,1.25,21.32,OK
STEADY,4,274,126,1.25,21.36,OK
STEADY,1,275,111,1.25,21.40,OK
STEADY,2,275,125,1.25,21.44,OK
STEADY,3,275,124,1.25,21.48,OK
STEADY,4,275,124,1.25,21.52,OK
STEADY,1,276,124,1.25,21.57,OK
STEADY,2,276,111,1.25,21.61,OK
STEADY,3,276,111,1.25,21.65,OK
STEADY,4,276,110,1.25,21.69,OK
STEADY,1,277,126,1.25,21.73,OK
STEADY,2,277,127,1.25,21.77,OK
STEADY,3,277,126,1.25,21.81,OK
STEADY,4,277,126,1.25,21.85,OK
STEADY,1,278,129,1.25,21.89,OK
STEADY,2,278,126,1.25,21.94,OK
STEADY,3,278,127,1.25,21.98,OK
STEADY,4,278,127,1.25,22.02,OK
STEADY,1,279,128,1.25,22.06,OK
STEADY,2,279,126,1.25,22.10,OK
STEADY,3,279,127,1.25,22.14,OK
STEADY,4,279,127,1.25,22.18,OK
STEADY,1,280,130,1.25,22.22,OK
STEADY,2,280,126,1.25,22.26,OK
STEADY,3,280,126,1.25,22.30,OK
STEADY,4,280,128,1.25,22.34,OK
STEADY,1,281,128,1.25,22.39,OK
STEADY,2,281,128,1.25,22.43,OK
STEADY,3,281,128,1.25,22.47,OK
STEADY,4,281,128,1.25,22.51,OK
STEADY,1,282,130,1.25,20.88,OK
STEADY,2,282,128,1.25,20.92,OK
STEADY,3,282,129,1.25,20.96,OK
STEADY,4,282,129,1.25,21.00,OK
STEADY,1,283,126,1.25,21.05,OK
STEADY,2,283,130,1.25,21.09,OK
STEADY,3,283,130,1.25,21.13,OK
STEADY,4,283,130,1.25,21.17,OK
STEADY,1,284,126,1.25,21.21,OK
STEADY,2,284,125,1.25,21.25,OK
STEADY,3,284,126,1.25,21.29,OK
STEADY,4,284,126,1.25,21.33,OK
STEADY,1,285,124,1.25,21.37,OK
STEADY,2,285,128,1.25,21.42,OK
STEADY,3,285,128,1.25,21.46,OK
STEADY,4,285,128,1.25,21.50,OK
STEADY,1,286,126,1.25,21.54,OK
STEADY,2,286,127,1.25,21.58,OK
STEADY,3,286,127,1.25,21.62,OK
STEADY,4,286,127,1.25,21.66,OK
STEADY,1,287,127,1.25,21.70,OK
STEADY,2,287,129,1.25,21.74,OK
STEADY,3,287,129,1.25,21.78,OK
STEADY,4,287,128,1.25,21.82,OK
STEADY,1,288,126,1.25,21.87,OK
STEADY,2,288,126,1.25,21.91,OK
STEADY,3,288,127,1.25,21.95,OK
STEADY,4,288,127,1.25,21.99,OK
STEADY,1,289,126,1.25,22.03,OK
STEADY,2,289,126,1.25,22.07,OK
STEADY,3,289,127,1.25,22.11,OK
STEADY,4,289,127,1.25,22.15,OK
STEADY,1,290,126,1.25,22.20,OK
STEADY,2,290,127,1.25,22.24,OK
STEADY,3,290,127,1.25,22.28,OK
STEADY,4,290,127,1.25,22.32,OK
STEADY,1,291,126,1.25,22.36,OK
STEADY,2,291,126,1.25,22.40,OK
STEADY,3,291,127,1.25,22.44,OK
STEADY,4,291,127,1.25,22.48,OK
STEADY,1,292,113,1.25,20.92,OK
STEADY,2,292,129,1.25,20.96,OK
STEADY,3,292,129,1.25,21.00,OK
STEADY,4,292,129,1.25,21.04,OK
STEADY,1,293,126,1.25,21.08,OK
STEADY,2,293,112,1.25,21.12,OK
STEADY,3,293,113,1.25,21.16,OK
STEADY,4,293,113,1.25,21.20,OK
STEADY,1,294,112,1.25,21.25,OK
STEADY,2,294,142,1.25,21.29,OK
STEADY,3,294,142,1.25,21.33,OK
STEADY,4,294,143,1.25,21.37,OK
STEADY,2,295,108,1.25,21.41,OK
STEADY,3,295,108,1.25,21.45,OK
STEADY,4,295,108,1.25,21.50,OK
STEADY,1,296,126,1.25,21.54,OK
STEADY,2,296,131,1.25,21.58,OK
STEADY,3,296,131,1.25,21.62,OK
STEADY,4,296,130,1.25,21.66,OK
STEADY,1,297,118,1.25,21.70,OK
STEADY,2,297,129,1.25,21.74,OK
STEADY,3,297,128,1.25,21.78,OK
STEADY,4,297,129,1.25,21.82,OK
STEADY,1,298,132,1.25,21.87,OK
STEADY,2,298,127,1.25,21.91,OK
STEADY,3,298,128,1.25,21.95,OK
STEADY,4,298,128,1.25,21.99,OK
STEADY,1,299,129,1.25,22.03,OK
STEADY,2,299,114,1.25,22.07,OK
STEADY,3,299,114,1.25,22.11,OK
STEADY,4,299,114,1.25,22.15,OK
STEADY,1,300,125,1.25,22.19,OK
STEADY,2,300,127,1.25,22.24,OK
STEADY,3,300,127,1.25,22.28,OK
STEADY,4,300,127,1.25,22.32,OK
STEADY,1,301,114,1.25,22.36,OK
STEADY,2,301,127,1.25,22.40,OK
STEADY,3,301,127,1.25,22.44,OK
STEADY,4,301,127,1.25,22.48,OK
STEADY,1,302,127,1.25,20.92,OK
STEADY,1,295,422,1.25,20.96,OK
STEADY,2,302,127,1.25,21.00,OK
STEADY,3,302,127,1.25,21.04,OK
STEADY,4,302,127,1.25,21.08,OK
STEADY,1,303,129,1.25,21.13,OK
STEADY,2,303,127,1.25,21.17,OK
STEADY,3,303,127,1.25,21.21,OK
STEADY,4,303,127,1.25,21.25,OK
STEADY,1,304,129,1.25,21.29,OK
STEADY,2,304,126,1.25,21.33,OK
STEADY,3,304,126,1.25,21.37,OK
STEADY,4,304,127,1.25,21.41,OK
STEADY,1,305,131,1.25,21.45,OK
STEADY,2,305,125,1.25,21.50,OK
STEADY,3,305,126,1.25,21.54,OK
STEADY,4,305,126,1.25,21.58,OK
STEADY,1,306,126,1.25,21.62,OK
STEADY,2,306,125,1.25,21.66,OK
STEADY,3,306,126,1.25,21.70,OK
STEADY,4,306,126,1.25,21.74,OK
STEADY,1,307,124,1.25,21.78,OK
STEADY,2,307,126,1.25,21.82,OK
STEADY,3,307,126,1.25,21.86,OK
STEADY,4,307,126,1.25,21.90,OK
STEADY,1,308,122,1.25,21.95,OK
STEADY,2,308,127,1.25,21.99,OK
STEADY,3,308,126,1.25,22.03,OK
STEADY,4,308,126,1.25,22.07,OK
STEADY,1,309,124,1.25,22.11,OK
STEADY,2,309,127,1.25,22.15,OK
STEADY,3,309,127,1.25,22.19,OK
STEADY,4,309,127,1.25,22.23,OK
STEADY,1,310,126,1.25,22.27,OK
STEADY,2,310,127,1.25,22.31,OK
STEADY,3,310,127,1.25,22.35,OK
STEADY,4,310,128,1.25,22.39,OK
STEADY,1,311,127,1.25,22.44,OK
STEADY,2,311,126,1.25,20.89,OK
STEADY,3,311,127,1.25,20.93,OK
STEADY,4,311,128,1.25,20.97,OK
STEADY,1,312,129,1.25,21.01,OK
STEADY,2,312,126,1.25,21.05,OK
STEADY,3,312,127,1.25,21.09,OK
STEADY,4,312,127,1.25,21.13,OK
STEADY,1,313,130,1.25,21.18,OK
STEADY,2,313,126,1.25,21.22,OK
STEADY,3,313,127,1.25,21.26,OK
STEADY,4,313,126,1.25,21.30,OK
STEADY,1,314,131,1.25,21.34,OK
STEADY,2,314,125,1.25,21.38,OK
STEADY,3,314,126,1.25,21.42,OK
STEADY,4,314,126,1.25,21.46,OK
STEADY,1,315,126,1.25,21.50,OK
STEADY,2,315,126,1.25,21.54,OK
STEADY,4,315,126,1.25,21.63,OK
STEADY,1,316,124,1.25,21.67,OK
STEADY,3,316,123,1.25,21.71,OK
STEADY,4,316,124,1.25,21.75,OK
STEADY,1,317,136,1.25,21.79,OK
STEADY,2,317,112,1.25,21.83,OK
STEADY,3,317,113,1.25,21.87,OK
STEADY,4,317,114,1.25,21.91,OK
STEADY,1,318,140,1.25,21.95,OK
STEADY,2,318,124,1.25,22.00,OK
STEADY,3,318,126,1.25,22.04,OK
STEADY,4,318,126,1.25,22.08,OK
STEADY,1,319,112,1.25,22.12,OK
STEADY,2,319,127,1.25,22.16,OK
STEADY,3,319,144,1.25,22.20,OK
STEADY,4,319,145,1.25,22.24,OK
STEADY,1,320,116,1.25,22.28,OK
STEADY,2,320,126,1.25,22.32,OK
STEADY,3,320,141,1.25,22.36,OK
STEADY,4,320,142,1.25,22.40,OK
STEADY,1,321,114,1.25,22.44,OK
STEADY,2,321,113,1.25,20.86,OK
STEADY,3,321,113,1.25,20.90,OK
STEADY,4,321,114,1.25,20.94,OK
STEADY,2,322,114,1.25,20.99,OK
STEADY,3,322,114,1.25,21.03,OK
STEADY,4,322,114,1.25,21.07,OK
STEADY,1,323,114,1.25,21.11,OK
STEADY,2,323,115,1.25,21.15,OK
STEADY,3,323,115,1.25,21.19,OK
STEADY,4,323,115,1.25,21.23,OK
STEADY,2,316,427,1.25,21.27,OK
STEADY,1,324,130,1.25,21.31,OK
STEADY,3,315,494,1.25,21.59,OK
STEADY,2,324,117,1.25,21.35,OK
STEADY,3,324,117,1.25,21.39,OK
STEADY,4,324,116,1.25,21.43,OK
STEADY,1,325,129,1.25,21.48,OK
STEADY,2,325,127,1.25,21.52,OK
STEADY,3,325,129,1.25,21.56,OK
STEADY,4,325,129,1.25,21.60,OK
STEADY,1,326,124,1.25,21.64,OK
STEADY,2,326,127,1.25,21.68,OK
STEADY,3,326,127,1.25,21.72,OK
STEADY,4,326,127,1.25,21.76,OK
STEADY,1,327,116,1.25,21.80,OK
STEADY,2,327,144,1.25,21.85,OK
STEADY,3,327,143,1.25,21.89,OK
STEADY,4,327,143,1.25,21.93,OK
STEADY,1,328,124,1.25,21.97,OK
STEADY,2,328,112,1.25,22.01,OK
STEADY,3,328,112,1.25,22.05,OK
STEADY,4,328,112,1.25,22.09,OK
STEADY,1,329,146,1.25,22.13,OK
STEADY,1,322,440,1.25,22.17,OK
STEADY,2,329,113,1.25,22.22,OK
STEADY,3,329,113,1.25,22.26,OK
STEADY,4,329,113,1.25,22.30,OK
STEADY,1,330,129,1.25,22.34,OK
STEADY,2,330,123,1.25,22.38,OK
STEADY,3,330,123,1.25,22.42,OK
STEADY,4,330,123,1.25,22.46,OK
STEADY,1,331,108,1.25,20.92,OK
STEADY,2,331,117,1.25,20.96,OK
STEADY,3,331,142,1.25,21.00,OK
STEADY,4,331,143,1.25,21.04,OK
STEADY,1,332,128,1.25,21.09,OK
STEADY,2,332,143,1.25,21.13,OK
STEADY,3,332,142,1.25,21.17,OK
STEADY,4,332,142,1.25,21.21,OK
STEADY,1,333,128,1.25,21.25,OK
STEADY,2,333,141,1.25,21.29,OK
STEADY,3,333,141,1.25,21.33,OK
STEADY,4,333,141,1.25,21.37,OK
STEADY,1,334,141,1.25,21.41,OK
STEADY,2,334,113,1.25,21.46,OK
STEADY,3,334,113,1.25,21.50,OK
STEADY,4,334,113,1.25,21.54,OK
STEADY,1,335,141,1.25,21.58,OK
STEADY,2,335,132,1.25,21.62,OK
STEADY,3,335,132,1.25,21.66,OK
STEADY,4,335,132,1.25,21.70,OK
STEADY,1,336,118,1.25,21.74,OK
STEADY,2,336,128,1.25,21.78,OK
STEADY,3,336,128,1.25,21.82,OK
STEADY,4,336,128,1.25,21.86,OK
STEADY,1,337,113,1.25,21.91,OK
STEADY,2,337,120,1.25,21.95,OK
STEADY,3,337,120,1.25,21.99,OK
STEADY,4,337,121,1.25,22.03,OK
STEADY,1,338,105,1.25,22.07,OK
STEADY,2,338,120,1.25,22.11,OK
STEADY,3,338,113,1.25,22.15,OK
STEADY,4,338,113,1.25,22.19,OK
STEADY,1,339,128,1.25,22.23,OK
STEADY,2,339,117,1.25,22.28,OK
STEADY,4,339,142,1.25,22.36,OK
STEADY,1,340,127,1.25,22.40,OK
STEADY,2,340,125,1.25,22.44,OK
STEADY,3,340,110,1.25,20.89,OK
STEADY,4,340,110,1.25,20.93,OK
STEADY,1,341,140,1.25,20.98,OK
STEADY,2,341,140,1.25,21.02,OK
STEADY,3,341,110,1.25,21.06,OK
STEADY,4,341,109,1.25,21.10,OK
STEADY,1,342,141,1.25,21.14,OK
STEADY,2,342,140,1.25,21.18,OK
STEADY,3,342,127,1.25,21.22,OK
STEADY,4,342,126,1.25,21.26,OK
STEADY,1,343,112,1.25,21.31,OK
STEADY,2,343,112,1.25,21.35,OK
STEADY,3,343,124,1.25,21.41,OK
STEADY,4,343,124,1.25,21.45,OK
STEADY,1,344,110,1.25,21.49,OK
STEADY,2,344,109,1.25,21.53,OK
STEADY,3,344,118,1.25,21.57,OK
STEADY,4,344,117,1.25,21.61,OK
STEADY,1,345,127,1.25,21.65,OK
STEADY,2,345,127,1.25,21.69,OK
STEADY,3,345,116,1.25,21.73,OK
STEADY,4,345,118,1.25,21.77,OK
STEADY,1,346,120,1.25,21.81,OK
STEADY,2,346,121,1.25,21.85,OK
STEADY,3,346,144,1.25,21.89,OK
STEADY,4,346,144,1.25,21.93,OK
STEADY,1,347,129,1.25,21.97,OK
STEADY,2,347,129,1.25,22.01,OK
STEADY,3,339,475,1.25,22.32,OK
STEADY,3,347,112,1.25,22.06,OK
STEADY,4,347,113,1.25,22.10,OK
STEADY,1,348,143,1.25,22.14,OK
STEADY,2,348,143,1.25,22.18,OK
STEADY,3,348,118,1.25,22.21,OK
STEADY,4,348,117,1.25,22.25,OK
STEADY,1,349,142,1.25,22.29,OK
STEADY,2,349,142,1.25,22.33,OK
STEADY,3,349,117,1.25,22.37,OK
STEADY,4,349,125,1.25,22.41,OK
STEADY,2,350,109,1.25,22.45,OK
STEADY,3,350,120,1.25,20.95,OK
STEADY,4,350,119,1.25,20.99,OK
STEADY,1,351,105,1.25,21.03,OK
STEADY,2,351,105,1.25,21.07,OK
STEADY,3,351,143,1.25,21.11,OK
STEADY,4,351,142,1.25,21.15,OK
STEADY,1,352,127,1.25,21.19,OK
STEADY,2,352,127,1.25,21.23,OK
STEADY,3,352,144,1.25,21.27,OK
STEADY,4,352,143,1.25,21.31,OK
STEADY,1,353,133,1.25,21.35,OK
STEADY,2,353,133,1.25,21.39,OK
STEADY,3,353,111,1.25,21.43,OK
STEADY,4,353,111,1.25,21.47,OK
STEADY,1,354,144,1.25,21.51,OK
STEADY,2,354,143,1.25,21.55,OK
STEADY,3,354,112,1.25,21.59,OK
STEADY,4,354,112,1.25,21.63,OK
STEADY,1,355,143,1.25,21.67,OK
STEADY,2,355,143,1.25,21.71,OK
STEADY,3,355,118,1.25,21.75,OK
STEADY,4,355,118,1.25,21.79,OK
STEADY,1,356,114,1.25,21.83,OK
STEADY,2,356,113,1.25,21.86,OK
STEADY,3,356,118,1.23,21.91,OK
STEADY,4,356,118,1.23,21.94,OK
STEADY,1,350,437,1.23,21.98,OK
STEADY,1,357,106,1.23,22.02,OK
STEADY,2,357,106,1.23,22.06,OK
STEADY,3,357,118,1.23,22.10,OK
STEADY,4,357,126,1.23,22.14,OK
STEADY,1,358,110,1.23,22.18,OK
STEADY,2,358,110,1.23,22.22,OK
STEADY,3,358,143,1.23,22.26,OK
STEADY,4,358,142,1.23,22.30,OK
STEADY,1,359,127,1.23,22.34,OK
STEADY,2,359,127,1.23,22.38,OK
STEADY,3,359,144,1.23,22.42,OK
STEADY,4,359,143,1.23,22.46,OK
STEADY,1,360,144,1.23,20.93,OK
STEADY,2,360,143,1.23,20.97,OK
STEADY,3,360,113,1.23,21.01,OK
STEADY,4,360,113,1.23,21.04,OK
STEADY,2,361,142,1.23,21.09,OK
STEADY,3,361,131,1.23,21.12,OK
STEADY,4,361,131,1.23,21.16,OK
STEADY,1,362,142,1.23,21.20,OK
STEADY,2,362,141,1.23,21.24,OK
STEADY,3,362,125,1.23,21.28,OK
STEADY,4,362,124,1.23,21.32,OK
STEADY,1,363,125,1.23,21.36,OK
STEADY,2,363,126,1.23,21.40,OK
STEADY,3,363,117,1.23,21.44,OK
STEADY,4,363,119,1.23,21.48,OK
STEADY,1,364,126,1.23,21.52,OK
STEADY,2,364,126,1.23,21.56,OK
STEADY,3,364,144,1.23,21.60,OK
STEADY,4,364,143,1.23,21.64,OK
STEADY,1,365,128,1.23,21.68,OK
STEADY,2,365,128,1.23,21.72,OK
STEADY,3,365,111,1.23,21.76,OK
STEADY,4,365,110,1.23,21.80,OK
STEADY,1,366,137,1.23,21.84,OK
STEADY,2,366,137,1.23,21.88,OK
STEADY,3,366,108,1.23,21.92,OK
STEADY,4,366,107,1.23,21.95,OK
STEADY,1,367,131,1.23,22.00,OK
STEADY,2,367,159,1.23,22.04,OK
STEADY,3,367,128,1.23,22.08,OK
STEADY,4,367,128,1.23,22.12,OK
STEADY,1,368,138,1.23,22.19,OK
STEADY,2,368,138,1.23,22.23,OK
STEADY,3,368,111,1.23,22.27,OK
STEADY,4,368,111,1.23,22.31,OK
STEADY,1,369,124,1.23,22.35,OK
STEADY,2,369,124,1.23,22.39,OK
STEADY,3,369,152,1.23,22.43,OK
STEADY,4,369,152,1.23,22.47,OK
STEADY,1,370,139,1.23,22.51,OK
STEADY,3,370,111,1.23,20.90,OK
STEADY,4,370,111,1.23,20.94,OK
STEADY,1,371,110,1.23,20.98,OK
STEADY,2,371,110,1.23,21.02,OK
STEADY,3,371,113,1.23,21.06,OK
STEADY,4,371,113,1.23,21.10,OK
STEADY,1,372,109,1.23,21.14,OK
STEADY,2,372,108,1.23,21.18,OK
STEADY,3,372,113,1.23,21.22,OK
STEADY,4,372,113,1.23,21.26,OK
STEADY,1,373,113,1.23,21.30,OK
STEADY,3,373,113,1.23,21.33,OK
STEADY,4,373,115,1.23,21.37,OK
STEADY,1,374,113,1.23,21.41,OK
STEADY,2,374,113,1.23,21.45,OK
STEADY,3,374,114,1.23,21.49,OK
STEADY,4,374,117,1.23,21.53,OK
STEADY,1,375,114,1.23,21.57,OK
STEADY,2,375,114,1.23,21.61,OK
STEADY,3,375,114,1.23,21.65,OK
STEADY,4,375,114,1.23,21.69,OK
STEADY,2,373,226,1.23,21.73,OK
STEADY,1,376,114,1.23,21.77,OK
STEADY,1,361,793,1.23,22.15,OK
STEADY,2,376,115,1.23,21.81,OK
STEADY,3,376,114,1.23,21.85,OK
STEADY,4,376,116,1.23,21.89,OK
STEADY,1,377,114,1.23,21.93,OK
STEADY,2,377,114,1.23,21.96,OK
STEADY,3,377,115,1.23,22.00,OK
STEADY,4,377,115,1.23,22.04,OK
STEADY,1,378,115,1.23,22.08,OK
STEADY,2,378,115,1.23,22.12,OK
STEADY,3,378,114,1.23,22.16,OK
STEADY,2,370,491,1.23,22.54,OK
STEADY,4,378,114,1.23,22.20,OK
STEADY,1,379,112,1.23,22.24,OK
STEADY,2,379,125,1.23,22.28,OK
STEADY,3,379,114,1.23,22.32,OK
STEADY,4,379,111,1.23,22.36,OK
STEADY,1,380,111,1.23,22.40,OK
STEADY,2,380,111,1.23,22.43,OK
STEADY,4,380,108,1.23,22.47,OK
STEADY,1,381,108,1.23,20.96,OK
STEADY,2,381,110,1.23,21.00,OK
STEADY,3,381,123,1.23,21.04,OK
STEADY,4,381,124,1.23,21.08,OK
STEADY,1,382,111,1.23,21.12,OK
STEADY,2,382,109,1.23,21.16,OK
STEADY,3,382,127,1.23,21.20,OK
STEADY,4,382,128,1.23,21.24,OK
STEADY,1,383,128,1.23,21.28,OK
STEADY,2,383,129,1.23,21.32,OK
STEADY,3,383,129,1.23,21.36,OK
STEADY,4,383,130,1.23,21.40,OK
STEADY,1,384,113,1.23,21.43,OK
STEADY,2,384,114,1.23,21.47,OK
STEADY,3,384,114,1.23,21.51,OK
STEADY,4,384,132,1.23,21.55,OK
STEADY,1,385,126,1.23,21.59,OK
STEADY,2,385,126,1.23,21.63,OK
STEADY,3,385,126,1.23,21.67,OK
STEADY,4,385,113,1.23,21.71,OK
STEADY,1,386,125,1.23,21.75,OK
STEADY,2,386,126,1.23,21.79,OK
STEADY,3,386,125,1.23,21.82,OK
STEADY,4,386,127,1.23,21.86,OK
STEADY,1,387,121,1.23,21.90,OK
STEADY,2,387,121,1.23,21.94,OK
STEADY,3,387,122,1.23,21.98,OK
STEADY,3,380,435,1.23,22.02,OK
STEADY,4,387,125,1.23,22.06,OK
STEADY,1,388,122,1.23,22.10,OK
STEADY,2,388,121,1.23,22.14,OK
STEADY,3,388,122,1.23,22.17,OK
STEADY,4,388,126,1.23,22.21,OK
STEADY,1,389,122,1.23,22.25,OK
STEADY,2,389,122,1.23,22.29,OK
STEADY,3,389,122,1.23,22.33,OK
STEADY,4,389,128,1.23,22.37,OK
STEADY,1,390,122,1.23,22.41,OK
STEADY,2,390,123,1.23,22.45,OK
STEADY,3,390,123,1.23,22.49,OK
STEADY,4,390,128,1.23,20.94,OK
STEADY,1,391,121,1.23,20.98,OK
STEADY,2,391,122,1.23,21.02,OK
STEADY,3,391,122,1.23,21.06,OK
STEADY,4,391,126,1.23,21.10,OK
STEADY,1,392,120,1.23,21.13,OK
STEADY,2,392,120,1.23,21.17,OK
STEADY,3,392,120,1.23,21.21,OK
STEADY,4,392,124,1.23,21.25,OK
STEADY,1,393,120,1.23,21.29,OK
STEADY,2,393,120,1.23,21.33,OK
STEADY,3,393,120,1.23,21.37,OK
STEADY,4,393,125,1.23,21.41,OK
STEADY,1,394,112,1.23,21.45,OK
STEADY,2,394,111,1.23,21.48,OK
STEADY,3,394,111,1.23,21.52,OK
STEADY,4,394,127,1.23,21.56,OK
STEADY,1,395,121,1.23,21.60,OK
STEADY,2,395,120,1.23,21.64,OK
STEADY,3,395,113,1.23,21.68,OK
STEADY,4,395,112,1.23,21.72,OK
STEADY,1,396,141,1.23,21.76,OK
STEADY,2,396,160,1.23,21.80,OK
STEADY,3,396,147,1.23,21.84,OK
STEADY,4,396,146,1.23,21.87,OK
STEADY,1,397,119,1.23,21.91,OK
STEADY,2,397,119,1.23,21.95,OK
STEADY,3,397,126,1.23,21.99,OK
STEADY,4,397,127,1.23,22.03,OK
STEADY,1,398,118,1.23,22.07,OK
STEADY,2,398,118,1.23,22.11,OK
STEADY,3,398,126,1.23,22.15,OK
STEADY,4,398,127,1.23,22.19,OK
STEADY,1,399,118,1.23,22.23,OK
STEADY,2,399,118,1.23,22.27,OK
STEADY,3,399,127,1.23,22.31,OK
STEADY,4,399,127,1.23,22.34,OK
STEADY,1,400,118,1.23,22.38,OK
STEADY,2,400,119,1.23,22.42,OK
STEADY,3,400,127,1.23,22.46,OK
STEADY,4,400,127,1.23,22.50,OK
STEADY,1,401,118,1.23,20.97,OK
STEADY,2,401,119,1.23,21.01,OK
STEADY,3,401,125,1.23,21.05,OK
STEADY,4,401,125,1.23,21.09,OK
STEADY,1,402,119,1.23,21.13,OK
STEADY,2,402,119,1.23,21.17,OK
STEADY,3,402,125,1.23,21.21,OK
STEADY,4,402,125,1.23,21.25,OK
STEADY,1,403,119,1.23,21.30,OK
STEADY,2,403,119,1.23,21.34,OK
STEADY,4,403,124,1.23,21.38,OK
STEADY,1,404,121,1.23,21.41,OK
STEADY,2,404,120,1.23,21.45,OK
STEADY,3,404,127,1.23,21.50,OK
STEADY,4,404,127,1.23,21.53,OK
STEADY,1,405,121,1.23,21.57,OK
STEADY,2,405,120,1.23,21.61,OK
STEADY,3,405,127,1.23,21.65,OK
STEADY,4,405,127,1.23,21.69,OK
STEADY,1,406,121,1.23,21.73,OK
STEADY,2,406,120,1.23,21.77,OK
STEADY,3,406,123,1.23,21.81,OK
STEADY,4,406,123,1.23,21.85,OK
STEADY,1,407,121,1.23,21.89,OK
STEADY,2,407,120,1.23,21.93,OK
STEADY,3,407,127,1.23,21.97,OK
STEADY,4,407,127,1.23,22.00,OK
STEADY,1,408,112,1.23,22.04,OK
STEADY,2,408,112,1.23,22.08,OK
STEADY,3,408,126,1.23,22.12,OK
STEADY,4,408,127,1.23,22.16,OK
STEADY,1,409,118,1.23,22.20,OK
STEADY,2,409,118,1.23,22.24,OK
STEADY,3,409,115,1.23,22.28,OK
STEADY,4,409,113,1.23,22.32,OK
STEADY,1,410,118,1.23,22.36,OK
STEADY,3,410,128,1.23,22.40,OK
STEADY,4,410,128,1.23,22.43,OK
STEADY,3,403,421,1.23,22.47,OK
STEADY,1,411,116,1.23,22.51,OK
STEADY,2,411,117,1.23,22.55,OK
STEADY,3,411,127,1.23,20.93,OK
STEADY,4,411,127,1.23,20.97,OK
STEADY,1,412,117,1.23,21.01,OK
STEADY,2,412,117,1.23,21.05,OK
STEADY,3,412,127,1.23,21.09,OK
STEADY,4,412,127,1.23,21.12,OK
STEADY,1,413,114,1.23,21.16,OK
STEADY,2,413,114,1.23,21.20,OK
STEADY,3,413,118,1.23,21.24,OK
STEADY,1,414,114,1.23,21.32,OK
STEADY,3,414,125,1.23,21.36,OK
STEADY,4,414,125,1.23,21.40,OK
STEADY,2,415,116,1.23,21.44,OK
STEADY,3,415,127,1.23,21.48,OK
STEADY,1,416,142,1.23,21.56,OK
STEADY,2,416,142,1.23,21.59,OK
STEADY,3,416,127,1.23,21.63,OK
STEADY,4,416,126,1.23,21.67,OK
STEADY,2,410,446,1.23,21.71,OK
STEADY,1,417,141,1.23,21.75,OK
STEADY,2,417,141,1.23,21.79,OK
STEADY,3,417,142,1.23,21.83,OK
STEADY,4,417,142,1.23,21.87,OK
STEADY,1,418,112,1.23,21.91,OK
STEADY,2,418,112,1.23,21.95,OK
STEADY,3,418,144,1.23,21.99,OK
STEADY,4,418,143,1.23,22.02,OK
STEADY,3,419,127,1.23,22.06,OK
STEADY,4,419,127,1.23,22.10,OK
STEADY,1,420,123,1.23,22.14,OK
STEADY,2,420,123,1.23,22.18,OK
STEADY,3,420,107,1.23,22.22,OK
STEADY,4,420,107,1.23,22.26,OK
STEADY,4,413,464,1.23,21.28,OK
STEADY,2,414,437,1.23,22.30,OK
STEADY,1,421,115,1.23,22.34,OK
STEADY,2,421,118,1.23,22.38,OK
STEADY,1,415,427,1.23,22.42,OK
STEADY,3,421,126,1.23,22.46,OK
STEADY,4,421,126,1.23,22.50,OK
STEADY,1,419,238,1.23,20.99,OK
STEADY,1,422,143,1.23,21.03,OK
STEADY,2,422,143,1.23,21.07,OK
STEADY,3,422,127,1.23,21.11,OK
STEADY,4,422,127,1.23,21.15,OK
STEADY,4,415,466,1.23,21.52,OK
STEADY,1,423,105,1.23,21.19,OK
STEADY,2,423,105,1.23,21.23,OK
STEADY,3,423,143,1.23,21.27,OK
STEADY,4,423,143,1.23,21.31,OK
STEADY,1,424,112,1.23,21.35,OK
STEADY,2,424,112,1.23,21.38,OK
STEADY,3,424,143,1.23,21.42,OK
STEADY,4,424,143,1.23,21.46,OK
STEADY,1,425,118,1.23,21.50,OK
STEADY,2,425,118,1.23,21.54,OK
STEADY,3,425,108,1.23,21.58,OK
STEADY,4,425,109,1.23,21.62,OK
STEADY,1,426,117,1.23,21.66,OK
STEADY,2,426,118,1.23,21.70,OK
STEADY,3,426,110,1.23,21.74,OK
STEADY,4,426,110,1.23,21.77,OK
STEADY,1,427,118,1.23,21.81,OK
STEADY,2,427,118,1.23,21.85,OK
STEADY,3,427,127,1.23,21.89,OK
STEADY,4,427,127,1.23,21.93,OK
STEADY,1,428,143,1.23,21.98,OK
STEADY,2,428,143,1.23,22.02,OK
STEADY,3,428,127,1.23,22.06,OK
STEADY,4,428,127,1.23,22.10,OK
STEADY,1,429,142,1.23,22.14,OK
STEADY,2,429,141,1.23,22.17,OK
STEADY,2,419,620,1.23,22.21,OK
STEADY,3,429,133,1.23,22.25,OK
STEADY,4,429,132,1.23,22.29,OK
STEADY,1,430,142,1.23,22.33,OK
STEADY,2,430,141,1.23,22.37,OK
STEADY,3,430,141,1.23,22.41,OK
STEADY,4,430,141,1.23,22.45,OK
STEADY,1,431,109,1.23,22.49,OK
STEADY,2,431,109,1.23,22.53,OK
STEADY,3,431,140,1.23,21.00,OK
STEADY,4,431,140,1.23,21.04,OK
STEADY,1,432,116,1.23,21.08,OK
STEADY,2,432,116,1.23,21.12,OK
STEADY,3,432,140,1.23,21.16,OK
STEADY,4,432,140,1.23,21.20,OK
STEADY,1,433,117,1.23,21.24,OK
STEADY,2,433,118,1.23,21.28,OK
STEADY,3,433,109,1.23,21.32,OK
STEADY,4,433,110,1.23,21.35,OK
STEADY,1,434,117,1.23,21.39,OK
STEADY,2,434,118,1.23,21.43,OK
STEADY,3,434,126,1.23,21.47,OK
STEADY,4,434,126,1.23,21.51,OK
STEADY,1,435,118,1.23,21.55,OK
STEADY,2,435,143,1.23,21.59,OK
STEADY,3,435,127,1.23,21.63,OK
STEADY,4,435,128,1.23,21.67,OK
STEADY,1,436,144,1.23,21.71,OK
STEADY,2,436,144,1.23,21.75,OK
STEADY,3,436,128,1.23,21.79,OK
STEADY,4,436,128,1.23,21.82,OK
STEADY,1,437,142,1.23,21.86,OK
STEADY,2,437,142,1.23,21.90,OK
STEADY,3,437,144,1.23,21.94,OK
STEADY,4,437,143,1.23,21.98,OK
STEADY,1,438,112,1.23,22.02,OK
STEADY,2,438,112,1.23,22.06,OK
STEADY,3,438,144,1.23,22.10,OK
STEADY,4,438,144,1.23,22.14,OK
STEADY,1,439,116,1.23,22.18,OK
STEADY,2,439,117,1.23,22.22,OK
STEADY,3,439,127,1.23,22.26,OK
STEADY,4,439,127,1.23,22.29,OK
STEADY,1,440,119,1.23,22.33,OK
STEADY,2,440,122,1.23,22.37,OK
STEADY,3,440,107,1.23,22.41,OK
STEADY,4,440,107,1.23,22.45,OK
STEADY,1,441,118,1.23,22.49,OK
STEADY,2,441,119,1.23,22.53,OK
STEADY,3,441,127,1.23,21.01,OK
STEADY,4,441,127,1.23,21.04,OK
STEADY,1,442,127,1.23,21.08,OK
STEADY,2,442,128,1.23,21.12,OK
STEADY,3,442,112,1.23,21.16,OK
STEADY,4,442,112,1.23,21.20,OK
STEADY,1,443,143,1.23,21.24,OK
STEADY,2,443,143,1.23,21.28,OK
STEADY,3,443,127,1.23,21.32,OK
STEADY,4,443,127,1.23,21.36,OK
STEADY,1,444,112,1.23,21.40,OK
STEADY,2,444,112,1.23,21.44,OK
STEADY,3,444,143,1.23,21.48,OK
STEADY,4,444,143,1.23,21.52,OK
STEADY,1,445,131,1.23,21.56,OK
STEADY,2,445,131,1.23,21.60,OK
STEADY,3,445,127,1.23,21.64,OK
STEADY,4,445,143,1.23,21.67,OK
STEADY,1,446,117,1.23,21.71,OK
STEADY,2,446,118,1.23,21.75,OK
STEADY,3,446,128,1.23,21.80,OK
STEADY,4,446,128,1.23,21.84,OK
STEADY,1,447,118,1.23,21.88,OK
STEADY,2,447,119,1.23,21.91,OK
STEADY,3,447,127,1.23,21.95,OK
STEADY,4,447,127,1.23,21.99,OK
STEADY,1,448,142,1.23,22.03,OK
STEADY,2,448,142,1.23,22.07,OK
STEADY,3,448,127,1.23,22.11,OK
STEADY,4,448,126,1.23,22.15,OK
STEADY,1,449,141,1.23,22.19,OK
STEADY,2,449,140,1.23,22.22,OK
STEADY,3,449,132,1.23,22.26,OK
STEADY,4,449,132,1.23,22.30,OK
STEADY,1,450,140,1.23,22.34,OK
STEADY,2,450,141,1.23,22.38,OK
STEADY,3,450,141,1.23,22.42,OK
STEADY,4,450,142,1.23,22.46,OK
STEADY,1,451,111,1.23,22.50,OK
STEADY,2,451,110,1.23,22.53,OK
STEADY,3,451,160,1.23,21.02,OK
STEADY,4,451,161,1.23,21.06,OK
STEADY,1,452,129,1.23,21.10,OK
STEADY,2,452,129,1.23,21.13,OK
STEADY,3,452,121,1.23,21.17,OK
STEADY,4,452,122,1.23,21.21,OK
STEADY,1,453,144,1.23,21.25,OK
STEADY,3,453,142,1.23,21.29,OK
STEADY,4,453,143,1.23,21.32,OK
STEADY,1,454,144,1.23,21.37,OK
STEADY,2,454,145,1.23,21.40,OK
STEADY,3,454,145,1.23,21.44,OK
STEADY,4,454,145,1.23,21.48,OK
STEADY,1,455,139,1.23,21.52,OK
STEADY,2,455,139,1.23,21.56,OK
STEADY,3,455,138,1.23,21.59,OK
STEADY,4,455,138,1.23,21.63,OK
STEADY,1,456,124,1.23,21.67,OK
STEADY,2,456,125,1.23,21.71,OK
STEADY,3,456,124,1.23,21.75,OK
STEADY,4,456,124,1.23,21.79,OK
STEADY,1,457,115,1.23,21.82,OK
STEADY,2,457,114,1.23,21.86,OK
STEADY,3,457,115,1.23,21.90,OK
STEADY,4,457,115,1.23,21.94,OK
STEADY,1,458,131,1.23,21.98,OK
STEADY,2,458,130,1.23,22.02,OK
STEADY,3,458,131,1.23,22.06,OK
STEADY,4,458,131,1.23,22.09,OK
STEADY,2,459,129,1.23,22.13,OK
STEADY,3,459,129,1.23,22.17,OK
STEADY,4,459,129,1.23,22.21,OK
STEADY,1,460,133,1.23,22.29,OK
STEADY,2,460,133,1.23,22.33,OK
STEADY,3,460,133,1.23,22.36,OK
STEADY,4,460,133,1.23,22.40,OK
STEADY,1,461,133,1.23,22.44,OK
STEADY,2,461,133,1.23,22.48,OK
STEADY,3,461,133,1.23,22.52,OK
STEADY,4,461,133,1.23,22.56,OK
STEADY,1,462,107,1.23,20.99,OK
STEADY,2,462,108,1.23,21.03,OK
STEADY,3,462,108,1.23,21.07,OK
STEADY,4,462,108,1.23,21.10,OK
STEADY,1,463,121,1.23,21.14,OK
STEADY,2,463,121,1.23,21.18,OK
STEADY,3,463,121,1.23,21.22,OK
STEADY,4,463,121,1.23,21.26,OK
STEADY,1,464,132,1.23,21.30,OK
STEADY,2,464,131,1.23,21.33,OK
STEADY,3,464,141,1.23,21.37,OK
STEADY,4,464,141,1.23,21.41,OK
STEADY,1,465,126,1.23,21.45,OK
STEADY,2,465,126,1.23,21.49,OK
STEADY,3,465,127,1.23,21.53,OK
STEADY,4,465,126,1.23,21.56,OK
STEADY,1,459,435,1.23,21.61,OK
STEADY,1,466,132,1.23,21.65,OK
STEADY,2,466,132,1.23,21.69,OK
STEADY,3,466,132,1.23,21.72,OK
STEADY,4,466,127,1.23,21.76,OK
STEADY,1,467,131,1.23,21.80,OK
STEADY,2,467,132,1.23,21.84,OK
STEADY,3,467,133,1.23,21.88,OK
STEADY,1,468,130,1.62,21.92,OK
STEADY,2,468,130,1.62,21.96,OK
STEADY,2,453,797,1.23,22.25,OK
STEADY,3,468,131,1.62,21.99,OK
STEADY,4,468,160,1.62,22.03,OK
STEADY,1,469,168,1.62,22.07,OK
STEADY,2,469,169,1.62,22.11,OK
STEADY,3,469,168,1.62,22.15,OK
STEADY,4,469,163,1.62,22.19,OK
STEADY,1,470,139,1.62,22.22,OK
STEADY,2,470,140,1.62,22.26,OK
STEADY,3,470,141,1.62,22.30,OK
STEADY,4,470,162,1.62,22.34,OK
STEADY,1,471,148,1.62,22.38,OK
STEADY,2,471,148,1.62,22.42,OK
STEADY,3,471,148,1.62,22.45,OK
STEADY,4,471,142,1.62,22.49,OK
STEADY,1,472,107,1.62,22.53,OK
STEADY,2,472,108,1.62,22.57,OK
STEADY,3,472,110,1.62,22.61,OK
STEADY,4,472,140,1.62,21.03,OK
STEADY,1,473,126,1.62,21.07,OK
STEADY,2,473,126,1.62,21.11,OK
STEADY,3,473,125,1.62,21.14,OK
STEADY,4,473,117,1.62,21.18,OK
STEADY,1,474,126,1.62,21.22,OK
STEADY,2,474,125,1.62,21.26,OK
STEADY,3,474,125,1.62,21.30,OK
STEADY,4,474,119,1.62,21.34,OK
STEADY,4,467,453,1.62,21.38,OK
STEADY,1,475,118,1.62,21.41,OK
STEADY,2,475,118,1.62,21.45,OK
STEADY,3,475,119,1.62,21.49,OK
STEADY,4,475,118,1.62,21.53,OK
STEADY,1,476,161,1.62,21.57,OK
STEADY,2,476,160,1.62,21.61,OK
STEADY,3,476,160,1.62,21.64,OK
STEADY,4,476,161,1.62,21.68,OK
STEADY,1,477,129,1.62,21.72,OK
STEADY,2,477,160,1.62,21.76,OK
STEADY,3,477,161,1.62,21.80,OK
STEADY,4,477,161,1.62,21.83,OK
STEADY,1,478,129,1.62,21.87,OK
STEADY,2,478,129,1.62,21.91,OK
STEADY,3,478,160,1.62,21.95,OK
STEADY,4,478,160,1.62,21.99,OK
STEADY,1,479,160,1.62,22.03,OK
STEADY,2,479,160,1.62,22.07,OK
STEADY,3,479,160,1.62,22.10,OK
STEADY,4,479,161,1.62,22.14,OK
STEADY,1,480,136,1.62,22.18,OK
STEADY,2,480,137,1.62,22.22,OK
STEADY,3,480,137,1.62,22.26,OK
STEADY,4,480,137,1.62,22.29,OK
STEADY,1,481,138,1.62,22.33,OK
STEADY,2,481,141,1.62,22.37,OK
STEADY,3,481,141,1.62,22.41,OK
STEADY,4,481,142,1.62,22.45,OK
STEADY,1,482,115,1.62,22.49,OK
STEADY,2,482,114,1.62,22.53,OK
STEADY,3,482,114,1.62,22.56,OK
STEADY,4,482,115,1.62,22.60,OK
STEADY,1,483,130,1.62,21.00,OK
STEADY,2,483,129,1.62,21.04,OK
STEADY,3,483,129,1.62,21.08,OK
STEADY,4,483,129,1.62,21.12,OK
STEADY,1,484,130,1.62,21.16,OK
STEADY,2,484,130,1.62,21.19,OK
STEADY,3,484,131,1.62,21.23,OK
STEADY,4,484,131,1.62,21.27,OK
STEADY,1,485,128,1.62,21.31,OK
STEADY,2,485,128,1.62,21.35,OK
STEADY,4,485,128,1.62,21.38,OK
STEADY,1,486,132,1.62,21.42,OK
STEADY,2,486,133,1.62,21.46,OK
STEADY,3,486,133,1.62,21.50,OK
STEADY,4,486,133,1.62,21.54,OK
STEADY,2,487,133,1.62,21.62,OK
STEADY,3,487,133,1.62,21.65,OK
STEADY,4,487,133,1.62,21.69,OK
STEADY,1,488,137,1.62,21.73,OK
STEADY,2,488,137,1.62,21.77,OK
STEADY,3,488,136,1.62,21.81,OK
STEADY,4,488,136,1.62,21.84,OK
STEADY,1,489,135,1.62,21.88,OK
STEADY,2,489,134,1.62,21.92,OK
STEADY,3,489,134,1.62,21.96,OK
STEADY,4,489,134,1.62,22.00,OK
STEADY,1,490,135,1.62,22.04,OK
STEADY,2,490,134,1.62,22.07,OK
STEADY,3,490,134,1.62,22.11,OK
STEADY,4,490,135,1.62,22.15,OK
STEADY,1,491,172,1.62,22.19,OK
STEADY,2,491,173,1.62,22.23,OK
STEADY,3,491,173,1.62,22.27,OK
STEADY,4,491,172,1.62,22.30,OK
STEADY,1,492,130,1.62,22.34,OK
STEADY,2,492,130,1.62,22.38,OK
STEADY,3,492,130,1.62,22.42,OK
STEADY,4,492,130,1.62,22.46,OK
STEADY,3,485,438,1.62,22.50,OK
STEADY,1,493,164,1.62,22.53,OK
STEADY,2,493,164,1.62,22.57,OK
STEADY,3,493,164,1.62,22.61,OK
STEADY,4,493,164,1.62,22.65,OK
STEADY,1,494,164,1.62,21.00,OK
STEADY,2,494,165,1.62,21.04,OK
STEADY,3,494,164,1.62,21.08,OK
STEADY,4,494,164,1.62,21.12,OK
STEADY,1,487,485,1.62,21.58,OK
STEADY,1,495,134,1.62,21.15,OK
STEADY,2,495,135,1.62,21.19,OK
STEADY,3,495,135,1.62,21.23,OK
STEADY,4,495,135,1.62,21.27,OK
STEADY,1,496,162,1.62,21.31,OK
STEADY,2,496,163,1.62,21.35,OK
STEADY,3,496,163,1.62,21.38,OK
STEADY,4,496,162,1.62,21.42,OK
STEADY,1,497,160,1.62,21.46,OK
STEADY,2,497,160,1.62,21.50,OK
STEADY,3,497,160,1.62,21.54,OK
STEADY,4,497,160,1.62,21.57,OK
STEADY,1,498,160,1.62,21.61,OK
STEADY,2,498,160,1.62,21.65,OK
STEADY,3,498,160,1.62,21.69,OK
STEADY,4,498,160,1.62,21.73,OK
STEADY,1,499,137,1.62,21.77,OK
STEADY,2,499,136,1.62,21.81,OK
STEADY,3,499,136,1.62,21.84,OK
STEADY,4,499,137,1.62,21.88,OK
STEADY,1,500,139,1.62,21.92,OK
STEADY,2,500,139,1.62,21.96,OK
STEADY,3,500,139,1.62,22.00,OK
STEADY,4,500,138,1.62,22.03,OK
STEADY,1,501,116,1.62,22.07,OK
STEADY,2,501,116,1.62,22.11,OK
STEADY,3,501,117,1.62,22.15,OK
STEADY,4,501,117,1.62,22.19,OK
STEADY,1,502,135,1.62,22.23,OK
STEADY,2,502,136,1.62,22.27,OK
STEADY,3,502,136,1.62,22.30,OK
STEADY,4,502,135,1.62,22.34,OK
STEADY,1,503,138,1.62,22.38,OK
STEADY,2,503,138,1.62,22.42,OK
STEADY,3,503,139,1.62,22.46,OK
STEADY,4,503,139,1.62,22.49,OK
STEADY,1,504,142,1.62,22.53,OK
STEADY,3,504,142,1.62,22.61,OK
STEADY,4,504,142,1.62,22.65,OK
STEADY,1,505,135,1.62,20.98,OK
STEADY,2,505,137,1.62,21.01,OK
STEADY,3,505,136,1.62,21.05,OK
STEADY,4,505,136,1.62,21.09,OK
STEADY,1,506,144,1.62,21.13,OK
STEADY,2,506,144,1.62,21.17,OK
STEADY,3,506,146,1.62,21.21,OK
STEADY,4,506,146,1.62,21.24,OK
STEADY,1,507,144,1.62,21.28,OK
STEADY,2,507,144,1.62,21.32,OK
STEADY,3,507,143,1.62,21.36,OK
STEADY,4,507,144,1.62,21.40,OK
STEADY,1,508,119,1.62,21.44,OK
STEADY,2,508,120,1.62,21.47,OK
STEADY,3,508,120,1.62,21.51,OK
STEADY,4,508,120,1.62,21.55,OK
STEADY,1,509,144,1.62,21.59,OK
STEADY,2,509,144,1.62,21.63,OK
STEADY,3,509,145,1.62,21.67,OK
STEADY,4,509,144,1.62,21.70,OK
STEADY,1,510,139,1.62,21.74,OK
STEADY,2,510,140,1.62,21.78,OK
STEADY,3,510,141,1.62,21.82,OK
STEADY,4,510,141,1.62,21.86,OK
STEADY,1,511,137,1.62,21.90,OK
STEADY,2,511,138,1.62,21.94,OK
STEADY,3,511,137,1.62,21.97,OK
STEADY,4,511,138,1.62,22.02,OK
STEADY,2,504,475,1.62,22.57,OK
STEADY,1,512,144,1.62,22.05,OK
STEADY,2,512,145,1.62,22.09,OK
STEADY,3,512,145,1.62,22.13,OK
STEADY,4,512,145,1.62,22.17,OK
STEADY,1,513,128,1.62,22.21,OK
STEADY,2,513,127,1.62,22.25,OK
STEADY,3,513,128,1.62,22.29,OK
STEADY,4,513,128,1.62,22.32,OK
STEADY,1,514,123,1.62,22.36,OK
STEADY,2,514,123,1.62,22.40,OK
STEADY,3,514,123,1.62,22.44,OK
STEADY,4,514,123,1.62,22.48,OK
STEADY,2,515,142,1.62,22.52,OK
STEADY,3,515,142,1.62,22.55,OK
STEADY,4,515,142,1.62,22.59,OK
STEADY,1,516,143,1.62,21.04,OK
STEADY,2,516,143,1.62,21.08,OK
STEADY,3,516,143,1.62,21.12,OK
STEADY,4,516,143,1.62,21.15,OK
STEADY,1,517,140,1.62,21.19,OK
STEADY,3,517,140,1.62,21.27,OK
STEADY,1,518,135,1.62,21.35,OK
STEADY,2,518,136,1.62,21.39,OK
STEADY,3,518,136,1.62,21.42,OK
STEADY,4,518,136,1.62,21.46,OK
STEADY,1,519,142,1.62,21.50,OK
STEADY,2,519,143,1.62,21.54,OK
STEADY,3,519,144,1.62,21.58,OK
STEADY,4,519,144,1.62,21.62,OK
STEADY,1,520,123,1.62,21.66,OK
STEADY,2,520,122,1.62,21.69,OK
STEADY,3,520,123,1.62,21.73,OK
STEADY,4,520,123,1.62,21.77,OK
STEADY,1,521,123,1.62,21.81,OK
STEADY,2,521,123,1.62,21.85,OK
STEADY,3,521,123,1.62,21.88,OK
STEADY,4,521,123,1.62,21.92,OK
STEADY,1,515,440,1.62,21.96,OK
STEADY,1,522,144,1.62,22.00,OK
STEADY,2,522,144,1.62,22.04,OK
STEADY,3,522,144,1.62,22.08,OK
STEADY,4,522,144,1.62,22.12,OK
STEADY,1,523,141,1.62,22.15,OK
STEADY,2,523,142,1.62,22.19,OK
STEADY,3,523,142,1.62,22.23,OK
STEADY,4,523,141,1.62,22.27,OK
STEADY,1,524,137,1.62,22.31,OK
STEADY,2,524,139,1.62,22.35,OK
STEADY,3,524,139,1.62,22.38,OK
STEADY,4,524,138,1.62,22.42,OK
STEADY,4,517,508,1.62,21.31,OK
STEADY,2,517,511,1.62,21.23,OK
STEADY,1,525,133,1.62,22.46,OK
STEADY,2,525,133,1.62,22.50,OK
STEADY,3,525,133,1.62,22.54,OK
STEADY,4,525,133,1.62,22.57,OK
STEADY,1,526,167,1.62,21.01,OK
STEADY,2,526,169,1.62,21.05,OK
STEADY,3,526,169,1.62,21.09,OK
STEADY,4,526,169,1.62,21.13,OK
STEADY,1,527,163,1.62,21.17,OK
STEADY,2,527,165,1.62,21.21,OK
STEADY,4,527,165,1.62,21.28,OK
STEADY,1,528,163,1.62,21.32,OK
STEADY,2,528,165,1.62,21.36,OK
STEADY,3,528,165,1.62,21.40,OK
STEADY,4,528,165,1.62,21.43,OK
STEADY,1,529,163,1.62,21.49,OK
STEADY,2,529,164,1.62,21.52,OK
STEADY,3,529,164,1.62,21.56,OK
STEADY,4,529,164,1.62,21.60,OK
STEADY,1,530,164,1.62,21.64,OK
STEADY,2,530,164,1.62,21.68,OK
STEADY,3,530,164,1.62,21.72,OK
STEADY,4,530,164,1.62,21.75,OK
STEADY,1,531,138,1.62,21.79,OK
STEADY,2,531,138,1.62,21.83,OK
STEADY,3,531,139,1.62,21.87,OK
STEADY,4,531,140,1.62,21.91,OK
STEADY,1,532,164,1.62,21.97,OK
STEADY,2,532,164,1.62,22.01,OK
STEADY,3,532,164,1.62,22.05,OK
STEADY,1,533,124,1.62,22.09,OK
STEADY,2,533,124,1.62,22.13,OK
STEADY,3,533,124,1.62,22.16,OK
STEADY,4,533,124,1.62,22.20,OK
STEADY,1,534,144,1.62,22.24,OK
STEADY,2,534,145,1.62,22.28,OK
STEADY,3,534,145,1.62,22.32,OK
STEADY,1,535,144,1.62,22.36,OK
STEADY,2,535,145,1.62,22.39,OK
STEADY,3,535,145,1.62,22.43,OK
STEADY,4,535,144,1.62,22.47,OK
STEADY,4,532,286,1.62,22.51,OK
STEADY,1,536,110,1.62,22.55,OK
STEADY,2,536,110,1.62,22.59,OK
STEADY,3,536,110,1.62,22.63,OK
STEADY,4,536,110,1.62,22.67,OK
STEADY,3,527,525,1.62,21.24,OK
STEADY,1,537,143,1.62,21.08,OK
STEADY,2,537,143,1.62,21.12,OK
STEADY,3,537,143,1.62,21.16,OK
STEADY,4,537,143,1.62,21.20,OK
STEADY,4,534,286,1.62,21.24,OK
STEADY,1,538,137,1.62,21.28,OK
STEADY,2,538,139,1.62,21.31,OK
STEADY,3,538,138,1.62,21.35,OK
STEADY,4,538,138,1.62,21.39,OK
STEADY,1,539,145,1.62,21.43,OK
STEADY,2,539,145,1.62,21.47,OK
STEADY,3,539,144,1.62,21.50,OK
STEADY,4,539,144,1.62,21.54,OK
STEADY,1,540,142,1.62,21.58,OK
STEADY,2,540,142,1.62,21.62,OK
STEADY,3,540,141,1.62,21.66,OK
STEADY,4,540,141,1.62,21.70,OK
STEADY,1,541,122,1.62,21.74,OK
STEADY,2,541,122,1.62,21.77,OK
STEADY,3,541,123,1.62,21.81,OK
STEADY,4,541,123,1.62,21.85,OK
STEADY,1,542,143,1.62,21.89,OK
STEADY,2,542,143,1.62,21.93,OK
STEADY,3,542,142,1.62,21.96,OK
STEADY,1,543,144,1.62,22.04,OK
STEADY,2,543,144,1.62,22.08,OK
STEADY,3,543,144,1.62,22.12,OK
STEADY,4,543,145,1.62,22.16,OK
STEADY,1,544,140,1.62,22.20,OK
STEADY,2,544,141,1.62,22.23,OK
STEADY,3,544,142,1.62,22.27,OK
STEADY,4,544,141,1.62,22.31,OK
STEADY,1,545,134,1.62,22.35,OK
STEADY,2,545,135,1.62,22.39,OK
STEADY,3,545,136,1.62,22.43,OK
STEADY,4,545,136,1.62,22.46,OK
STEADY,1,546,143,1.62,22.50,OK
STEADY,2,546,143,1.62,22.54,OK
STEADY,3,546,143,1.62,22.58,OK
STEADY,4,546,144,1.62,22.62,OK
STEADY,1,547,143,1.62,21.09,OK
STEADY,2,547,143,1.62,21.13,OK
STEADY,3,547,143,1.62,21.16,OK
STEADY,4,547,143,1.62,21.20,OK
STEADY,1,548,122,1.62,21.24,OK
STEADY,2,548,123,1.62,21.28,OK
STEADY,3,548,123,1.62,21.32,OK
STEADY,4,548,123,1.62,21.36,OK
STEADY,1,549,142,1.62,21.40,OK
STEADY,2,549,142,1.62,21.44,OK
STEADY,3,549,142,1.62,21.47,OK
STEADY,4,549,142,1.62,21.51,OK
STEADY,1,550,144,1.62,21.55,OK
STEADY,2,550,144,1.62,21.59,OK
STEADY,3,550,144,1.62,21.63,OK
STEADY,4,550,144,1.62,21.67,OK
STEADY,4,542,521,1.62,22.00,OK
STEADY,1,551,139,1.62,21.70,OK
STEADY,2,551,140,1.62,21.74,OK
STEADY,3,551,141,1.62,21.78,OK
STEADY,4,551,140,1.62,21.82,OK
STEADY,1,552,146,1.62,21.86,OK
STEADY,2,552,146,1.62,21.90,OK
STEADY,3,552,147,1.62,21.93,OK
STEADY,4,552,148,1.62,21.97,OK
STEADY,1,553,143,1.62,22.01,OK
STEADY,2,553,143,1.62,22.05,OK
STEADY,3,553,143,1.62,22.09,OK
STEADY,4,553,143,1.62,22.13,OK
STEADY,1,554,123,1.62,22.17,OK
STEADY,3,554,123,1.62,22.24,OK
STEADY,4,554,123,1.62,22.28,OK
STEADY,1,555,143,1.62,22.32,OK
STEADY,2,555,143,1.62,22.36,OK
STEADY,3,555,144,1.62,22.39,OK
STEADY,4,555,143,1.62,22.43,OK
STEADY,1,556,145,1.62,22.47,OK
STEADY,2,556,146,1.62,22.51,OK
STEADY,4,556,145,1.62,22.55,OK
STEADY,1,557,113,1.62,22.59,OK
STEADY,2,557,113,1.62,22.63,OK
STEADY,3,557,112,1.62,22.66,OK
STEADY,4,557,112,1.62,22.70,OK
STEADY,1,558,133,1.62,21.06,OK
STEADY,2,558,134,1.62,21.10,OK
STEADY,3,558,134,1.62,21.14,OK
STEADY,4,558,133,1.62,21.18,OK
STEADY,1,559,142,1.62,21.22,OK
STEADY,2,559,142,1.62,21.25,OK
STEADY,3,559,142,1.62,21.29,OK
STEADY,4,559,142,1.62,21.33,OK
STEADY,1,560,141,1.62,21.37,OK
STEADY,2,560,141,1.62,21.41,OK
STEADY,3,560,141,1.62,21.45,OK
STEADY,4,560,141,1.62,21.48,OK
STEADY,1,561,116,1.62,21.52,OK
STEADY,2,561,117,1.62,21.56,OK
STEADY,3,561,116,1.62,21.60,OK
STEADY,4,561,117,1.62,21.64,OK
STEADY,2,554,491,1.62,22.20,OK
STEADY,1,562,143,1.62,21.68,OK
STEADY,2,562,143,1.62,21.71,OK
STEADY,3,562,144,1.62,21.75,OK
STEADY,4,562,143,1.62,21.79,OK
STEADY,3,556,429,1.62,21.83,OK
STEADY,1,563,144,1.62,21.87,OK
STEADY,2,563,143,1.62,21.91,OK
STEADY,3,563,144,1.62,21.94,OK
STEADY,4,563,144,1.62,21.98,OK
STEADY,1,564,137,1.62,22.02,OK
STEADY,2,564,138,1.62,22.06,OK
STEADY,3,564,139,1.62,22.10,OK
STEADY,4,564,138,1.62,22.14,OK
STEADY,1,565,144,1.62,22.18,OK
STEADY,2,565,146,1.62,22.21,OK
STEADY,3,565,147,1.62,22.25,OK
STEADY,4,565,147,1.62,22.29,OK
STEADY,1,566,142,1.62,22.33,OK
STEADY,2,566,142,1.62,22.37,OK
STEADY,3,566,141,1.62,22.40,OK
STEADY,4,566,142,1.62,22.44,OK
STEADY,1,567,123,1.62,22.48,OK
STEADY,2,567,123,1.62,22.52,OK
STEADY,3,567,123,1.62,22.56,OK
STEADY,4,567,123,1.62,22.60,OK
STEADY,1,568,141,1.62,21.10,OK
STEADY,2,568,142,1.62,21.13,OK
STEADY,3,568,142,1.62,21.17,OK
STEADY,4,568,141,1.62,21.21,OK
STEADY,1,569,143,1.62,21.25,OK
STEADY,2,569,144,1.62,21.29,OK
STEADY,3,569,144,1.62,21.33,OK
STEADY,4,569,143,1.62,21.36,OK
STEADY,1,570,140,1.62,21.40,OK
STEADY,2,570,141,1.62,21.44,OK
STEADY,3,570,140,1.62,21.48,OK
STEADY,4,570,141,1.62,21.52,OK
STEADY,1,571,134,1.62,21.56,OK
STEADY,2,571,135,1.62,21.60,OK
STEADY,3,571,135,1.62,21.63,OK
STEADY,4,571,135,1.62,21.67,OK
STEADY,1,572,143,1.62,21.71,OK
STEADY,2,572,143,1.62,21.75,OK
STEADY,3,572,142,1.62,21.79,OK
STEADY,4,572,145,1.62,21.82,OK
STEADY,1,573,145,1.62,21.86,OK
STEADY,2,573,144,1.62,21.90,OK
STEADY,3,573,144,1.62,21.94,OK
STEADY,4,573,145,1.62,21.98,OK
STEADY,1,574,122,1.62,22.02,OK
STEADY,2,574,123,1.62,22.06,OK
STEADY,3,574,123,1.62,22.09,OK
STEADY,4,574,123,1.62,22.13,OK
STEADY,1,575,143,1.62,22.17,OK
STEADY,2,575,143,1.62,22.21,OK
STEADY,3,575,143,1.62,22.25,OK
STEADY,4,575,143,1.62,22.28,OK
STEADY,1,576,144,1.62,22.32,OK
STEADY,2,576,144,1.62,22.36,OK
STEADY,3,576,145,1.62,22.40,OK
STEADY,4,576,144,1.62,22.44,OK
STEADY,1,577,113,1.81,22.48,OK
STEADY,2,577,114,1.81,22.52,OK
STEADY,3,577,114,1.81,22.55,OK
STEADY,4,577,113,1.81,22.59,OK
STEADY,1,578,130,1.81,22.63,OK
STEADY,2,578,131,1.81,22.67,OK
STEADY,3,578,131,1.81,22.71,OK
STEADY,4,578,130,1.81,22.75,OK
STEADY,1,579,143,1.81,21.10,OK
STEADY,2,579,144,1.81,21.13,OK
STEADY,3,579,144,1.81,21.17,OK
STEADY,4,579,143,1.81,21.21,OK
STEADY,1,580,142,1.81,21.25,OK
STEADY,2,580,143,1.81,21.29,OK
STEADY,3,580,143,1.81,21.33,OK
STEADY,4,580,142,1.81,21.36,OK
STEADY,1,581,141,1.81,21.40,OK
STEADY,2,581,141,1.81,21.44,OK
STEADY,3,581,141,1.81,21.48,OK
STEADY,4,581,141,1.81,21.52,OK
STEADY,1,582,142,1.81,21.56,OK
STEADY,2,582,142,1.81,21.60,OK
STEADY,3,582,142,1.81,21.63,OK
STEADY,4,582,142,1.81,21.67,OK
STEADY,1,583,140,1.81,21.71,OK
STEADY,2,583,141,1.81,21.75,OK
STEADY,3,583,140,1.81,21.79,OK
STEADY,4,583,141,1.81,21.82,OK
STEADY,1,584,111,1.81,21.86,OK
STEADY,2,584,112,1.81,21.90,OK
STEADY,3,584,112,1.81,21.94,OK
STEADY,4,584,111,1.81,21.98,OK
STEADY,1,585,127,1.81,22.02,OK
STEADY,2,585,127,1.81,22.06,OK
STEADY,3,585,127,1.81,22.10,OK
STEADY,4,585,127,1.81,22.13,OK
STEADY,1,586,140,1.81,22.17,OK
STEADY,2,586,139,1.81,22.21,OK
STEADY,3,586,140,1.81,22.25,OK
STEADY,4,586,140,1.81,22.29,OK
STEADY,1,587,135,1.81,22.33,OK
STEADY,2,587,135,1.81,22.36,OK
STEADY,3,587,135,1.81,22.40,OK
STEADY,4,587,135,1.81,22.44,OK
STEADY,1,588,132,1.81,22.48,OK
STEADY,2,588,132,1.81,22.52,OK
STEADY,4,588,131,1.81,22.59,OK
STEADY,1,589,132,1.81,22.63,OK
STEADY,2,589,132,1.81,22.67,OK
STEADY,3,589,131,1.81,22.71,OK
STEADY,4,589,131,1.81,22.75,OK
STEADY,1,590,129,1.81,21.10,OK
STEADY,2,590,130,1.81,21.14,OK
STEADY,3,590,129,1.81,21.17,OK
STEADY,4,590,129,1.81,21.21,OK
STEADY,1,591,127,1.81,21.25,OK
STEADY,2,591,127,1.81,21.29,OK
STEADY,3,591,127,1.81,21.33,OK
STEADY,4,591,127,1.81,21.37,OK
STEADY,1,592,131,1.81,21.41,OK
STEADY,2,592,131,1.81,21.44,OK
STEADY,3,592,131,1.81,21.48,OK
STEADY,4,592,131,1.81,21.52,OK
STEADY,1,593,134,1.81,21.56,OK
STEADY,2,593,133,1.81,21.60,OK
STEADY,3,593,133,1.81,21.64,OK
STEADY,4,593,133,1.81,21.67,OK
STEADY,1,594,137,1.81,21.71,OK
STEADY,2,594,136,1.81,21.75,OK
STEADY,3,594,136,1.81,21.79,OK
STEADY,4,594,136,1.81,21.83,OK
STEADY,1,595,136,1.81,21.87,OK
STEADY,2,595,136,1.81,21.90,OK
STEADY,3,595,136,1.81,21.94,OK
STEADY,4,595,136,1.81,21.98,OK
STEADY,1,596,133,1.81,22.02,OK
STEADY,2,596,134,1.81,22.06,OK
STEADY,3,596,134,1.81,22.10,OK
STEADY,4,596,134,1.81,22.13,OK
STEADY,3,588,524,1.81,22.56,OK
STEADY,1,597,133,1.81,22.17,OK
STEADY,2,597,133,1.81,22.21,OK
STEADY,3,597,133,1.81,22.25,OK
STEADY,4,597,133,1.81,22.29,OK
STEADY,1,598,132,1.81,22.33,OK
STEADY,2,598,131,1.81,22.36,OK
STEADY,3,598,131,1.81,22.40,OK
STEADY,4,598,131,1.81,22.44,OK
STEADY,1,599,116,1.81,22.48,OK
STEADY,2,599,116,1.81,22.52,OK
STEADY,3,599,116,1.81,22.56,OK
STEADY,4,599,117,1.81,22.59,OK
STEADY,1,600,130,1.81,22.63,OK
STEADY,2,600,131,1.81,21.07,OK
STEADY,3,600,132,1.81,21.11,OK
STEADY,4,600,132,1.81,21.14,OK
STEADY,1,601,128,1.81,21.18,OK
STEADY,2,601,129,1.81,21.22,OK
STEADY,3,601,129,1.81,21.26,OK
STEADY,4,601,129,1.81,21.30,OK
STEADY,1,602,114,1.81,21.34,OK
STEADY,2,602,114,1.81,21.38,OK
STEADY,3,602,115,1.81,21.41,OK
STEADY,4,602,115,1.81,21.45,OK
STEADY,1,603,132,1.81,21.49,OK
STEADY,2,603,133,1.81,21.53,OK
STEADY,4,603,133,1.81,21.60,OK
STEADY,1,604,144,1.81,21.64,OK
STEADY,2,604,144,1.81,21.68,OK
STEADY,3,604,144,1.81,21.72,OK
STEADY,4,604,146,1.81,21.76,OK
STEADY,1,605,105,1.81,21.80,OK
STEADY,2,605,129,1.81,21.83,OK
STEADY,3,605,130,1.81,21.87,OK
STEADY,4,605,130,1.81,21.91,OK
STEADY,2,606,105,1.81,21.99,OK
STEADY,3,606,105,1.81,22.03,OK
STEADY,4,606,108,1.81,22.06,OK
STEADY,1,607,114,1.81,22.10,OK
STEADY,2,607,114,1.81,22.14,OK
STEADY,3,607,114,1.81,22.18,OK
STEADY,4,607,114,1.81,22.22,OK
STEADY,1,608,110,1.81,22.26,OK
STEADY,2,608,109,1.81,22.29,OK
STEADY,3,608,109,1.81,22.33,OK
STEADY,4,608,109,1.81,22.37,OK
STEADY,1,609,115,1.81,22.41,OK
STEADY,2,609,116,1.81,22.45,OK
STEADY,3,609,112,1.81,22.49,OK
STEADY,4,609,112,1.81,22.53,OK
STEADY,1,610,116,1.81,22.57,OK
STEADY,2,610,116,1.81,22.60,OK
STEADY,3,610,127,1.81,21.10,OK
STEADY,4,610,126,1.81,21.14,OK
STEADY,1,611,117,1.81,21.18,OK
STEADY,2,611,117,1.81,21.22,OK
STEADY,3,611,127,1.81,21.27,OK
STEADY,4,611,127,1.81,21.31,OK
STEADY,1,612,117,1.81,21.35,OK
STEADY,2,612,116,1.81,21.38,OK
STEADY,3,603,505,1.81,21.57,OK
STEADY,3,612,127,1.81,21.42,OK
STEADY,4,612,127,1.81,21.46,OK
STEADY,1,613,117,1.81,21.50,OK
STEADY,2,613,116,1.81,21.54,OK
STEADY,3,613,127,1.81,21.58,OK
STEADY,4,613,127,1.81,21.62,OK
STEADY,1,614,117,1.81,21.66,OK
STEADY,2,614,117,1.81,21.70,OK
STEADY,3,614,127,1.81,21.74,OK
STEADY,4,614,127,1.81,21.77,OK
STEADY,1,606,482,1.81,21.95,OK
STEADY,1,615,117,1.81,21.82,OK
STEADY,2,615,116,1.81,21.86,OK
STEADY,3,615,126,1.81,21.89,OK
STEADY,4,615,126,1.81,21.93,OK
STEADY,1,616,116,1.81,21.97,OK
STEADY,2,616,116,1.81,22.01,OK
STEADY,3,616,124,1.81,22.05,OK
STEADY,4,616,125,1.81,22.09,OK
STEADY,1,617,116,1.81,22.13,OK
STEADY,2,617,116,1.81,22.16,OK
STEADY,3,617,122,1.81,22.20,OK
STEADY,4,617,122,1.81,22.24,OK
STEADY,1,618,108,1.81,22.28,OK
STEADY,2,618,108,1.81,22.32,OK
STEADY,3,618,122,1.81,22.36,OK
STEADY,4,618,122,1.81,22.40,OK
STEADY,1,619,108,1.81,22.44,OK
STEADY,2,619,108,1.81,22.47,OK
STEADY,3,619,126,1.81,22.51,OK
STEADY,4,619,126,1.81,22.55,OK
STEADY,1,620,131,1.81,22.59,OK
STEADY,2,620,130,1.81,22.63,OK
STEADY,3,620,129,1.81,21.06,OK
STEADY,4,620,128,1.81,21.10,OK
STEADY,1,621,131,1.81,21.14,OK
STEADY,2,621,130,1.81,21.18,OK
STEADY,3,621,132,1.81,21.22,OK
STEADY,4,621,160,1.81,21.25,OK
STEADY,1,622,131,1.81,21.30,OK
STEADY,2,622,131,1.81,21.33,OK
STEADY,3,622,128,1.81,21.37,OK
STEADY,4,622,132,1.81,21.41,OK
STEADY,1,623,128,1.81,21.45,OK
STEADY,2,623,128,1.81,21.49,OK
STEADY,3,623,129,1.81,21.53,OK
STEADY,4,623,129,1.81,21.57,OK
STEADY,1,624,130,1.81,21.60,OK
STEADY,2,624,130,1.81,21.64,OK
STEADY,3,624,130,1.81,21.68,OK
STEADY,4,624,130,1.81,21.72,OK
STEADY,1,625,126,1.81,21.76,OK
STEADY,2,625,127,1.81,21.80,OK
STEADY,3,625,128,1.81,21.84,OK
STEADY,4,625,128,1.81,21.87,OK
STEADY,1,626,126,1.81,21.92,OK
STEADY,2,626,127,1.81,21.95,OK
STEADY,3,626,127,1.81,21.99,OK
STEADY,4,626,128,1.81,22.03,OK
STEADY,1,627,124,1.81,22.07,OK
STEADY,2,627,124,1.81,22.11,OK
STEADY,3,627,125,1.81,22.15,OK
STEADY,4,627,125,1.81,22.19,OK
STEADY,1,628,114,1.81,22.23,OK
STEADY,2,628,113,1.81,22.26,OK
STEADY,3,628,125,1.81,22.30,OK
STEADY,4,628,124,1.81,22.34,OK
STEADY,1,629,111,1.81,22.38,OK
STEADY,2,629,110,1.81,22.42,OK
STEADY,3,629,125,1.81,22.46,OK
STEADY,4,629,124,1.81,22.50,OK
STEADY,1,630,111,1.81,22.54,OK
STEADY,2,630,110,1.81,22.57,OK
STEADY,3,630,110,1.81,22.61,OK
STEADY,4,630,110,1.81,22.65,OK
STEADY,1,631,111,1.81,21.09,OK
STEADY,2,631,110,1.81,21.13,OK
STEADY,3,631,110,1.81,21.17,OK
STEADY,4,631,112,1.81,21.20,OK
STEADY,1,632,112,1.81,21.24,OK
STEADY,2,632,112,1.81,21.28,OK
STEADY,3,632,112,1.81,21.32,OK
STEADY,4,632,113,1.81,21.36,OK
STEADY,1,633,114,1.81,21.40,OK
STEADY,2,633,116,1.81,21.44,OK
STEADY,3,633,116,1.81,21.47,OK
STEADY,4,633,115,1.81,21.51,OK
STEADY,1,634,122,1.81,21.55,OK
STEADY,2,634,122,1.81,21.59,OK
STEADY,3,634,122,1.81,21.63,OK
STEADY,4,634,112,1.81,21.67,OK
STEADY,1,635,125,1.81,21.71,OK
STEADY,2,635,117,1.81,21.75,OK
STEADY,3,635,117,1.81,21.78,OK
STEADY,4,635,144,1.81,21.82,OK
STEADY,1,636,128,1.81,21.86,OK
STEADY,2,636,121,1.81,21.90,OK
STEADY,3,636,122,1.81,21.94,OK
STEADY,4,636,112,1.81,21.98,OK
STEADY,1,637,134,1.81,22.02,OK
STEADY,2,637,129,1.81,22.06,OK
STEADY,3,637,164,1.81,22.09,OK
STEADY,4,637,139,1.81,22.13,OK
STEADY,1,638,142,1.81,22.17,OK
STEADY,2,638,142,1.81,22.21,OK
STEADY,3,638,141,1.81,22.25,OK
STEADY,4,638,111,1.81,22.29,OK
STEADY,1,639,149,1.81,22.33,OK
STEADY,2,639,148,1.81,22.36,OK
STEADY,3,639,141,1.81,22.40,OK
STEADY,4,639,125,1.81,22.44,OK
STEADY,1,640,125,1.81,22.48,OK
STEADY,2,640,118,1.81,22.52,OK
STEADY,3,640,117,1.81,22.55,OK
STEADY,4,640,120,1.81,22.59,OK
STEADY,1,641,121,1.81,22.63,OK
STEADY,2,641,128,1.81,21.09,OK
STEADY,3,641,127,1.81,21.13,OK
STEADY,4,641,117,1.81,21.17,OK
STEADY,1,642,118,1.81,21.21,OK
STEADY,2,642,129,1.81,21.25,OK
STEADY,3,642,129,1.81,21.28,OK
STEADY,4,642,145,1.81,21.32,OK
STEADY,1,643,144,1.81,21.36,OK
STEADY,2,643,129,1.81,21.40,OK
STEADY,3,643,130,1.81,21.44,OK
STEADY,4,643,113,1.81,21.48,OK
STEADY,1,644,141,1.81,21.52,OK
STEADY,2,644,144,1.81,21.56,OK
STEADY,3,644,144,1.81,21.59,OK
STEADY,4,644,112,1.81,21.63,OK
STEADY,1,645,113,1.81,21.67,OK
STEADY,2,645,144,1.81,21.71,OK
STEADY,3,645,144,1.81,21.75,OK
STEADY,1,646,118,1.81,21.79,OK
STEADY,2,646,128,1.81,21.83,OK
STEADY,3,646,128,1.81,21.86,OK
STEADY,4,646,122,1.81,21.90,OK
STEADY,1,647,123,1.81,21.94,OK
STEADY,2,647,106,1.81,21.98,OK
STEADY,3,647,106,1.81,22.02,OK
STEADY,4,647,145,1.81,22.06,OK
STEADY,1,648,145,1.81,22.10,OK
STEADY,2,648,130,1.81,22.14,OK
STEADY,3,648,130,1.81,22.17,OK
STEADY,4,648,145,1.81,22.21,OK
STEADY,1,649,145,1.81,22.25,OK
STEADY,2,649,135,1.81,22.29,OK
STEADY,3,649,135,1.81,22.33,OK
STEADY,4,649,141,1.81,22.37,OK
STEADY,1,650,142,1.81,22.41,OK
STEADY,2,650,143,1.81,22.45,OK
STEADY,3,650,143,1.81,22.48,OK
STEADY,4,650,112,1.81,22.52,OK
STEADY,1,651,111,1.81,22.56,OK
STEADY,2,651,143,1.81,22.60,OK
STEADY,3,651,142,1.81,22.64,OK
STEADY,4,651,127,1.81,21.12,OK
STEADY,1,652,128,1.81,21.16,OK
STEADY,4,645,430,1.81,21.20,OK
STEADY,2,652,128,1.81,21.24,OK
STEADY,3,652,128,1.81,21.28,OK
STEADY,4,652,122,1.81,21.32,OK
STEADY,1,653,123,1.81,21.35,OK
STEADY,3,653,128,1.81,21.39,OK
STEADY,4,653,117,1.81,21.43,OK
STEADY,1,654,118,1.81,21.47,OK
STEADY,2,654,127,1.81,21.51,OK
STEADY,3,654,127,1.81,21.55,OK
STEADY,1,655,142,1.81,21.59,OK
STEADY,2,655,126,1.81,21.63,OK
STEADY,3,655,126,1.81,21.66,OK
STEADY,4,655,127,1.81,21.70,OK
STEADY,1,656,128,1.81,21.74,OK
STEADY,2,656,141,1.81,21.78,OK
STEADY,3,656,141,1.81,21.82,OK
STEADY,4,656,110,1.81,21.86,OK
STEADY,1,657,110,1.81,21.90,OK
STEADY,2,657,121,1.81,21.94,OK
STEADY,3,657,122,1.81,21.97,OK
STEADY,4,657,131,1.81,22.01,OK
STEADY,1,658,132,1.81,22.05,OK
STEADY,2,658,131,1.81,22.09,OK
STEADY,3,658,131,1.81,22.13,OK
STEADY,4,658,126,1.81,22.17,OK
STEADY,1,659,126,1.81,22.21,OK
STEADY,2,659,142,1.81,22.25,OK
STEADY,3,659,142,1.81,22.29,OK
STEADY,4,659,114,1.81,22.33,OK
STEADY,1,660,114,1.81,22.37,OK
STEADY,2,653,426,1.81,22.40,OK
STEADY,2,660,143,1.81,22.44,OK
STEADY,3,660,142,1.81,22.48,OK
STEADY,4,660,125,1.81,22.52,OK
STEADY,1,661,125,1.81,22.56,OK
STEADY,2,661,111,1.81,22.60,OK
STEADY,3,661,110,1.81,22.63,OK
STEADY,4,654,456,1.81,21.15,OK
STEADY,4,661,144,1.81,21.19,OK
STEADY,1,662,144,1.81,21.23,OK
STEADY,2,662,113,1.81,21.27,OK
STEADY,3,662,113,1.81,21.30,OK
STEADY,4,662,144,1.81,21.36,OK
STEADY,1,663,144,1.81,21.39,OK
STEADY,2,663,118,1.81,21.43,OK
STEADY,3,663,119,1.81,21.47,OK
STEADY,4,663,110,1.81,21.51,OK
STEADY,1,664,111,1.81,21.55,OK
STEADY,2,664,119,1.81,21.58,OK
STEADY,3,664,118,1.81,21.62,OK
STEADY,4,664,127,1.81,21.66,OK
STEADY,1,665,126,1.81,21.70,OK
STEADY,2,665,141,1.81,21.74,OK
STEADY,3,665,140,1.81,21.77,OK
STEADY,4,665,125,1.81,21.81,OK
STEADY,1,666,125,1.81,21.85,OK
STEADY,2,666,142,1.81,21.89,OK
STEADY,3,666,141,1.81,21.93,OK
STEADY,4,666,132,1.81,21.97,OK
STEADY,1,667,132,1.81,22.00,OK
STEADY,2,667,143,1.81,22.04,OK
STEADY,3,667,143,1.81,22.08,OK
STEADY,4,667,168,1.81,22.12,OK
STEADY,1,668,169,1.81,22.16,OK
STEADY,2,668,139,1.81,22.19,OK
STEADY,3,668,139,1.81,22.23,OK
STEADY,4,668,163,1.81,22.27,OK
STEADY,1,669,163,1.81,22.31,OK
STEADY,2,669,172,1.81,22.35,OK
STEADY,3,669,173,1.81,22.38,OK
STEADY,4,669,165,1.81,22.42,OK
STEADY,1,670,166,1.81,22.46,OK
STEADY,2,670,164,1.81,22.50,OK
STEADY,3,670,165,1.81,22.54,OK
STEADY,4,670,165,1.81,22.57,OK
STEADY,1,671,165,1.81,22.61,OK
STEADY,2,671,165,1.81,22.65,OK
STEADY,3,671,165,1.81,22.69,OK
STEADY,4,671,165,1.81,22.72,OK
STEADY,1,672,166,1.81,22.76,OK
STEADY,2,672,164,1.81,21.16,OK
STEADY,3,672,165,1.81,21.20,OK
STEADY,4,672,164,1.81,21.24,OK
STEADY,1,673,164,1.81,21.27,OK
STEADY,2,673,164,1.81,21.31,OK
STEADY,3,673,165,1.81,21.35,OK
STEADY,2,674,163,1.81,21.39,OK
STEADY,3,674,165,1.81,21.43,OK
STEADY,4,674,165,1.81,21.46,OK
STEADY,1,675,165,1.81,21.50,OK
STEADY,2,675,165,1.81,21.54,OK
STEADY,3,675,165,1.81,21.58,OK
STEADY,4,675,165,1.81,21.61,OK
STEADY,2,676,164,1.81,21.65,OK
STEADY,3,676,165,1.81,21.69,OK
STEADY,4,676,166,1.81,21.73,OK
STEADY,1,677,165,1.81,21.77,OK
STEADY,2,677,166,1.81,21.81,OK
STEADY,3,677,166,1.81,21.85,OK
STEADY,4,677,166,1.81,21.88,OK
STEADY,1,678,166,1.81,21.92,OK
STEADY,4,673,331,1.81,21.96,OK
STEADY,1,674,330,1.81,22.00,OK
STEADY,2,678,166,1.81,22.04,OK
STEADY,3,678,167,1.81,22.07,OK
STEADY,4,678,167,1.81,22.11,OK
STEADY,2,679,171,1.81,22.15,OK
STEADY,3,679,170,1.81,22.19,OK
STEADY,4,679,170,1.81,22.23,OK
STEADY,1,676,335,1.81,22.26,OK
STEADY,2,680,170,1.81,22.30,OK
STEADY,3,680,170,1.81,22.34,OK
STEADY,4,680,170,1.81,22.38,OK
STEADY,1,681,170,1.81,22.42,OK
STEADY,2,681,170,1.81,22.45,OK
STEADY,3,681,171,1.81,22.49,OK
STEADY,4,681,171,1.81,22.53,OK
STEADY,1,682,170,1.81,22.57,OK
STEADY,2,682,170,1.81,22.61,OK
STEADY,3,682,171,1.81,22.65,OK
STEADY,4,682,171,1.81,22.68,OK
STEADY,1,683,171,1.81,22.72,OK
STEADY,1,679,337,1.81,22.76,OK
STEADY,2,683,167,1.81,21.17,OK
STEADY,3,683,168,1.81,21.21,OK
STEADY,4,683,169,1.81,21.25,OK
STEADY,1,684,169,1.81,21.28,OK
STEADY,1,680,338,1.81,21.32,OK
STEADY,2,684,168,1.81,21.36,OK
STEADY,3,684,169,1.81,21.40,OK
STEADY,4,684,169,1.81,21.43,OK
STEADY,2,685,167,1.81,21.47,OK
STEADY,3,685,168,1.81,21.51,OK
STEADY,4,685,169,1.81,21.55,OK
STEADY,1,686,168,1.81,21.59,OK
STEADY,2,686,164,1.81,21.62,OK
STEADY,3,686,164,1.81,21.66,OK
STEADY,4,686,164,1.81,21.70,OK
STEADY,1,687,165,1.81,21.74,OK
STEADY,2,687,167,1.81,21.78,OK
STEADY,3,687,166,1.81,21.81,OK
STEADY,4,687,166,1.81,21.85,OK
STEADY,1,688,166,1.81,21.89,OK
STEADY,2,688,144,1.81,21.93,OK
STEADY,3,688,145,1.81,21.96,OK
STEADY,4,688,145,1.81,22.00,OK
STEADY,1,689,144,1.81,22.04,OK
STEADY,2,689,164,1.74,22.08,OK
STEADY,3,689,164,1.74,22.11,OK
STEADY,4,689,164,1.74,22.15,OK
STEADY,1,690,164,1.74,22.19,OK
STEADY,2,690,120,1.74,22.23,OK
STEADY,3,690,119,1.74,22.26,OK
STEADY,4,690,119,1.74,22.30,OK
STEADY,1,691,119,1.74,22.34,OK
STEADY,2,691,161,1.74,22.38,OK
STEADY,3,691,160,1.74,22.42,OK
STEADY,4,691,161,1.74,22.45,OK
STEADY,1,692,161,1.74,22.49,OK
STEADY,1,685,458,1.74,22.53,OK
STEADY,2,692,128,1.74,22.57,OK
STEADY,3,692,127,1.74,22.60,OK
STEADY,4,692,158,1.74,22.64,OK
STEADY,1,693,159,1.74,22.68,OK
STEADY,2,693,158,1.74,21.18,OK
STEADY,3,693,159,1.74,21.22,OK
STEADY,4,693,159,1.74,21.25,OK
STEADY,1,694,159,1.74,21.29,OK
STEADY,2,694,158,1.74,21.33,OK
STEADY,3,694,159,1.74,21.37,OK
STEADY,4,694,159,1.74,21.40,OK
STEADY,1,695,159,1.74,21.44,OK
STEADY,2,695,158,1.74,21.48,OK
STEADY,3,695,158,1.74,21.52,OK
STEADY,4,695,158,1.74,21.55,OK
STEADY,1,696,159,1.74,21.59,OK
STEADY,2,696,158,1.74,21.63,OK
STEADY,3,696,158,1.74,21.67,OK
STEADY,4,696,158,1.74,21.70,OK
STEADY,1,697,158,1.74,21.74,OK
STEADY,2,697,157,1.74,21.78,OK
STEADY,3,697,158,1.74,21.82,OK
STEADY,4,697,157,1.74,21.86,OK
STEADY,1,698,157,1.74,21.89,OK
STEADY,2,698,160,1.74,21.93,OK
STEADY,3,698,160,1.74,21.97,OK
STEADY,4,698,160,1.74,22.01,OK
STEADY,1,699,160,1.74,22.04,OK
STEADY,2,699,128,1.74,22.08,OK
STEADY,3,699,129,1.74,22.12,OK
STEADY,4,699,129,1.74,22.16,OK
STEADY,1,700,159,1.74,22.19,OK
STEADY,2,700,140,1.74,22.23,OK
STEADY,3,700,140,1.74,22.27,OK
STEADY,4,700,140,1.74,22.31,OK
STEADY,1,701,140,1.74,22.35,OK
STEADY,2,701,143,1.74,22.38,OK
STEADY,3,701,143,1.74,22.42,OK
STEADY,4,701,142,1.74,22.46,OK
STEADY,1,702,142,1.74,22.50,OK
STEADY,2,702,114,1.74,22.54,OK
STEADY,3,702,113,1.74,22.57,OK
STEADY,4,702,114,1.74,22.61,OK
STEADY,1,703,114,1.74,22.65,OK
STEADY,2,703,116,1.74,22.69,OK
STEADY,3,703,126,1.74,21.18,OK
STEADY,4,703,127,1.74,21.22,OK
STEADY,1,704,127,1.74,21.26,OK
STEADY,2,704,114,1.74,21.30,OK
STEADY,3,704,124,1.74,21.33,OK
STEADY,4,704,125,1.74,21.37,OK
STEADY,1,705,125,1.74,21.41,OK
STEADY,2,705,114,1.74,21.45,OK
STEADY,3,705,125,1.74,21.49,OK
STEADY,4,705,125,1.74,21.52,OK
STEADY,1,706,126,1.74,21.56,OK
STEADY,2,706,116,1.74,21.60,OK
STEADY,3,706,126,1.74,21.64,OK
STEADY,4,706,126,1.74,21.68,OK
STEADY,1,707,127,1.74,21.71,OK
STEADY,2,707,116,1.74,21.75,OK
STEADY,3,707,126,1.74,21.79,OK
STEADY,4,707,126,1.74,21.83,OK
STEADY,1,708,127,1.74,21.86,OK
STEADY,2,708,116,1.74,21.90,OK
STEADY,3,708,127,1.74,21.94,OK
STEADY,4,708,127,1.74,21.98,OK
STEADY,1,709,126,1.74,22.02,OK
STEADY,2,709,116,1.74,22.06,OK
STEADY,3,709,127,1.74,22.09,OK
STEADY,4,709,127,1.74,22.13,OK
STEADY,1,710,127,1.74,22.17,OK
STEADY,2,710,117,1.74,22.21,OK
STEADY,3,710,125,1.74,22.25,OK
STEADY,4,710,125,1.74,22.28,OK
STEADY,1,711,125,1.74,22.32,OK
STEADY,2,711,116,1.74,22.36,OK
STEADY,4,711,124,1.74,22.40,OK
STEADY,1,712,125,1.74,22.43,OK
STEADY,2,712,116,1.74,22.47,OK
STEADY,3,712,124,1.74,22.51,OK
STEADY,4,712,125,1.74,22.55,OK
STEADY,1,713,125,1.74,22.59,OK
STEADY,2,713,118,1.74,22.63,OK
STEADY,3,713,127,1.74,22.66,OK
STEADY,4,713,127,1.74,22.70,OK
STEADY,1,714,127,1.74,22.74,OK
STEADY,2,714,118,1.74,21.18,OK
STEADY,3,714,126,1.74,21.22,OK
STEADY,4,714,127,1.74,21.26,OK
STEADY,1,715,127,1.74,21.30,OK
STEADY,2,715,118,1.74,21.34,OK
STEADY,3,715,128,1.74,21.37,OK
STEADY,4,715,129,1.74,21.41,OK
STEADY,1,716,129,1.74,21.45,OK
STEADY,2,716,114,1.74,21.49,OK
STEADY,3,716,128,1.74,21.53,OK
STEADY,4,716,129,1.74,21.56,OK
STEADY,1,717,129,1.74,21.60,OK
STEADY,2,717,116,1.74,21.64,OK
STEADY,3,717,114,1.74,21.68,OK
STEADY,4,717,114,1.74,21.72,OK
STEADY,1,718,115,1.74,21.75,OK
STEADY,2,718,117,1.74,21.80,OK
STEADY,3,718,113,1.74,21.84,OK
STEADY,4,718,126,1.74,21.88,OK
STEADY,1,719,127,1.74,21.91,OK
STEADY,3,711,421,1.74,21.95,OK
STEADY,2,719,117,1.74,21.99,OK
STEADY,3,719,127,1.74,22.03,OK
STEADY,4,719,127,1.74,22.07,OK
STEADY,1,720,127,1.74,22.10,OK
STEADY,2,720,117,1.74,22.14,OK
STEADY,3,720,128,1.74,22.18,OK
STEADY,1,721,127,1.74,22.26,OK
STEADY,2,721,116,1.74,22.30,OK
STEADY,3,721,126,1.74,22.33,OK
STEADY,4,721,127,1.74,22.37,OK
STEADY,1,722,127,1.74,22.41,OK
STEADY,2,722,116,1.74,22.45,OK
STEADY,3,722,127,1.74,22.49,OK
STEADY,4,722,127,1.74,22.52,OK
STEADY,1,723,127,1.74,22.56,OK
STEADY,2,723,116,1.74,22.60,OK
STEADY,3,723,128,1.74,22.64,OK
STEADY,4,723,128,1.74,22.68,OK
STEADY,1,724,129,1.74,22.71,OK
STEADY,2,724,115,1.74,21.17,OK
STEADY,3,724,118,1.74,21.21,OK
STEADY,4,724,118,1.74,21.24,OK
STEADY,1,725,118,1.74,21.28,OK
STEADY,2,725,114,1.74,21.32,OK
STEADY,3,725,123,1.74,21.36,OK
STEADY,4,725,123,1.74,21.39,OK
STEADY,1,726,123,1.74,21.43,OK
STEADY,2,726,129,1.74,21.47,OK
STEADY,3,726,113,1.74,21.51,OK
STEADY,4,726,112,1.74,21.55,OK
STEADY,1,727,113,1.74,21.58,OK
STEADY,2,727,144,1.74,21.62,OK
STEADY,3,727,129,1.74,21.66,OK
STEADY,4,727,128,1.74,21.70,OK
STEADY,1,728,129,1.74,21.74,OK
STEADY,2,728,142,1.74,21.77,OK
STEADY,3,728,141,1.74,21.81,OK
STEADY,4,728,141,1.74,21.85,OK
STEADY,1,729,142,1.74,21.89,OK
STEADY,2,729,111,1.74,21.93,OK
STEADY,4,720,502,1.74,22.22,OK
STEADY,3,729,144,1.74,21.96,OK
STEADY,4,729,159,1.74,22.00,OK
STEADY,1,730,159,1.74,22.04,OK
STEADY,2,730,128,1.74,22.08,OK
STEADY,3,730,114,1.74,22.11,OK
STEADY,4,730,113,1.74,22.15,OK
STEADY,1,731,113,1.74,22.19,OK
STEADY,2,731,189,1.74,22.23,OK
STEADY,3,731,174,1.74,22.26,OK
STEADY,4,731,174,1.74,22.30,OK
STEADY,1,732,174,1.74,22.34,OK
STEADY,2,732,141,1.74,22.38,OK
STEADY,3,732,125,1.74,22.41,OK
STEADY,1,733,125,1.74,22.45,OK
STEADY,2,733,125,1.74,22.49,OK
STEADY,3,733,125,1.74,22.53,OK
STEADY,4,733,124,1.74,22.56,OK
STEADY,1,734,124,1.74,22.60,OK
STEADY,2,734,143,1.74,22.64,OK
STEADY,3,734,127,1.74,22.68,OK
STEADY,4,734,127,1.74,22.72,OK
STEADY,1,735,127,1.74,22.75,OK
STEADY,2,735,113,1.74,21.20,OK
STEADY,3,735,145,1.74,21.24,OK
STEADY,4,735,145,1.74,21.27,OK
STEADY,1,736,145,1.74,21.31,OK
STEADY,2,736,114,1.74,21.35,OK
STEADY,3,736,144,1.74,21.39,OK
STEADY,4,736,143,1.74,21.43,OK
STEADY,1,737,144,1.74,21.46,OK
STEADY,2,737,118,1.74,21.50,OK
STEADY,3,737,123,1.74,21.54,OK
STEADY,4,737,122,1.74,21.58,OK
STEADY,1,738,122,1.74,21.61,OK
STEADY,2,738,129,1.74,21.65,OK
STEADY,4,738,126,1.74,21.69,OK
STEADY,1,739,174,1.74,21.73,OK
STEADY,4,732,458,1.74,21.77,OK
STEADY,2,739,145,1.74,21.80,OK
STEADY,3,739,129,1.74,21.84,OK
STEADY,4,739,128,1.74,21.88,OK
STEADY,1,740,129,1.74,21.92,OK
STEADY,2,740,105,1.74,21.95,OK
STEADY,3,740,139,1.74,21.99,OK
STEADY,4,740,139,1.74,22.03,OK
STEADY,1,741,140,1.74,22.07,OK
STEADY,2,741,109,1.74,22.10,OK
STEADY,3,741,143,1.74,22.14,OK
STEADY,4,741,144,1.74,22.18,OK
STEADY,1,742,144,1.74,22.22,OK
STEADY,2,742,114,1.74,22.26,OK
STEADY,3,742,142,1.74,22.29,OK
STEADY,4,742,142,1.74,22.33,OK
STEADY,1,743,142,1.74,22.37,OK
STEADY,2,743,127,1.74,22.41,OK
STEADY,3,743,115,1.74,22.45,OK
STEADY,4,743,115,1.74,22.48,OK
STEADY,1,744,116,1.74,22.52,OK
STEADY,2,744,122,1.74,22.56,OK
STEADY,3,744,127,1.74,22.60,OK
STEADY,4,744,126,1.74,22.63,OK
STEADY,1,745,126,1.74,22.67,OK
STEADY,3,738,432,1.74,22.71,OK
STEADY,2,745,118,1.74,22.75,OK
STEADY,3,745,127,1.74,21.17,OK
STEADY,4,745,126,1.74,21.21,OK
STEADY,1,746,126,1.74,21.24,OK
STEADY,2,746,144,1.74,21.28,OK
STEADY,3,746,128,1.74,21.32,OK
STEADY,4,746,127,1.74,21.36,OK
STEADY,1,747,128,1.74,21.39,OK
STEADY,2,747,144,1.74,21.43,OK
STEADY,3,747,133,1.74,21.47,OK
STEADY,4,747,133,1.74,21.51,OK
STEADY,1,748,133,1.74,21.55,OK
STEADY,2,748,113,1.74,21.59,OK
STEADY,3,748,143,1.74,21.62,OK
STEADY,4,748,142,1.74,21.66,OK
STEADY,1,749,143,1.74,21.70,OK
STEADY,2,749,112,1.74,21.74,OK
STEADY,3,749,142,1.74,21.78,OK
STEADY,4,749,142,1.74,21.81,OK
STEADY,1,750,142,1.74,21.85,OK
STEADY,2,750,124,1.74,21.89,OK
STEADY,3,750,125,1.74,21.93,OK
STEADY,4,750,124,1.74,21.97,OK
STEADY,1,751,125,1.74,22.00,OK
STEADY,2,751,119,1.74,22.04,OK
STEADY,3,751,127,1.74,22.08,OK
STEADY,4,751,127,1.74,22.12,OK
STEADY,1,752,127,1.74,22.15,OK
STEADY,2,752,119,1.74,22.19,OK
STEADY,3,752,126,1.74,22.23,OK
STEADY,4,752,125,1.74,22.27,OK
STEADY,1,753,125,1.74,22.31,OK
STEADY,2,753,143,1.74,22.34,OK
STEADY,3,753,128,1.74,22.38,OK
STEADY,4,753,127,1.74,22.42,OK
STEADY,1,754,127,1.74,22.46,OK
STEADY,2,754,141,1.74,22.50,OK
STEADY,3,754,133,1.74,22.53,OK
STEADY,4,754,142,1.74,22.57,OK
STEADY,1,755,142,1.74,22.61,OK
STEADY,2,755,114,1.74,22.65,OK
STEADY,3,755,144,1.74,22.69,OK
STEADY,4,755,143,1.74,22.72,OK
STEADY,1,756,144,1.74,22.76,OK
STEADY,2,756,113,1.74,21.17,OK
STEADY,3,756,127,1.74,21.21,OK
STEADY,4,756,126,1.74,21.25,OK
STEADY,1,757,142,1.74,21.28,OK
STEADY,2,757,123,1.74,21.32,OK
STEADY,3,757,126,1.74,21.36,OK
STEADY,4,757,125,1.74,21.40,OK
STEADY,1,758,125,1.74,21.43,OK
STEADY,2,758,119,1.74,21.47,OK
STEADY,3,758,127,1.74,21.51,OK
STEADY,4,758,126,1.74,21.55,OK
STEADY,1,759,126,1.74,21.59,OK
STEADY,2,759,142,1.74,21.63,OK
STEADY,3,759,126,1.74,21.66,OK
STEADY,4,759,125,1.74,21.70,OK
STEADY,1,760,126,1.74,21.74,OK
STEADY,2,760,143,1.74,21.78,OK
STEADY,3,760,133,1.74,21.81,OK
STEADY,4,760,132,1.74,21.85,OK
STEADY,1,761,132,1.74,21.89,OK
STEADY,2,761,111,1.74,21.93,OK
STEADY,3,761,143,1.74,21.97,OK
STEADY,4,761,143,1.74,22.00,OK
STEADY,2,762,114,1.74,22.04,OK
STEADY,3,762,144,1.74,22.08,OK
STEADY,4,762,144,1.74,22.12,OK
STEADY,1,763,144,1.74,22.16,OK
STEADY,2,763,120,1.74,22.19,OK
STEADY,3,763,110,1.74,22.23,OK
STEADY,4,763,109,1.74,22.27,OK
STEADY,1,764,109,1.74,22.31,OK
STEADY,2,764,119,1.74,22.35,OK
STEADY,3,764,126,1.74,22.39,OK
STEADY,4,764,125,1.74,22.43,OK
STEADY,1,765,126,1.74,22.46,OK
STEADY,2,765,143,1.74,22.50,OK
STEADY,3,765,127,1.74,22.54,OK
STEADY,4,765,126,1.74,22.58,OK
STEADY,1,766,127,1.74,22.61,OK
STEADY,2,766,137,1.74,22.65,OK
STEADY,3,766,135,1.74,22.69,OK
STEADY,4,766,134,1.74,22.73,OK
STEADY,1,767,135,1.74,22.77,OK
STEADY,2,767,107,1.74,21.18,OK
STEADY,3,767,131,1.74,21.21,OK
STEADY,4,767,131,1.74,21.25,OK
STEADY,1,768,131,1.74,21.29,OK
STEADY,1,762,444,1.74,21.33,OK
STEADY,2,768,131,1.74,21.37,OK
STEADY,3,768,125,1.74,21.40,OK
STEADY,4,768,128,1.74,21.44,OK
STEADY,1,769,128,1.74,21.48,OK
STEADY,2,769,130,1.74,21.52,OK
STEADY,3,769,129,1.74,21.56,OK
STEADY,4,769,157,1.74,21.59,OK
STEADY,1,770,158,1.74,21.63,OK
STEADY,2,770,129,1.74,21.67,OK
STEADY,3,770,128,1.74,21.71,OK
STEADY,4,770,129,1.74,21.75,OK
STEADY,1,771,157,1.74,21.78,OK
STEADY,2,771,126,1.74,21.82,OK
STEADY,3,771,131,1.74,21.86,OK
STEADY,4,771,131,1.74,21.90,OK
STEADY,1,772,130,1.74,21.93,OK
STEADY,2,772,124,1.74,21.97,OK
STEADY,3,772,126,1.74,22.01,OK
STEADY,4,772,126,1.74,22.05,OK
STEADY,1,773,127,1.74,22.09,OK
STEADY,2,773,125,1.74,22.13,OK
STEADY,3,773,126,1.74,22.16,OK
STEADY,4,773,126,1.74,22.20,OK
STEADY,1,774,126,1.74,22.24,OK
STEADY,2,774,125,1.74,22.28,OK
STEADY,3,774,125,1.74,22.32,OK
STEADY,4,774,125,1.74,22.35,OK
STEADY,1,775,127,1.74,22.39,OK
STEADY,2,775,129,1.74,22.43,OK
STEADY,3,775,129,1.74,22.47,OK
STEADY,4,775,129,1.74,22.50,OK
STEADY,1,776,129,1.74,22.54,OK
STEADY,2,776,129,1.74,22.58,OK
STEADY,3,776,131,1.74,22.62,OK
STEADY,4,776,131,1.74,22.66,OK
STEADY,1,777,131,1.74,22.70,OK
STEADY,2,777,128,1.74,22.73,OK
STEADY,3,777,131,1.74,21.18,OK
STEADY,4,777,131,1.74,21.22,OK
STEADY,1,778,130,1.74,21.25,OK
STEADY,2,778,126,1.74,21.29,OK
STEADY,3,778,131,1.74,21.33,OK
STEADY,4,778,131,1.74,21.37,OK
STEADY,1,779,130,1.74,21.40,OK
STEADY,2,779,115,1.74,21.45,OK
STEADY,3,779,138,1.74,21.49,OK
STEADY,4,779,138,1.74,21.52,OK
STEADY,1,780,138,1.74,21.56,OK
STEADY,2,780,115,1.74,21.60,OK
STEADY,3,780,124,1.74,21.64,OK
STEADY,4,780,124,1.74,21.67,OK
STEADY,1,781,124,1.74,21.71,OK
STEADY,2,781,124,1.74,21.75,OK
STEADY,3,781,109,1.74,21.79,OK
STEADY,4,781,110,1.74,21.83,OK
STEADY,1,782,110,1.74,21.86,OK
STEADY,2,782,106,1.74,21.90,OK
STEADY,3,782,112,1.74,21.94,OK
STEADY,4,782,112,1.74,21.98,OK
STEADY,1,783,112,1.74,22.01,OK
STEADY,2,783,112,1.74,22.05,OK
STEADY,3,783,114,1.74,22.09,OK
STEADY,4,783,114,1.74,22.13,OK
STEADY,1,784,115,1.74,22.17,OK
STEADY,2,784,114,1.74,22.21,OK
STEADY,3,784,114,1.74,22.24,OK
STEADY,4,784,112,1.74,22.28,OK
STEADY,1,785,112,1.74,22.32,OK
STEADY,2,785,111,1.74,22.36,OK
STEADY,3,785,110,1.74,22.40,OK
STEADY,4,785,110,1.74,22.43,OK
STEADY,1,786,110,1.74,22.47,OK
STEADY,2,786,110,1.74,22.51,OK
STEADY,3,786,120,1.74,22.55,OK
STEADY,4,786,110,1.74,22.59,OK
STEADY,1,787,110,1.74,22.62,OK
STEADY,2,787,110,1.74,22.66,OK
STEADY,3,787,120,1.74,22.70,OK
STEADY,4,787,122,1.74,22.74,OK
STEADY,1,788,123,1.74,22.78,OK
STEADY,2,788,109,1.74,22.81,OK
STEADY,3,788,111,1.74,21.21,OK
STEADY,4,788,120,1.74,21.25,OK
STEADY,1,789,120,1.74,21.29,OK
STEADY,2,789,113,1.74,21.32,OK
STEADY,3,789,110,1.74,21.36,OK
STEADY,4,789,106,1.74,21.40,OK
STEADY,1,790,107,1.74,21.44,OK
STEADY,3,790,111,1.74,21.48,OK
STEADY,4,790,108,1.74,21.52,OK
STEADY,1,791,108,1.74,21.55,OK
STEADY,2,791,123,1.74,21.59,OK
STEADY,3,791,110,1.74,21.63,OK
STEADY,4,791,108,1.74,21.67,OK
STEADY,1,792,108,1.74,21.71,OK
STEADY,2,792,124,1.74,21.74,OK
STEADY,3,792,124,1.74,21.78,OK
STEADY,4,792,110,1.74,21.82,OK
STEADY,1,793,110,1.74,21.86,OK
STEADY,2,793,128,1.74,21.90,OK
STEADY,3,793,126,1.74,21.93,OK
STEADY,4,793,129,1.74,21.97,OK
STEADY,1,794,129,1.74,22.01,OK
STEADY,2,794,128,1.74,22.05,OK
STEADY,3,794,126,1.74,22.09,OK
STEADY,4,794,129,1.74,22.12,OK
STEADY,1,795,128,1.74,22.16,OK
STEADY,2,795,129,1.74,22.20,OK
STEADY,3,795,126,1.74,22.24,OK
STEADY,4,795,129,1.74,22.28,OK
STEADY,1,796,129,1.74,22.31,OK
STEADY,2,796,129,1.74,22.35,OK
STEADY,3,796,127,1.74,22.39,OK
STEADY,4,796,131,1.74,22.43,OK
STEADY,1,797,132,1.74,22.46,OK
STEADY,2,797,131,1.74,22.50,OK
STEADY,3,797,129,1.74,22.54,OK
STEADY,2,790,434,1.74,22.58,OK
STEADY,4,797,133,1.74,22.62,OK
STEADY,1,798,133,1.74,22.65,OK
STEADY,2,798,133,1.74,22.69,OK
STEADY,3,798,134,1.74,22.73,OK
STEADY,4,798,107,1.74,21.18,OK
STEADY,1,799,109,1.74,21.22,OK
STEADY,2,799,110,1.74,21.26,OK
STEADY,3,799,136,1.74,21.29,OK
STEADY,4,799,133,1.74,21.33,OK
STEADY,1,800,132,1.74,21.37,OK
STEADY,3,800,122,1.74,21.41,OK
STEADY,4,800,131,1.74,21.45,OK
STEADY,1,801,130,1.74,21.49,OK
STEADY,2,801,130,1.74,21.52,OK
STEADY,3,801,131,1.74,21.56,OK
STEADY,4,801,129,2.08,21.60,OK
STEADY,1,802,128,2.08,21.64,OK
STEADY,2,802,128,2.08,21.67,OK
STEADY,3,802,129,2.08,21.71,OK
STEADY,4,802,127,2.08,21.75,OK
STEADY,1,803,126,2.08,21.79,OK
STEADY,2,803,127,2.08,21.83,OK
STEADY,3,803,127,2.08,21.86,OK
STEADY,4,803,127,2.08,21.90,OK
STEADY,1,804,128,2.08,21.94,OK
STEADY,2,804,127,2.08,21.98,OK
STEADY,3,804,131,2.08,22.02,OK
STEADY,4,804,126,2.08,22.05,OK
STEADY,1,805,127,2.08,22.09,OK
STEADY,2,805,126,2.08,22.13,OK
STEADY,3,805,128,2.08,22.17,OK
STEADY,4,805,126,2.08,22.21,OK
STEADY,1,806,125,2.08,22.24,OK
STEADY,2,806,126,2.08,22.28,OK
STEADY,3,806,140,2.08,22.32,OK
STEADY,4,806,111,2.08,22.36,OK
STEADY,1,807,114,2.08,22.39,OK
STEADY,2,800,414,2.08,22.43,OK
STEADY,3,807,136,2.08,22.47,OK
STEADY,4,807,124,2.08,22.51,OK
STEADY,1,808,127,2.08,22.55,OK
STEADY,2,808,126,2.08,22.58,OK
STEADY,3,808,138,2.08,22.62,OK
STEADY,4,808,125,2.08,22.66,OK
STEADY,1,809,127,2.08,22.70,OK
STEADY,2,809,127,2.08,22.73,OK
STEADY,3,809,129,2.08,21.21,OK
STEADY,4,809,125,2.08,21.25,OK
STEADY,1,810,127,2.08,21.29,OK
STEADY,2,810,158,2.08,21.33,OK
STEADY,3,810,130,2.08,21.36,OK
STEADY,4,810,129,2.08,21.40,OK
STEADY,1,811,129,2.08,21.44,OK
STEADY,2,811,129,2.08,21.48,OK
STEADY,3,811,115,2.08,21.52,OK
STEADY,4,811,129,2.08,21.55,OK
STEADY,2,812,129,2.08,21.63,OK
STEADY,3,812,129,2.08,21.67,OK
STEADY,4,812,120,2.08,21.71,OK
STEADY,1,813,120,2.08,21.74,OK
STEADY,2,813,120,2.08,21.78,OK
STEADY,3,813,106,2.08,21.82,OK
STEADY,4,813,139,2.08,21.86,OK
STEADY,1,814,139,2.08,21.89,OK
STEADY,2,814,138,2.08,21.93,OK
STEADY,2,807,433,2.08,21.97,OK
STEADY,3,814,131,2.08,22.01,OK
STEADY,4,814,119,2.08,22.05,OK
STEADY,1,815,120,2.08,22.08,OK
STEADY,2,815,120,2.08,22.12,OK
STEADY,3,815,128,2.08,22.16,OK
STEADY,4,815,127,2.08,22.20,OK
STEADY,1,816,128,2.08,22.24,OK
STEADY,2,816,128,2.08,22.27,OK
STEADY,3,816,121,2.08,22.31,OK
STEADY,4,816,143,2.08,22.35,OK
STEADY,1,817,143,2.08,22.39,OK
STEADY,2,817,143,2.08,22.43,OK
STEADY,3,817,120,2.08,22.46,OK
STEADY,4,817,114,2.08,22.50,OK
STEADY,1,818,114,2.08,22.54,OK
STEADY,2,818,114,2.08,22.58,OK
STEADY,3,818,142,2.08,22.62,OK
STEADY,4,818,113,2.08,22.65,OK
STEADY,1,819,113,2.08,22.69,OK
STEADY,2,819,113,2.08,22.73,OK
STEADY,3,819,107,2.08,21.21,OK
STEADY,4,819,127,2.08,21.25,OK
STEADY,1,820,128,2.08,21.29,OK
STEADY,2,820,128,2.08,21.33,OK
STEADY,3,820,112,2.08,21.37,OK
STEADY,1,812,494,2.08,21.59,OK
STEADY,4,820,117,2.08,21.40,OK
STEADY,1,821,118,2.08,21.44,OK
STEADY,2,821,117,2.08,21.48,OK
STEADY,3,821,128,2.08,21.52,OK
STEADY,4,821,118,2.08,21.56,OK
STEADY,1,822,119,2.08,21.59,OK
STEADY,2,822,118,2.08,21.63,OK
STEADY,3,822,128,2.08,21.67,OK
STEADY,4,822,143,2.08,21.71,OK
STEADY,1,823,143,2.08,21.74,OK
STEADY,2,823,142,2.08,21.78,OK
STEADY,3,823,128,2.08,21.82,OK
STEADY,4,823,141,2.08,21.86,OK
STEADY,1,824,142,2.08,21.90,OK
STEADY,2,824,142,2.08,21.93,OK
STEADY,3,824,142,2.08,21.97,OK
STEADY,4,824,111,2.08,22.01,OK
STEADY,1,825,111,2.08,22.05,OK
STEADY,2,825,110,2.08,22.08,OK
STEADY,3,825,140,2.08,22.12,OK
STEADY,4,825,128,2.08,22.16,OK
STEADY,1,826,128,2.08,22.20,OK
STEADY,2,826,129,2.08,22.24,OK
STEADY,3,826,113,2.08,22.28,OK
STEADY,1,827,117,2.08,22.31,OK
STEADY,3,827,127,2.08,22.39,OK
STEADY,4,827,117,2.08,22.43,OK
STEADY,1,828,144,2.08,22.47,OK
STEADY,2,828,144,2.08,22.50,OK
STEADY,3,828,128,2.08,22.54,OK
STEADY,4,828,142,2.08,22.58,OK
STEADY,1,829,142,2.08,22.62,OK
STEADY,2,829,142,2.08,22.65,OK
STEADY,3,829,127,2.08,22.69,OK
STEADY,4,829,131,2.08,22.73,OK
STEADY,1,830,131,2.08,22.77,OK
STEADY,2,830,131,2.08,22.81,OK
STEADY,3,830,141,2.08,21.22,OK
STEADY,4,830,111,2.08,21.25,OK
STEADY,1,831,126,2.08,21.29,OK
STEADY,2,831,126,2.08,21.33,OK
STEADY,3,831,122,2.08,21.37,OK
STEADY,4,831,112,2.08,21.41,OK
STEADY,1,832,112,2.08,21.44,OK
STEADY,2,832,112,2.08,21.48,OK
STEADY,3,832,117,2.08,21.52,OK
STEADY,4,832,127,2.08,21.56,OK
STEADY,1,833,127,2.08,21.60,OK
STEADY,2,833,126,2.08,21.63,OK
STEADY,4,826,411,2.08,21.67,OK
STEADY,3,833,112,2.08,21.71,OK
STEADY,4,833,119,2.08,21.75,OK
STEADY,1,834,119,2.08,21.79,OK
STEADY,2,834,120,2.08,21.82,OK
STEADY,3,834,143,2.08,21.86,OK
STEADY,2,827,490,2.08,22.35,OK
STEADY,4,834,129,2.08,21.90,OK
STEADY,1,835,129,2.08,21.94,OK
STEADY,2,835,129,2.08,21.97,OK
STEADY,3,835,139,2.08,22.01,OK
STEADY,4,835,143,2.08,22.05,OK
STEADY,1,836,143,2.08,22.09,OK
STEADY,2,836,143,2.08,22.13,OK
STEADY,3,836,112,2.08,22.16,OK
STEADY,4,836,142,2.08,22.20,OK
STEADY,1,837,142,2.08,22.24,OK
STEADY,2,837,142,2.08,22.28,OK
STEADY,3,837,125,2.08,22.32,OK
STEADY,4,837,118,2.08,22.35,OK
STEADY,2,838,117,2.08,22.43,OK
STEADY,3,838,115,2.08,22.47,OK
STEADY,4,838,126,2.08,22.51,OK
STEADY,1,839,127,2.08,22.54,OK
STEADY,2,839,127,2.08,22.58,OK
STEADY,3,839,142,2.08,22.62,OK
STEADY,4,839,127,2.08,22.66,OK
STEADY,1,840,127,2.08,22.69,OK
STEADY,2,840,127,2.08,22.73,OK
STEADY,3,840,143,2.08,21.22,OK
STEADY,4,840,132,2.08,21.26,OK
STEADY,1,841,135,2.08,21.29,OK
STEADY,2,841,136,2.08,21.33,OK
STEADY,3,841,142,2.08,21.37,OK
STEADY,4,841,133,2.08,21.41,OK
STEADY,1,842,167,2.08,21.44,OK
STEADY,2,842,168,2.08,21.48,OK
STEADY,3,842,137,2.08,21.52,OK
STEADY,4,842,161,2.08,21.56,OK
STEADY,1,843,162,2.08,21.60,OK
STEADY,2,843,162,2.08,21.63,OK
STEADY,3,843,131,2.08,21.67,OK
STEADY,4,843,134,2.08,21.71,OK
STEADY,1,844,134,2.08,21.75,OK
STEADY,2,844,146,2.08,21.79,OK
STEADY,3,844,143,2.08,21.82,OK
STEADY,4,844,138,2.08,21.86,OK
STEADY,1,838,468,2.08,22.39,OK
STEADY,1,845,139,2.08,21.90,OK
STEADY,2,845,156,2.08,21.94,OK
STEADY,3,845,126,2.08,21.97,OK
STEADY,4,845,143,2.08,22.01,OK
STEADY,1,846,143,2.08,22.05,OK
STEADY,2,846,143,2.08,22.09,OK
STEADY,3,846,122,2.08,22.13,OK
STEADY,4,846,126,2.08,22.16,OK
STEADY,1,847,127,2.08,22.20,OK
STEADY,2,847,127,2.08,22.24,OK
STEADY,3,847,119,2.08,22.28,OK
STEADY,4,847,125,2.08,22.32,OK
STEADY,1,848,126,2.08,22.35,OK
STEADY,2,848,126,2.08,22.39,OK
STEADY,3,848,118,2.08,22.43,OK
STEADY,4,848,125,2.08,22.47,OK
STEADY,1,849,126,2.08,22.50,OK
STEADY,2,849,126,2.08,22.54,OK
STEADY,3,849,140,2.08,22.58,OK
STEADY,4,849,132,2.08,22.62,OK
STEADY,1,850,132,2.08,22.66,OK
STEADY,2,850,142,2.08,22.69,OK
STEADY,4,850,133,2.08,22.73,OK
STEADY,1,851,133,2.08,22.77,OK
STEADY,2,851,143,2.08,22.81,OK
STEADY,3,851,112,2.08,21.22,OK
STEADY,4,851,144,2.08,21.26,OK
STEADY,2,852,144,2.08,21.29,OK
STEADY,3,852,114,2.08,21.33,OK
STEADY,4,852,129,2.08,21.37,OK
STEADY,1,853,129,2.08,21.41,OK
STEADY,2,853,129,2.08,21.44,OK
STEADY,3,853,119,2.08,21.48,OK
STEADY,4,853,104,2.08,21.52,OK
STEADY,2,854,106,2.08,21.56,OK
STEADY,3,854,120,2.08,21.60,OK
STEADY,4,854,106,2.08,21.64,OK
STEADY,1,855,125,2.08,21.67,OK
STEADY,2,855,126,2.08,21.71,OK
STEADY,3,855,137,2.08,21.75,OK
STEADY,4,855,122,2.08,21.79,OK
STEADY,1,856,122,2.08,21.83,OK
STEADY,2,856,122,2.08,21.86,OK
STEADY,3,856,133,2.08,21.90,OK
STEADY,3,850,431,2.08,21.94,OK
STEADY,4,856,131,2.08,21.98,OK
STEADY,1,857,132,2.08,22.01,OK
STEADY,2,857,132,2.08,22.05,OK
STEADY,3,857,126,2.08,22.09,OK
STEADY,4,857,126,2.08,22.13,OK
STEADY,1,858,126,2.08,22.17,OK
STEADY,2,858,127,2.08,22.20,OK
STEADY,1,852,438,2.08,22.24,OK
STEADY,3,858,126,2.08,22.28,OK
STEADY,4,858,126,2.08,22.32,OK
STEADY,1,859,126,2.08,22.36,OK
STEADY,2,859,126,2.08,22.39,OK
STEADY,3,859,126,2.08,22.43,OK
STEADY,4,859,127,2.08,22.47,OK
STEADY,1,860,127,2.08,22.51,OK
STEADY,3,860,128,2.08,22.55,OK
STEADY,1,854,429,2.08,22.58,OK
STEADY,4,860,127,2.08,22.62,OK
STEADY,1,861,126,2.08,22.66,OK
STEADY,2,861,126,2.08,22.70,OK
STEADY,3,861,126,2.08,22.74,OK
STEADY,4,861,127,2.08,21.22,OK
STEADY,1,862,128,2.08,21.26,OK
STEADY,2,862,128,2.08,21.29,OK
STEADY,3,862,127,2.08,21.33,OK
STEADY,4,862,127,2.08,21.37,OK
STEADY,1,863,127,2.08,21.41,OK
STEADY,2,863,127,2.08,21.45,OK
STEADY,2,860,253,2.08,21.49,OK
STEADY,3,863,125,2.08,21.52,OK
STEADY,4,863,127,2.08,21.56,OK
STEADY,1,864,129,2.08,21.60,OK
STEADY,3,864,127,2.08,21.64,OK
STEADY,4,864,127,2.08,21.68,OK
STEADY,1,865,127,2.08,21.71,OK
STEADY,2,865,127,2.08,21.75,OK
STEADY,3,865,126,2.08,21.79,OK
STEADY,4,865,127,2.08,21.83,OK
STEADY,1,866,127,2.08,21.87,OK
STEADY,2,866,126,2.08,21.91,OK
STEADY,3,866,126,2.08,21.95,OK
STEADY,4,866,126,2.08,21.98,OK
STEADY,1,867,126,2.08,22.02,OK
STEADY,2,867,126,2.08,22.06,OK
STEADY,3,867,128,2.08,22.10,OK
STEADY,4,867,125,2.08,22.14,OK
STEADY,1,868,126,2.08,22.17,OK
STEADY,2,868,125,2.08,22.21,OK
STEADY,3,868,117,2.08,22.25,OK
STEADY,4,868,125,2.08,22.29,OK
STEADY,1,869,126,2.08,22.32,OK
STEADY,2,869,126,2.08,22.36,OK
STEADY,3,869,129,2.08,22.40,OK
STEADY,4,869,116,2.08,22.44,OK
STEADY,1,870,117,2.08,22.48,OK
STEADY,2,870,118,2.08,22.51,OK
STEADY,3,870,130,2.08,22.55,OK
STEADY,4,870,132,2.08,22.59,OK
STEADY,1,871,131,2.08,22.63,OK
STEADY,2,871,131,2.08,22.67,OK
STEADY,2,864,425,2.08,22.70,OK
STEADY,3,871,125,2.08,22.74,OK
STEADY,4,871,130,2.08,21.22,OK
STEADY,1,872,130,2.08,21.26,OK
STEADY,2,872,131,2.08,21.30,OK
STEADY,3,872,126,2.08,21.34,OK
STEADY,4,872,127,2.08,21.37,OK
STEADY,1,873,127,2.08,21.41,OK
STEADY,2,873,126,2.08,21.45,OK
STEADY,3,873,124,2.08,21.49,OK
STEADY,4,873,122,2.08,21.53,OK
STEADY,1,874,123,2.08,21.56,OK
STEADY,2,874,123,2.08,21.60,OK
STEADY,3,874,132,2.08,21.64,OK
STEADY,1,875,136,2.08,21.72,OK
STEADY,2,875,136,2.08,21.75,OK
STEADY,3,875,108,2.08,21.79,OK
STEADY,4,875,136,2.08,21.83,OK
STEADY,1,876,137,2.08,21.87,OK
STEADY,2,876,137,2.08,21.90,OK
STEADY,3,876,110,2.08,21.95,OK
STEADY,4,876,118,2.08,21.98,OK
STEADY,1,877,118,2.08,22.02,OK
STEADY,2,877,118,2.08,22.06,OK
STEADY,3,877,123,2.08,22.10,OK
STEADY,4,877,129,2.08,22.14,OK
STEADY,1,878,129,2.08,22.17,OK
STEADY,2,878,129,2.08,22.21,OK
STEADY,3,878,121,2.08,22.25,OK
STEADY,4,878,131,2.08,22.29,OK
STEADY,1,879,130,2.08,22.32,OK
STEADY,2,879,131,2.08,22.36,OK
STEADY,3,879,121,2.08,22.40,OK
STEADY,4,879,131,2.08,22.45,OK
STEADY,1,880,131,2.08,22.49,OK
STEADY,2,880,131,2.08,22.53,OK
STEADY,3,880,119,2.08,22.56,OK
STEADY,4,880,117,2.08,22.60,OK
STEADY,1,881,117,2.08,22.64,OK
STEADY,2,881,116,2.08,22.68,OK
STEADY,3,881,119,2.08,22.72,OK
STEADY,4,881,115,2.08,22.75,OK
STEADY,1,882,114,2.08,22.79,OK
STEADY,2,882,114,2.08,22.83,OK
STEADY,3,882,118,2.08,21.22,OK
STEADY,4,882,126,2.08,21.25,OK
STEADY,2,883,126,2.08,21.29,OK
STEADY,4,874,478,2.08,21.68,OK
STEADY,3,883,115,2.08,21.33,OK
STEADY,4,883,121,2.08,21.37,OK
STEADY,1,884,120,2.08,21.40,OK
STEADY,2,884,121,2.08,21.44,OK
STEADY,3,884,110,2.08,21.48,OK
STEADY,4,884,123,2.08,21.52,OK
STEADY,1,885,123,2.08,21.56,OK
STEADY,2,885,123,2.08,21.59,OK
STEADY,3,885,111,2.08,21.63,OK
STEADY,4,885,124,2.08,21.67,OK
STEADY,1,886,125,2.08,21.71,OK
STEADY,2,886,124,2.08,21.74,OK
STEADY,3,886,127,2.08,21.78,OK
STEADY,1,887,127,2.08,21.86,OK
STEADY,2,887,127,2.08,21.90,OK
STEADY,3,887,137,2.08,21.93,OK
STEADY,4,887,136,2.08,21.97,OK
STEADY,1,888,136,2.08,22.01,OK
STEADY,2,888,124,2.08,22.05,OK
STEADY,3,888,139,2.08,22.08,OK
STEADY,4,888,139,2.08,22.12,OK
STEADY,1,889,139,2.08,22.16,OK
STEADY,2,889,166,2.08,22.20,OK
STEADY,3,889,140,2.08,22.23,OK
STEADY,4,889,139,2.08,22.27,OK
STEADY,1,890,139,2.08,22.31,OK
STEADY,1,883,473,2.08,22.35,OK
STEADY,2,890,169,2.08,22.38,OK
STEADY,4,890,171,2.08,22.42,OK
STEADY,1,891,172,2.08,22.46,OK
STEADY,2,891,171,2.08,22.50,OK
STEADY,3,891,169,2.08,22.53,OK
STEADY,4,891,170,2.08,22.57,OK
STEADY,1,892,170,2.08,22.61,OK
STEADY,2,892,171,2.08,22.65,OK
STEADY,3,892,154,2.08,22.69,OK
STEADY,4,892,153,2.08,22.72,OK
STEADY,1,893,153,2.08,22.76,OK
STEADY,3,893,166,2.08,21.25,OK
STEADY,4,893,166,2.08,21.29,OK
STEADY,1,894,167,2.08,21.33,OK
STEADY,2,894,166,2.08,21.36,OK
STEADY,4,886,474,2.08,21.82,OK
STEADY,3,894,125,2.08,21.40,OK
STEADY,4,894,126,2.08,21.44,OK
STEADY,1,895,125,2.08,21.48,OK
STEADY,3,895,142,2.08,21.51,OK
STEADY,4,895,143,2.08,21.55,OK
STEADY,1,896,143,2.08,21.59,OK
STEADY,2,893,270,2.08,21.63,OK
STEADY,3,896,140,2.08,21.67,OK
STEADY,4,896,141,2.08,21.71,OK
STEADY,1,897,141,2.08,21.74,OK
STEADY,2,897,141,2.08,21.78,OK
STEADY,3,897,117,2.08,21.82,OK
STEADY,4,897,118,2.08,21.86,OK
STEADY,1,898,118,2.08,21.89,OK
STEADY,2,898,118,2.08,21.93,OK
STEADY,3,890,421,2.08,21.97,OK
STEADY,2,895,250,2.08,22.00,OK
STEADY,3,898,126,2.08,22.04,OK
STEADY,4,898,127,2.08,22.08,OK
STEADY,1,899,127,2.08,22.12,OK
STEADY,2,899,127,2.08,22.15,OK
STEADY,3,899,127,2.08,22.19,OK
STEADY,4,899,127,2.08,22.23,OK
STEADY,1,900,127,2.08,22.27,OK
STEADY,2,900,127,2.08,22.30,OK
STEADY,3,900,131,2.08,22.34,OK
STEADY,4,900,131,2.08,22.38,OK
STEADY,1,901,131,2.08,22.42,OK
STEADY,2,901,131,2.08,22.45,OK
STEADY,3,901,136,2.08,22.49,OK
STEADY,4,901,136,2.08,22.53,OK
STEADY,1,902,135,2.08,22.56,OK
STEADY,2,902,135,2.08,22.60,OK
STEADY,3,902,140,2.08,22.64,OK
STEADY,4,902,139,2.08,22.68,OK
STEADY,1,903,139,2.08,22.71,OK
STEADY,2,903,139,2.08,22.75,OK
STEADY,3,903,141,2.08,22.79,OK
STEADY,4,903,141,2.08,22.83,OK
STEADY,1,904,141,2.08,21.26,OK
STEADY,2,904,141,2.08,21.29,OK
STEADY,3,904,137,2.08,21.33,OK
STEADY,4,904,137,2.08,21.37,OK
STEADY,1,905,137,2.08,21.41,OK
STEADY,2,905,137,2.08,21.44,OK
STEADY,3,905,144,2.08,21.48,OK
STEADY,4,905,146,2.08,21.52,OK
STEADY,1,906,146,2.08,21.56,OK
STEADY,2,906,146,2.08,21.59,OK
STEADY,3,906,144,2.08,21.63,OK
STEADY,4,906,144,2.08,21.67,OK
STEADY,1,907,144,2.08,21.71,OK
STEADY,2,907,144,2.08,21.74,OK
STEADY,3,907,123,2.08,21.78,OK
STEADY,4,907,123,2.08,21.82,OK
STEADY,2,908,123,2.08,21.89,OK
STEADY,3,908,145,2.08,21.93,OK
STEADY,4,908,145,2.08,21.97,OK
STEADY,1,909,145,2.08,22.01,OK
STEADY,2,909,145,2.08,22.04,OK
STEADY,3,909,146,2.08,22.08,OK
STEADY,4,909,145,2.08,22.12,OK
STEADY,1,910,145,2.08,22.16,OK
STEADY,2,910,145,2.08,22.19,OK
STEADY,3,910,138,2.08,22.23,OK
STEADY,4,910,138,2.08,22.27,OK
STEADY,1,911,138,2.08,22.30,OK
STEADY,2,911,138,2.08,22.34,OK
STEADY,3,911,144,2.08,22.38,OK
STEADY,4,911,146,2.08,22.42,OK
STEADY,1,912,146,2.08,22.45,OK
STEADY,2,912,147,2.08,22.49,OK
STEADY,3,912,124,2.08,22.53,OK
STEADY,4,912,123,2.08,22.57,OK
STEADY,1,913,123,2.08,22.60,OK
STEADY,2,913,123,2.08,22.64,OK
STEADY,3,913,123,2.08,22.68,OK
STEADY,4,913,123,2.08,22.72,OK
STEADY,1,914,122,2,22.75,OK
STEADY,2,914,123,2,22.79,OK
STEADY,3,914,125,2,21.26,OK
STEADY,4,914,124,2,21.30,OK
STEADY,1,915,124,2,21.34,OK
STEADY,2,915,124,2,21.37,OK
STEADY,1,908,492,2.08,21.86,OK
STEADY,3,915,143,2,21.41,OK
STEADY,4,915,142,2,21.45,OK
STEADY,1,916,143,2,21.48,OK
STEADY,2,916,143,2,21.52,OK
STEADY,3,916,141,2,21.56,OK
STEADY,4,916,140,2,21.60,OK
STEADY,1,917,141,2,21.63,OK
STEADY,2,917,141,2,21.67,OK
STEADY,3,917,135,2,21.71,OK
STEADY,4,917,135,2,21.75,OK
STEADY,1,918,135,2,21.78,OK
STEADY,2,918,135,2,21.82,OK
STEADY,3,918,169,2,21.86,OK
STEADY,4,918,169,2,21.90,OK
STEADY,1,919,169,2,21.93,OK
STEADY,2,919,169,2,21.97,OK
STEADY,3,919,164,2,22.01,OK
STEADY,4,919,165,2,22.04,OK
STEADY,1,920,165,2,22.08,OK
STEADY,2,920,166,2,22.12,OK
STEADY,3,920,164,2,22.16,OK
STEADY,4,920,165,2,22.20,OK
STEADY,2,896,1318,2,22.23,OK
STEADY,2,921,165,2,22.31,OK
STEADY,3,921,166,2,22.35,OK
STEADY,4,921,166,2,22.38,OK
STEADY,1,922,166,2,22.42,OK
STEADY,2,922,166,2,22.46,OK
STEADY,3,922,164,2,22.49,OK
STEADY,4,922,165,2,22.53,OK
STEADY,1,923,165,2,22.57,OK
STEADY,2,923,165,2,22.61,OK
STEADY,3,923,164,2,22.64,OK
STEADY,4,923,165,2,22.68,OK
STEADY,1,924,164,2,22.72,OK
STEADY,2,924,164,2,22.75,OK
STEADY,3,924,143,2,22.79,OK
STEADY,4,924,143,2,22.83,OK
STEADY,1,925,143,2,22.87,OK
STEADY,2,925,143,2,22.90,OK
STEADY,3,925,136,2,21.24,OK
STEADY,4,925,137,2,21.28,OK
STEADY,1,926,137,2,21.32,OK
STEADY,2,926,139,2,21.35,OK
STEADY,3,926,123,2,21.39,OK
STEADY,4,926,123,2,21.43,OK
STEADY,1,927,122,2,21.46,OK
STEADY,2,927,122,2,21.50,OK
STEADY,3,927,123,2,21.54,OK
STEADY,4,927,123,2,21.58,OK
STEADY,1,928,123,2,21.61,OK
STEADY,2,928,122,2,21.65,OK
STEADY,3,928,145,2,21.69,OK
STEADY,4,928,144,2,21.73,OK
STEADY,1,929,145,2,21.76,OK
STEADY,2,929,145,2,21.80,OK
STEADY,3,929,145,2,21.84,OK
STEADY,4,929,144,2,21.88,OK
STEADY,1,921,532,2,22.27,OK
STEADY,1,930,145,2,21.92,OK
STEADY,2,930,145,2,21.95,OK
STEADY,3,930,140,2,21.99,OK
STEADY,4,930,140,2,22.03,OK
STEADY,1,931,140,2,22.07,OK
STEADY,2,931,140,2,22.10,OK
STEADY,3,931,145,2,22.14,OK
STEADY,4,931,144,2,22.18,OK
STEADY,1,932,144,2,22.21,OK
STEADY,2,932,145,2,22.25,OK
STEADY,3,932,145,2,22.29,OK
STEADY,4,932,144,2,22.33,OK
STEADY,1,933,144,2,22.36,OK
STEADY,2,933,144,2,22.40,OK
STEADY,3,933,123,2,22.44,OK
STEADY,4,933,123,2,22.48,OK
STEADY,1,934,123,2,22.51,OK
STEADY,2,934,122,2,22.55,OK
STEADY,3,934,145,2,22.59,OK
STEADY,4,934,144,2,22.63,OK
STEADY,1,935,144,2,22.66,OK
STEADY,2,935,144,2,22.70,OK
STEADY,3,935,143,2,22.74,OK
STEADY,4,935,144,2,22.77,OK
STEADY,1,936,144,2,22.81,OK
STEADY,2,936,144,2,22.85,OK
STEADY,3,936,141,2,21.27,OK
STEADY,4,936,141,2,21.31,OK
STEADY,1,937,141,2,21.34,OK
STEADY,2,937,141,2,21.38,OK
STEADY,3,937,134,2,21.42,OK
STEADY,4,937,134,2,21.46,OK
STEADY,1,938,134,2,21.49,OK
STEADY,2,938,134,2,21.53,OK
STEADY,3,938,168,2,21.57,OK
STEADY,4,938,168,2,21.61,OK
STEADY,1,939,168,2,21.64,OK
STEADY,2,939,168,2,21.68,OK
STEADY,3,939,144,2,21.72,OK
STEADY,4,939,144,2,21.76,OK
STEADY,1,940,144,2,21.79,OK
STEADY,2,940,145,2,21.83,OK
STEADY,3,940,136,2,21.87,OK
STEADY,4,940,138,2,21.91,OK
STEADY,1,941,138,2,21.94,OK
STEADY,2,941,139,2,21.98,OK
STEADY,3,941,124,2,22.02,OK
STEADY,4,941,123,2,22.05,OK
STEADY,1,942,123,2,22.09,OK
STEADY,2,942,123,2,22.13,OK
STEADY,3,942,123,2,22.17,OK
STEADY,4,942,123,2,22.20,OK
STEADY,1,943,123,2,22.24,OK
STEADY,2,943,124,2,22.28,OK
STEADY,3,943,145,2,22.32,OK
STEADY,4,943,144,2,22.35,OK
STEADY,1,944,144,2,22.39,OK
STEADY,2,944,144,2,22.43,OK
STEADY,3,944,118,2,22.47,OK
STEADY,4,944,143,2,22.50,OK
STEADY,1,945,144,2,22.54,OK
STEADY,2,945,144,2,22.58,OK
STEADY,3,945,140,2,22.62,OK
STEADY,4,945,139,2,22.65,OK
STEADY,1,946,139,2,22.69,OK
STEADY,2,946,139,2,22.73,OK
STEADY,3,946,120,2,22.76,OK
STEADY,4,946,119,2,22.80,OK
STEADY,1,947,120,2,22.84,OK
STEADY,2,947,120,2,22.88,OK
STEADY,3,947,130,2,21.24,OK
STEADY,4,947,130,2,21.28,OK
STEADY,1,948,130,2,21.32,OK
STEADY,2,948,168,2,21.35,OK
STEADY,3,948,166,2,21.39,OK
STEADY,4,948,166,2,21.43,OK
STEADY,1,949,166,2,21.47,OK
STEADY,2,949,167,2,21.50,OK
STEADY,3,949,169,2,21.54,OK
STEADY,4,949,169,2,21.58,OK
STEADY,1,950,169,2,21.62,OK
STEADY,2,950,169,2,21.65,OK
STEADY,3,950,169,2,21.69,OK
STEADY,4,950,170,2,21.73,OK
STEADY,1,951,169,2,21.77,OK
STEADY,2,951,169,2,21.80,OK
STEADY,3,951,169,2,21.84,OK
STEADY,4,951,170,2,21.88,OK
STEADY,1,952,169,2,21.92,OK
STEADY,2,952,169,2,21.95,OK
STEADY,3,952,171,2,21.99,OK
STEADY,4,952,171,2,22.03,OK
STEADY,1,953,170,2,22.06,OK
STEADY,2,953,170,2,22.10,OK
STEADY,3,953,168,2,22.14,OK
STEADY,4,953,169,2,22.18,OK
STEADY,1,954,169,2,22.21,OK
STEADY,2,954,169,2,22.25,OK
STEADY,3,954,168,2,22.29,OK
STEADY,4,954,169,2,22.33,OK
STEADY,1,955,169,2,22.36,OK
STEADY,2,955,169,2,22.40,OK
STEADY,3,955,167,2,22.44,OK
STEADY,4,955,168,2,22.48,OK
STEADY,1,956,168,2,22.51,OK
STEADY,2,956,168,2,22.55,OK
STEADY,3,956,168,2,22.59,OK
STEADY,4,956,168,2,22.63,OK
STEADY,1,957,169,2,22.66,OK
STEADY,2,957,169,2,22.70,OK
STEADY,3,957,167,2,22.74,OK
STEADY,4,957,169,2,22.77,OK
STEADY,1,958,169,2,22.81,OK
STEADY,2,958,169,2,22.85,OK
STEADY,3,958,167,2,21.24,OK
STEADY,4,958,168,2,21.28,OK
STEADY,1,959,168,2,21.32,OK
STEADY,2,959,169,2,21.35,OK
STEADY,3,959,168,2,21.39,OK
STEADY,4,959,169,2,21.43,OK
STEADY,1,960,168,2,21.47,OK
STEADY,2,960,168,2,21.50,OK
STEADY,3,960,168,2,21.54,OK
STEADY,4,960,168,2,21.58,OK
STEADY,1,961,169,2,21.62,OK
STEADY,2,961,168,2,21.65,OK
STEADY,3,961,167,2,21.69,OK
STEADY,4,961,168,2,21.73,OK
STEADY,1,962,168,2,21.77,OK
STEADY,2,962,168,2,21.80,OK
STEADY,3,962,166,2,21.84,OK
STEADY,1,963,165,2,21.92,OK
STEADY,2,963,165,2,21.95,OK
STEADY,3,963,166,2,21.99,OK
STEADY,4,963,166,2,22.03,OK
STEADY,1,964,167,2,22.06,OK
STEADY,2,964,167,2,22.10,OK
STEADY,3,964,168,2,22.14,OK
STEADY,4,964,168,2,22.18,OK
STEADY,1,965,169,2,22.21,OK
STEADY,2,965,169,2,22.25,OK
STEADY,3,965,169,2,22.29,OK
STEADY,4,965,168,2,22.33,OK
STEADY,1,966,168,2,22.36,OK
STEADY,2,966,169,2,22.40,OK
STEADY,3,966,142,2,22.44,OK
STEADY,1,967,140,2,22.51,OK
STEADY,2,967,141,2,22.55,OK
STEADY,3,967,170,2,22.59,OK
STEADY,4,967,171,2,22.62,OK
STEADY,1,968,171,2,22.66,OK
STEADY,3,968,128,2,22.70,OK
STEADY,4,968,128,2,22.74,OK
STEADY,1,969,127,2,22.77,OK
STEADY,2,969,127,2,22.81,OK
STEADY,3,969,168,2,21.28,OK
STEADY,4,969,169,2,21.31,OK
STEADY,1,970,169,2,21.35,OK
STEADY,2,970,169,2,21.39,OK
STEADY,3,970,144,2,21.43,OK
STEADY,4,970,145,2,21.46,OK
STEADY,1,971,145,2,21.50,OK
STEADY,2,971,145,2,21.54,OK
STEADY,3,971,146,2,21.58,OK
STEADY,4,971,145,2,21.61,OK
STEADY,1,972,146,2,21.65,OK
STEADY,2,972,146,2,21.69,OK
STEADY,4,962,524,2,21.88,OK
STEADY,3,972,120,2,21.73,OK
STEADY,4,972,121,2,21.76,OK
STEADY,1,973,121,2,21.80,OK
STEADY,2,973,120,2,21.84,OK
STEADY,3,973,122,2,21.88,OK
STEADY,4,973,122,2,21.91,OK
STEADY,1,974,122,2,21.95,OK
STEADY,2,974,131,2,21.99,OK
STEADY,2,968,420,2,22.03,OK
STEADY,3,974,119,2,22.06,OK
STEADY,4,974,120,2,22.10,OK
STEADY,1,975,120,2,22.14,OK
STEADY,2,975,129,2,22.18,OK
STEADY,3,975,117,2,22.22,OK
STEADY,4,975,117,2,22.26,OK
STEADY,2,976,127,2,22.30,OK
STEADY,4,966,529,2,22.48,OK
STEADY,3,976,116,2,22.33,OK
STEADY,1,977,115,2,22.37,OK
STEADY,2,977,126,2,22.41,OK
STEADY,3,977,116,2,22.45,OK
STEADY,4,977,116,2,22.48,OK
STEADY,1,978,117,2,22.52,OK
STEADY,2,978,114,2,22.56,OK
STEADY,3,978,116,2,22.60,OK
STEADY,4,978,116,2,22.63,OK
STEADY,1,979,116,2,22.67,OK
STEADY,2,979,138,2,22.71,OK
STEADY,3,979,113,2,22.75,OK
STEADY,4,979,113,2,22.78,OK
STEADY,1,980,114,2,22.82,OK
STEADY,2,980,123,2,21.25,OK
STEADY,3,980,120,2,21.29,OK
STEADY,4,980,133,2,21.33,OK
STEADY,1,981,134,2,21.36,OK
STEADY,2,981,121,2,21.40,OK
STEADY,3,981,109,2,21.44,OK
STEADY,4,981,108,2,21.48,OK
STEADY,1,982,114,2,21.51,OK
STEADY,3,982,111,2,21.55,OK
STEADY,4,982,110,2,21.59,OK
STEADY,1,983,111,2,21.63,OK
STEADY,1,976,416,2,21.66,OK
STEADY,2,983,125,2,21.70,OK
STEADY,3,983,113,2,21.74,OK
STEADY,4,983,112,2,21.78,OK
STEADY,1,984,113,2,21.81,OK
STEADY,4,976,415,2,21.85,OK
STEADY,2,984,126,2,21.89,OK
STEADY,3,984,127,2,21.93,OK
STEADY,4,984,126,2,21.96,OK
STEADY,1,985,126,2,22.00,OK
STEADY,2,985,128,2,22.04,OK
STEADY,3,985,127,2,22.08,OK
STEADY,4,985,126,2,22.11,OK
STEADY,1,986,126,2,22.15,OK
STEADY,2,986,127,2,22.19,OK
STEADY,3,986,127,2,22.23,OK
STEADY,4,986,127,2,22.26,OK
STEADY,1,987,128,2,22.30,OK
STEADY,2,987,127,2,22.34,OK
STEADY,3,987,127,2,22.38,OK
STEADY,4,987,127,2,22.42,OK
STEADY,1,988,127,2,22.45,OK
STEADY,2,988,124,2,22.49,OK
STEADY,3,988,125,2,22.53,OK
STEADY,4,988,127,2,22.57,OK
STEADY,1,989,127,2,22.60,OK
STEADY,2,989,127,2,22.64,OK
STEADY,3,989,127,2,22.68,OK
STEADY,4,989,127,2,22.72,OK
STEADY,1,990,126,2,22.75,OK
STEADY,2,990,126,2,22.79,OK
STEADY,3,990,127,2,21.25,OK
STEADY,4,990,128,2,21.29,OK
STEADY,1,991,128,2,21.33,OK
STEADY,2,991,127,2,21.37,OK
STEADY,3,991,129,2,21.40,OK
STEADY,4,991,130,2,21.44,OK
STEADY,1,992,130,2,21.48,OK
STEADY,2,992,126,2,21.52,OK
STEADY,3,992,126,2,21.56,OK
STEADY,4,992,126,2,21.59,OK
STEADY,1,993,126,2,21.63,OK
STEADY,2,993,126,2,21.67,OK
STEADY,3,993,126,2,21.71,OK
STEADY,4,993,125,2,21.74,OK
STEADY,1,994,126,2,21.78,OK
STEADY,2,994,112,2,21.82,OK
STEADY,3,994,126,2,21.86,OK
STEADY,4,994,125,2,21.89,OK
STEADY,1,995,126,2,21.93,OK
STEADY,2,995,126,2,21.97,OK
STEADY,3,995,113,2,22.01,OK
STEADY,4,995,112,2,22.04,OK
STEADY,1,996,112,2,22.08,OK
STEADY,2,996,114,2,22.12,OK
STEADY,3,996,126,2,22.16,OK
STEADY,4,996,127,2,22.19,OK
STEADY,1,997,126,2,22.23,OK
STEADY,2,982,726,2,22.27,OK
STEADY,2,997,126,2,22.31,OK
STEADY,3,997,112,2,22.34,OK
STEADY,4,997,112,2,22.38,OK
STEADY,1,998,112,2,22.42,OK
STEADY,2,998,126,2,22.46,OK
STEADY,3,998,139,2,22.49,OK
STEADY,4,998,139,2,22.53,OK
STEADY,1,999,138,2,22.57,OK
STEADY,2,999,114,2,22.61,OK
STEADY,3,999,141,2,22.64,OK
STEADY,4,999,142,2,22.68,OK
STEADY,1,1000,142,2,22.72,OK
STEADY,2,1000,125,2,22.76,OK
STEADY,3,1000,110,2,22.79,OK
STEADY,4,1000,110,2,22.83,OK
