Fase,ClienteID,Iteracion,Latencia_ms,CPU_Load,RAM_MB,Status
WARMUP,2,1,125,2.29,22.07,OK
WARMUP,1,1,127,2.29,22.09,OK
WARMUP,3,1,125,2.29,22.11,OK
WARMUP,4,1,126,2.29,22.08,OK
WARMUP,2,2,122,2.29,22.13,OK
WARMUP,1,2,127,2.29,22.14,OK
WARMUP,3,2,126,2.29,22.16,OK
WARMUP,4,2,125,2.29,22.15,OK
WARMUP,2,3,123,2.29,22.17,OK
WARMUP,1,3,126,2.29,22.18,OK
WARMUP,4,3,126,2.29,22.19,OK
WARMUP,3,3,126,2.29,22.20,OK
WARMUP,2,4,125,2.29,22.21,OK
WARMUP,1,4,126,2.29,22.22,OK
WARMUP,3,4,126,2.29,22.24,OK
WARMUP,4,4,126,2.29,22.23,OK
WARMUP,2,5,124,2.29,22.25,OK
WARMUP,1,5,126,2.29,22.26,OK
WARMUP,3,5,126,2.29,22.28,OK
WARMUP,4,5,125,2.29,22.27,OK
WARMUP,2,6,123,2.29,22.29,OK
WARMUP,1,6,126,2.29,22.30,OK
WARMUP,3,6,126,2.29,22.32,OK
WARMUP,4,6,126,2.29,22.31,OK
WARMUP,2,7,123,2.29,21.60,OK
WARMUP,1,7,126,2.29,21.62,OK
WARMUP,3,7,125,2.29,21.63,OK
WARMUP,4,7,126,2.29,21.61,OK
WARMUP,2,8,122,2.29,21.64,OK
WARMUP,1,8,126,2.29,21.66,OK
WARMUP,3,8,126,2.29,21.67,OK
WARMUP,4,8,126,2.29,21.65,OK
WARMUP,2,9,122,2.29,21.68,OK
WARMUP,1,9,126,2.29,21.70,OK
WARMUP,3,9,125,2.29,21.71,OK
WARMUP,4,9,126,2.29,21.69,OK
WARMUP,2,10,122,2.29,21.72,OK
WARMUP,1,10,126,2.29,21.73,OK
WARMUP,3,10,125,2.29,21.75,OK
WARMUP,4,10,126,2.29,21.74,OK
WARMUP,2,11,123,2.29,21.76,OK
WARMUP,1,11,127,2.29,21.77,OK
WARMUP,3,11,126,2.29,21.78,OK
WARMUP,4,11,126,2.29,21.79,OK
WARMUP,2,12,123,2.29,21.80,OK
WARMUP,3,12,126,2.29,21.83,OK
WARMUP,1,12,128,2.29,21.82,OK
WARMUP,4,12,126,2.29,21.81,OK
WARMUP,2,13,123,2.29,21.84,OK
WARMUP,1,13,126,2.29,21.85,OK
WARMUP,3,13,125,2.29,21.87,OK
WARMUP,4,13,126,2.29,21.86,OK
WARMUP,2,14,123,2.29,21.88,OK
WARMUP,1,14,127,2.29,21.89,OK
WARMUP,3,14,126,2.29,21.91,OK
WARMUP,4,14,126,2.29,21.90,OK
WARMUP,2,15,123,2.29,21.92,OK
WARMUP,1,15,126,2.29,21.93,OK
WARMUP,3,15,126,2.29,21.95,OK
WARMUP,4,15,127,2.29,21.94,OK
WARMUP,2,16,124,2.29,21.96,OK
WARMUP,1,16,126,2.29,21.97,OK
WARMUP,3,16,126,2.29,21.99,OK
WARMUP,4,16,125,2.29,21.98,OK
WARMUP,2,17,123,2.29,22.00,OK
WARMUP,3,17,126,2.29,22.02,OK
WARMUP,1,17,127,2.29,22.03,OK
WARMUP,4,17,125,2.29,22.01,OK
WARMUP,2,18,124,2.29,22.04,OK
WARMUP,1,18,126,2.29,22.05,OK
WARMUP,3,18,126,2.29,22.07,OK
WARMUP,4,18,126,2.29,22.06,OK
WARMUP,2,19,124,2.29,22.08,OK
WARMUP,1,19,128,2.29,22.09,OK
WARMUP,3,19,129,2.29,22.10,OK
WARMUP,4,19,130,2.29,22.11,OK
WARMUP,2,20,124,2.29,22.12,OK
WARMUP,1,20,126,2.29,22.14,OK
WARMUP,3,20,126,2.29,22.15,OK
WARMUP,4,20,126,2.29,22.13,OK
WARMUP,2,21,123,2.29,22.16,OK
WARMUP,1,21,126,2.29,22.18,OK
WARMUP,3,21,125,2.29,22.19,OK
WARMUP,4,21,126,2.29,22.17,OK
WARMUP,2,22,123,2.29,22.20,OK
WARMUP,3,22,126,2.29,22.22,OK
WARMUP,4,22,126,2.29,22.21,OK
WARMUP,1,22,127,2.29,22.23,OK
WARMUP,2,23,123,2.29,22.24,OK
WARMUP,1,23,125,2.29,22.26,OK
WARMUP,3,23,125,2.29,22.27,OK
WARMUP,4,23,126,2.29,22.25,OK
WARMUP,2,24,123,2.29,22.28,OK
WARMUP,1,24,126,2.29,22.30,OK
WARMUP,3,24,125,2.29,22.31,OK
WARMUP,4,24,126,2.29,22.29,OK
WARMUP,2,25,123,2.29,22.32,OK
WARMUP,4,25,126,2.29,22.33,OK
WARMUP,1,25,129,2.29,21.63,OK
WARMUP,3,25,127,2.29,21.62,OK
WARMUP,2,26,123,2.29,21.64,OK
WARMUP,1,26,126,2.29,21.65,OK
WARMUP,3,26,126,2.29,21.67,OK
WARMUP,4,26,127,2.29,21.66,OK
WARMUP,2,27,123,2.29,21.68,OK
WARMUP,1,27,127,2.29,21.70,OK
WARMUP,3,27,126,2.29,21.70,OK
WARMUP,4,27,127,2.29,21.69,OK
WARMUP,2,28,123,2.29,21.71,OK
WARMUP,1,28,126,2.29,21.73,OK
WARMUP,3,28,125,2.29,21.74,OK
WARMUP,4,28,127,2.29,21.72,OK
WARMUP,2,29,122,2.29,21.75,OK
WARMUP,1,29,127,2.29,21.77,OK
WARMUP,3,29,126,2.29,21.78,OK
WARMUP,4,29,126,2.29,21.76,OK
WARMUP,2,30,123,2.29,21.79,OK
WARMUP,1,30,126,2.29,21.81,OK
WARMUP,3,30,125,2.29,21.82,OK
WARMUP,4,30,126,2.29,21.80,OK
WARMUP,2,31,123,2.29,21.82,OK
WARMUP,1,31,126,2.29,21.84,OK
WARMUP,3,31,126,2.29,21.85,OK
WARMUP,4,31,126,2.29,21.83,OK
WARMUP,2,32,123,2.29,21.86,OK
WARMUP,1,32,127,2.29,21.89,OK
WARMUP,3,32,125,2.29,21.90,OK
WARMUP,4,32,126,2.29,21.88,OK
WARMUP,2,33,123,2.29,21.91,OK
WARMUP,4,33,126,2.29,21.92,OK
WARMUP,3,33,128,2.29,21.93,OK
WARMUP,1,33,128,2.29,21.92,OK
WARMUP,2,34,123,2.29,21.94,OK
WARMUP,1,34,127,2.29,21.96,OK
WARMUP,3,34,125,2.29,21.97,OK
WARMUP,4,34,125,2.29,21.95,OK
WARMUP,2,35,123,2.29,21.98,OK
WARMUP,1,35,126,2.29,22.00,OK
WARMUP,3,35,126,2.29,22.01,OK
WARMUP,4,35,126,2.29,21.99,OK
WARMUP,2,36,123,2.29,22.02,OK
WARMUP,3,36,125,2.29,22.03,OK
WARMUP,1,36,126,2.29,22.04,OK
WARMUP,4,36,126,2.29,22.03,OK
WARMUP,2,37,123,2.29,22.05,OK
WARMUP,3,37,125,2.29,22.07,OK
WARMUP,1,37,126,2.29,22.08,OK
WARMUP,4,37,125,2.29,22.06,OK
WARMUP,2,38,122,2.29,22.09,OK
WARMUP,3,38,126,2.29,22.10,OK
WARMUP,1,38,126,2.29,22.11,OK
WARMUP,4,38,126,2.29,22.12,OK
WARMUP,2,39,123,2.29,22.13,OK
WARMUP,1,39,126,2.29,22.15,OK
WARMUP,3,39,126,2.29,22.15,OK
WARMUP,4,39,127,2.29,22.14,OK
WARMUP,2,40,123,2.29,22.16,OK
WARMUP,1,40,126,2.29,22.19,OK
WARMUP,4,40,125,2.29,22.17,OK
WARMUP,3,40,126,2.29,22.18,OK
WARMUP,2,41,122,2.29,22.20,OK
WARMUP,3,41,126,2.29,22.22,OK
WARMUP,4,41,126,2.29,22.21,OK
WARMUP,1,41,127,2.29,22.23,OK
WARMUP,2,42,122,2.29,22.24,OK
WARMUP,3,42,126,2.29,22.26,OK
WARMUP,4,42,126,2.29,22.25,OK
WARMUP,1,42,128,2.29,22.27,OK
WARMUP,2,43,122,2.29,22.28,OK
WARMUP,3,43,125,2.29,22.30,OK
WARMUP,4,43,125,2.29,22.29,OK
WARMUP,1,43,127,2.29,22.31,OK
WARMUP,2,44,122,2.29,22.32,OK
WARMUP,3,44,126,2.29,22.34,OK
WARMUP,1,44,126,2.29,22.35,OK
WARMUP,4,44,126,2.29,22.33,OK
WARMUP,2,45,124,2.29,22.36,OK
WARMUP,3,45,126,2.29,22.38,OK
WARMUP,1,45,126,2.29,22.39,OK
WARMUP,4,45,127,2.29,22.37,OK
WARMUP,2,46,123,2.29,21.60,OK
WARMUP,3,46,126,2.29,21.62,OK
WARMUP,1,46,126,2.29,21.63,OK
WARMUP,4,46,126,2.29,21.61,OK
WARMUP,2,47,123,2.29,21.64,OK
WARMUP,1,47,126,2.29,21.67,OK
WARMUP,3,47,126,2.29,21.66,OK
WARMUP,4,47,126,2.29,21.65,OK
WARMUP,2,48,124,2.29,21.67,OK
WARMUP,1,48,126,2.29,21.69,OK
WARMUP,3,48,126,2.29,21.70,OK
WARMUP,4,48,127,2.29,21.68,OK
WARMUP,2,49,123,2.29,21.71,OK
WARMUP,3,49,126,2.29,21.73,OK
WARMUP,1,49,126,2.29,21.74,OK
WARMUP,4,49,126,2.29,21.72,OK
WARMUP,2,50,123,2.29,21.75,OK
WARMUP,3,50,126,2.29,21.77,OK
WARMUP,1,50,126,2.29,21.78,OK
WARMUP,4,50,126,2.29,21.76,OK
WARMUP,2,51,123,2.29,21.79,OK
WARMUP,3,51,126,2.29,21.81,OK
WARMUP,1,51,126,2.29,21.82,OK
WARMUP,4,51,126,2.29,21.80,OK
WARMUP,2,52,123,2.29,21.83,OK
WARMUP,3,52,126,2.29,21.84,OK
WARMUP,4,52,127,2.29,21.83,OK
WARMUP,1,52,127,2.29,21.85,OK
WARMUP,2,53,124,2.29,21.86,OK
WARMUP,3,53,126,2.29,21.88,OK
WARMUP,1,53,127,2.29,21.89,OK
WARMUP,4,53,126,2.29,21.87,OK
WARMUP,2,54,123,2.29,21.90,OK
WARMUP,1,54,126,2.29,21.92,OK
WARMUP,3,54,126,2.29,21.93,OK
WARMUP,4,54,126,2.29,21.91,OK
WARMUP,2,55,123,2.29,21.94,OK
WARMUP,3,55,125,2.29,21.95,OK
WARMUP,1,55,126,2.29,21.96,OK
WARMUP,4,55,126,2.29,21.95,OK
WARMUP,2,56,126,2.29,21.97,OK
WARMUP,3,56,125,2.29,21.98,OK
WARMUP,1,56,126,2.29,22.00,OK
WARMUP,4,56,128,2.29,21.99,OK
WARMUP,2,57,124,2.29,22.01,OK
WARMUP,1,57,126,2.29,22.03,OK
WARMUP,3,57,127,2.29,22.04,OK
WARMUP,4,57,126,2.29,22.02,OK
WARMUP,2,58,123,2.29,22.05,OK
WARMUP,3,58,126,2.29,22.07,OK
WARMUP,1,58,126,2.29,22.07,OK
WARMUP,4,58,126,2.29,22.06,OK
WARMUP,2,59,123,2.29,22.08,OK
WARMUP,1,59,127,2.29,22.10,OK
WARMUP,3,59,125,2.29,22.11,OK
WARMUP,4,59,125,2.29,22.09,OK
WARMUP,2,60,122,2.29,22.12,OK
WARMUP,1,60,126,2.29,22.14,OK
WARMUP,3,60,126,2.29,22.15,OK
WARMUP,4,60,126,2.29,22.13,OK
WARMUP,2,61,123,2.29,22.16,OK
WARMUP,3,61,130,2.29,22.17,OK
WARMUP,1,61,132,2.29,22.18,OK
WARMUP,4,61,134,2.29,22.19,OK
WARMUP,2,62,123,2.29,22.20,OK
WARMUP,1,62,126,2.29,22.22,OK
WARMUP,3,62,125,2.29,22.23,OK
WARMUP,4,62,126,2.29,22.21,OK
WARMUP,2,63,123,2.29,22.24,OK
WARMUP,3,63,125,2.29,22.27,OK
WARMUP,1,63,129,2.29,22.26,OK
WARMUP,4,63,127,2.29,22.25,OK
WARMUP,2,64,123,2.29,22.28,OK
WARMUP,1,64,127,2.29,22.29,OK
WARMUP,4,64,126,2.29,22.30,OK
WARMUP,3,64,126,2.29,22.31,OK
WARMUP,2,65,123,2.29,22.32,OK
WARMUP,1,65,126,2.29,22.32,OK
WARMUP,3,65,125,2.29,22.34,OK
WARMUP,4,65,126,2.29,22.33,OK
WARMUP,2,66,122,2.29,22.35,OK
WARMUP,1,66,126,2.29,22.36,OK
WARMUP,3,66,126,2.29,22.38,OK
WARMUP,4,66,125,2.29,22.37,OK
WARMUP,2,67,122,2.29,22.39,OK
WARMUP,1,67,126,2.29,22.40,OK
WARMUP,3,67,126,2.29,21.61,OK
WARMUP,4,67,126,2.29,22.41,OK
WARMUP,2,68,123,2.29,21.62,OK
WARMUP,1,68,126,2.29,21.63,OK
WARMUP,3,68,126,2.29,21.64,OK
WARMUP,4,68,127,2.29,21.65,OK
WARMUP,2,69,123,2.29,21.66,OK
WARMUP,1,69,126,2.29,21.67,OK
WARMUP,3,69,126,2.29,21.69,OK
WARMUP,4,69,126,2.29,21.68,OK
WARMUP,2,70,122,2.29,21.70,OK
WARMUP,1,70,126,2.29,21.71,OK
WARMUP,3,70,125,2.29,21.73,OK
WARMUP,4,70,126,2.29,21.72,OK
WARMUP,2,71,122,2.29,21.73,OK
WARMUP,1,71,127,2.29,21.74,OK
WARMUP,3,71,126,2.29,21.76,OK
WARMUP,4,71,126,2.29,21.75,OK
WARMUP,2,72,123,2.29,21.77,OK
WARMUP,1,72,126,2.29,21.78,OK
WARMUP,3,72,125,2.29,21.80,OK
WARMUP,4,72,126,2.29,21.79,OK
WARMUP,2,73,123,2.29,21.81,OK
WARMUP,1,73,126,2.29,21.82,OK
WARMUP,3,73,125,2.29,21.84,OK
WARMUP,4,73,126,2.29,21.83,OK
WARMUP,2,74,123,2.29,21.85,OK
WARMUP,1,74,127,2.29,21.86,OK
WARMUP,3,74,126,2.29,21.87,OK
WARMUP,4,74,126,2.29,21.86,OK
WARMUP,2,75,124,2.29,21.88,OK
WARMUP,1,75,126,2.29,21.89,OK
WARMUP,3,75,126,2.29,21.91,OK
WARMUP,4,75,125,2.29,21.90,OK
WARMUP,2,76,122,2.29,21.92,OK
WARMUP,1,76,127,2.29,21.93,OK
WARMUP,3,76,126,2.29,21.95,OK
WARMUP,4,76,126,2.29,21.94,OK
WARMUP,2,77,125,2.29,21.96,OK
WARMUP,1,77,126,2.29,21.97,OK
WARMUP,3,77,125,2.29,21.98,OK
WARMUP,4,77,126,2.29,21.98,OK
WARMUP,2,78,122,2.29,21.99,OK
WARMUP,1,78,126,2.29,22.00,OK
WARMUP,3,78,126,2.29,22.02,OK
WARMUP,4,78,126,2.29,22.01,OK
WARMUP,2,79,123,2.29,22.03,OK
WARMUP,1,79,126,2.29,22.04,OK
WARMUP,3,79,125,2.29,22.05,OK
WARMUP,4,79,126,2.29,22.06,OK
WARMUP,2,80,124,2.29,22.07,OK
WARMUP,1,80,126,2.29,22.08,OK
WARMUP,3,80,127,2.29,22.09,OK
WARMUP,4,80,125,2.29,22.10,OK
WARMUP,2,81,123,2.29,22.11,OK
WARMUP,1,81,126,2.29,22.12,OK
WARMUP,3,81,126,2.29,22.13,OK
WARMUP,4,81,126,2.29,22.13,OK
WARMUP,2,82,122,2.29,22.14,OK
WARMUP,1,82,127,2.29,22.15,OK
WARMUP,3,82,127,2.29,22.16,OK
WARMUP,4,82,126,2.29,22.17,OK
WARMUP,2,83,123,2.29,22.18,OK
WARMUP,1,83,126,2.29,22.19,OK
WARMUP,3,83,127,2.29,22.21,OK
WARMUP,4,83,126,2.29,22.20,OK
WARMUP,2,84,122,2.29,22.22,OK
WARMUP,1,84,127,2.29,22.23,OK
WARMUP,3,84,126,2.29,22.24,OK
WARMUP,4,84,126,2.29,22.25,OK
WARMUP,2,85,123,2.29,22.26,OK
WARMUP,1,85,126,2.29,22.26,OK
WARMUP,3,85,126,2.29,22.27,OK
WARMUP,4,85,126,2.29,22.28,OK
WARMUP,2,86,123,2.29,22.29,OK
WARMUP,1,86,125,2.29,22.30,OK
WARMUP,3,86,125,2.29,22.31,OK
WARMUP,4,86,127,2.29,22.32,OK
WARMUP,2,87,123,2.29,22.33,OK
WARMUP,1,87,127,2.29,22.35,OK
WARMUP,3,87,126,2.29,22.35,OK
WARMUP,4,87,126,2.29,22.36,OK
WARMUP,2,88,122,2.29,22.37,OK
WARMUP,1,88,126,2.29,22.38,OK
WARMUP,3,88,126,2.29,22.39,OK
WARMUP,4,88,126,2.29,22.40,OK
WARMUP,2,89,123,2.29,22.41,OK
WARMUP,1,89,126,2.29,22.42,OK
WARMUP,3,89,126,2.29,21.66,OK
WARMUP,4,89,125,2.29,21.65,OK
WARMUP,2,90,123,2.29,21.67,OK
WARMUP,1,90,127,2.29,21.68,OK
WARMUP,3,90,127,2.29,21.70,OK
WARMUP,4,90,126,2.29,21.69,OK
WARMUP,2,91,123,2.29,21.71,OK
WARMUP,1,91,126,2.29,21.72,OK
WARMUP,3,91,127,2.29,21.74,OK
WARMUP,4,91,126,2.29,21.73,OK
WARMUP,2,92,123,2.29,21.74,OK
WARMUP,1,92,126,2.29,21.75,OK
WARMUP,3,92,126,2.29,21.77,OK
WARMUP,4,92,126,2.29,21.76,OK
WARMUP,2,93,123,2.29,21.79,OK
WARMUP,1,93,127,2.29,21.79,OK
WARMUP,3,93,126,2.29,21.81,OK
WARMUP,4,93,126,2.29,21.80,OK
WARMUP,2,94,123,2.29,21.82,OK
WARMUP,1,94,126,2.29,21.83,OK
WARMUP,3,94,126,2.29,21.85,OK
WARMUP,4,94,126,2.29,21.84,OK
WARMUP,2,95,123,2.29,21.86,OK
WARMUP,1,95,126,2.29,21.87,OK
WARMUP,3,95,126,2.29,21.88,OK
WARMUP,4,95,126,2.29,21.89,OK
WARMUP,2,96,124,2.29,21.90,OK
WARMUP,1,96,126,2.29,21.91,OK
WARMUP,3,96,126,2.29,21.92,OK
WARMUP,4,96,125,2.29,21.93,OK
WARMUP,2,97,122,2.29,21.94,OK
WARMUP,1,97,126,2.29,21.94,OK
WARMUP,3,97,126,2.29,21.96,OK
WARMUP,4,97,125,2.29,21.97,OK
WARMUP,2,98,124,2.29,21.98,OK
WARMUP,1,98,126,2.29,21.99,OK
WARMUP,3,98,127,2.29,22.01,OK
WARMUP,4,98,126,2.29,22.00,OK
WARMUP,2,99,123,2.29,22.02,OK
WARMUP,1,99,127,2.29,22.03,OK
WARMUP,3,99,126,2.29,22.04,OK
WARMUP,4,99,125,2.29,22.05,OK
WARMUP,2,100,123,2.29,22.06,OK
WARMUP,1,100,126,2.29,22.07,OK
WARMUP,3,100,126,2.29,22.09,OK
WARMUP,4,100,126,2.29,22.08,OK
STEADY,2,101,122,2.29,22.09,OK
STEADY,3,101,126,2.29,22.11,OK
STEADY,1,101,127,2.29,22.12,OK
STEADY,4,101,126,2.29,22.10,OK
STEADY,2,102,124,2.29,22.13,OK
STEADY,3,102,126,2.29,22.15,OK
STEADY,1,102,127,2.29,22.16,OK
STEADY,4,102,126,2.29,22.14,OK
STEADY,2,103,122,2.29,22.17,OK
STEADY,1,103,126,2.29,22.20,OK
STEADY,3,103,127,2.29,22.19,OK
STEADY,4,103,126,2.29,22.18,OK
STEADY,2,104,123,2.29,22.21,OK
STEADY,3,104,126,2.29,22.23,OK
STEADY,1,104,126,2.29,22.24,OK
STEADY,4,104,126,2.29,22.22,OK
STEADY,2,105,124,2.29,22.24,OK
STEADY,3,105,125,2.29,22.26,OK
STEADY,1,105,126,2.29,22.27,OK
STEADY,4,105,125,2.29,22.25,OK
STEADY,2,106,123,2.29,22.28,OK
STEADY,1,106,126,2.29,22.31,OK
STEADY,3,106,126,2.29,22.30,OK
STEADY,4,106,126,2.29,22.29,OK
STEADY,2,107,125,2.29,22.33,OK
STEADY,1,107,126,2.29,22.34,OK
STEADY,3,107,126,2.29,22.35,OK
STEADY,4,107,126,2.29,22.32,OK
STEADY,2,108,123,2.29,22.35,OK
STEADY,1,108,126,2.29,22.37,OK
STEADY,3,108,125,2.29,22.38,OK
STEADY,4,108,126,2.29,22.36,OK
STEADY,2,109,122,2.29,22.39,OK
STEADY,1,109,127,2.29,22.41,OK
STEADY,3,109,126,2.29,22.42,OK
STEADY,4,109,126,2.29,22.40,OK
STEADY,2,110,123,2.29,22.43,OK
STEADY,3,110,127,2.29,21.67,OK
STEADY,1,110,130,2.29,21.69,OK
STEADY,4,110,130,2.29,21.68,OK
STEADY,2,111,122,2.29,21.70,OK
STEADY,1,111,126,2.29,21.72,OK
STEADY,3,111,125,2.29,21.72,OK
STEADY,4,111,126,2.29,21.71,OK
STEADY,2,112,123,2.29,21.73,OK
STEADY,3,112,125,2.29,21.75,OK
STEADY,4,112,126,2.29,21.74,OK
STEADY,1,112,127,2.29,21.76,OK
STEADY,2,113,122,2.29,21.77,OK
STEADY,1,113,126,2.29,21.79,OK
STEADY,3,113,127,2.29,21.80,OK
STEADY,4,113,127,2.29,21.78,OK
STEADY,2,114,122,2.29,21.81,OK
STEADY,3,114,125,2.29,21.83,OK
STEADY,1,114,127,2.29,21.83,OK
STEADY,4,114,126,2.29,21.82,OK
STEADY,2,115,123,2.19,21.84,OK
STEADY,3,115,126,2.19,21.85,OK
STEADY,1,115,126,2.19,21.87,OK
STEADY,4,115,127,2.19,21.86,OK
STEADY,2,116,122,2.19,21.89,OK
STEADY,3,116,126,2.19,21.92,OK
STEADY,1,116,127,2.19,21.91,OK
STEADY,4,116,125,2.19,21.90,OK
STEADY,2,117,123,2.19,21.93,OK
STEADY,3,117,125,2.19,21.95,OK
STEADY,4,117,125,2.19,21.94,OK
STEADY,1,117,127,2.19,21.95,OK
STEADY,2,118,122,2.19,21.96,OK
STEADY,3,118,125,2.19,21.98,OK
STEADY,1,118,126,2.19,21.99,OK
STEADY,4,118,126,2.19,21.97,OK
STEADY,2,119,123,2.19,22.00,OK
STEADY,3,119,126,2.19,22.01,OK
STEADY,1,119,126,2.19,22.02,OK
STEADY,4,119,128,2.19,22.03,OK
STEADY,2,120,123,2.19,22.04,OK
STEADY,1,120,127,2.19,22.05,OK
STEADY,3,120,125,2.19,22.06,OK
STEADY,4,120,127,2.19,22.06,OK
STEADY,2,121,123,2.19,22.07,OK
STEADY,1,121,126,2.19,22.08,OK
STEADY,3,121,126,2.19,22.10,OK
STEADY,4,121,126,2.19,22.09,OK
STEADY,2,122,123,2.19,22.11,OK
STEADY,1,122,127,2.19,22.12,OK
STEADY,3,122,126,2.19,22.14,OK
STEADY,4,122,126,2.19,22.13,OK
STEADY,2,123,124,2.19,22.15,OK
STEADY,1,123,126,2.19,22.16,OK
STEADY,3,123,126,2.19,22.17,OK
STEADY,4,123,125,2.19,22.17,OK
STEADY,2,124,124,2.19,22.19,OK
STEADY,1,124,128,2.19,22.20,OK
STEADY,3,124,127,2.19,22.52,OK
STEADY,4,124,127,2.19,22.21,OK
STEADY,2,125,129,2.19,22.27,OK
STEADY,3,125,128,2.19,22.25,OK
STEADY,1,125,130,2.19,22.26,OK
STEADY,4,125,129,2.19,22.23,OK
STEADY,2,126,123,2.19,22.28,OK
STEADY,1,126,127,2.19,22.29,OK
STEADY,3,126,126,2.19,22.31,OK
STEADY,4,126,126,2.19,22.30,OK
STEADY,2,127,122,2.19,22.32,OK
STEADY,1,127,128,2.19,22.33,OK
STEADY,3,127,127,2.19,22.36,OK
STEADY,4,127,126,2.19,23.34,OK
STEADY,2,128,122,2.19,22.38,OK
STEADY,3,128,125,2.19,22.40,OK
STEADY,1,128,127,2.19,22.41,OK
STEADY,4,128,125,2.19,22.42,OK
STEADY,2,129,123,2.19,22.44,OK
STEADY,3,129,126,2.19,22.46,OK
STEADY,1,129,127,2.19,22.46,OK
STEADY,4,129,126,2.19,22.45,OK
STEADY,2,130,122,2.19,22.47,OK
STEADY,1,130,126,2.19,22.48,OK
STEADY,3,130,126,2.19,22.50,OK
STEADY,4,130,126,2.19,22.49,OK
STEADY,2,131,123,2.19,21.75,OK
STEADY,3,131,126,2.19,21.76,OK
STEADY,1,131,126,2.19,21.77,OK
STEADY,4,131,126,2.19,21.76,OK
STEADY,2,132,122,2.19,21.78,OK
STEADY,3,132,126,2.19,21.80,OK
STEADY,1,132,126,2.19,21.81,OK
STEADY,4,132,126,2.19,21.79,OK
STEADY,2,133,122,2.19,21.82,OK
STEADY,3,133,126,2.19,21.84,OK
STEADY,1,133,126,2.19,21.85,OK
STEADY,4,133,126,2.19,21.83,OK
STEADY,2,134,122,2.19,21.86,OK
STEADY,3,134,126,2.19,21.87,OK
STEADY,1,134,126,2.19,21.88,OK
STEADY,4,134,126,2.19,21.86,OK
STEADY,2,135,122,2.19,21.89,OK
STEADY,3,135,126,2.19,21.91,OK
STEADY,1,135,126,2.19,21.92,OK
STEADY,4,135,126,2.19,21.90,OK
STEADY,2,136,122,2.19,21.93,OK
STEADY,3,136,126,2.19,21.95,OK
STEADY,4,136,126,2.19,21.94,OK
STEADY,1,136,128,2.19,21.95,OK
STEADY,2,137,123,2.19,21.96,OK
STEADY,3,137,126,2.19,21.98,OK
STEADY,1,137,126,2.19,21.99,OK
STEADY,4,137,126,2.19,21.97,OK
STEADY,2,138,123,2.19,22.00,OK
STEADY,3,138,126,2.19,22.02,OK
STEADY,1,138,126,2.19,22.03,OK
STEADY,4,138,126,2.19,22.01,OK
STEADY,2,139,123,2.19,22.04,OK
STEADY,1,139,126,2.19,22.07,OK
STEADY,3,139,126,2.19,22.06,OK
STEADY,4,139,126,2.19,22.05,OK
STEADY,2,140,123,2.19,22.08,OK
STEADY,1,140,126,2.19,22.09,OK
STEADY,3,140,127,2.19,22.10,OK
STEADY,4,140,127,2.19,22.08,OK
STEADY,2,141,124,2.19,22.11,OK
STEADY,1,141,126,2.19,22.12,OK
STEADY,3,141,126,2.19,22.14,OK
STEADY,4,141,126,2.19,22.13,OK
STEADY,2,142,122,2.19,22.15,OK
STEADY,1,142,126,2.19,22.16,OK
STEADY,3,142,126,2.19,22.17,OK
STEADY,4,142,125,2.19,22.17,OK
STEADY,2,143,122,2.19,22.18,OK
STEADY,1,143,126,2.19,22.19,OK
STEADY,3,143,126,2.19,22.20,OK
STEADY,4,143,126,2.19,22.21,OK
STEADY,2,144,124,2.19,22.22,OK
STEADY,1,144,126,2.19,22.23,OK
STEADY,3,144,126,2.19,22.24,OK
STEADY,4,144,127,2.19,22.25,OK
STEADY,2,145,129,2.19,22.28,OK
STEADY,1,145,128,2.19,22.27,OK
STEADY,3,145,128,2.19,22.27,OK
STEADY,4,145,128,2.19,22.26,OK
STEADY,2,146,123,2.19,22.29,OK
STEADY,3,146,126,2.19,22.30,OK
STEADY,1,146,126,2.19,22.31,OK
STEADY,4,146,126,2.19,22.32,OK
STEADY,2,147,123,2.19,22.33,OK
STEADY,3,147,126,2.19,22.34,OK
STEADY,1,147,126,2.19,22.35,OK
STEADY,4,147,126,2.19,22.36,OK
STEADY,2,148,123,2.19,22.37,OK
STEADY,1,148,126,2.19,22.39,OK
STEADY,3,148,127,2.19,22.38,OK
STEADY,4,148,126,2.19,22.39,OK
STEADY,2,149,123,2.19,22.40,OK
STEADY,3,149,126,2.19,22.42,OK
STEADY,1,149,126,2.19,22.43,OK
STEADY,4,149,126,2.19,22.41,OK
STEADY,2,150,123,2.19,22.44,OK
STEADY,3,150,126,2.19,22.46,OK
STEADY,1,150,126,2.19,22.47,OK
STEADY,4,150,126,2.19,22.45,OK
STEADY,2,151,123,2.19,22.48,OK
STEADY,3,151,126,2.19,22.49,OK
STEADY,4,151,126,2.19,22.49,OK
STEADY,1,151,127,2.19,22.50,OK
STEADY,2,152,123,2.19,22.51,OK
STEADY,3,152,126,2.19,21.73,OK
STEADY,1,152,126,2.19,21.74,OK
STEADY,4,152,128,2.19,21.75,OK
STEADY,2,153,123,2.19,21.75,OK
STEADY,3,153,126,2.19,21.77,OK
STEADY,1,153,126,2.19,21.78,OK
STEADY,4,153,126,2.19,21.76,OK
STEADY,2,154,124,2.19,21.79,OK
STEADY,1,154,127,2.19,21.81,OK
STEADY,3,154,126,2.19,21.82,OK
STEADY,4,154,127,2.19,21.80,OK
STEADY,2,155,124,2.19,21.83,OK
STEADY,3,155,126,2.19,21.84,OK
STEADY,1,155,126,2.19,21.85,OK
STEADY,4,155,127,2.19,21.84,OK
STEADY,2,156,123,2.19,21.86,OK
STEADY,3,156,125,2.19,21.88,OK
STEADY,1,156,127,2.19,21.89,OK
STEADY,4,156,126,2.19,21.87,OK
STEADY,2,157,122,2.19,21.90,OK
STEADY,3,157,126,2.19,21.92,OK
STEADY,1,157,126,2.19,21.93,OK
STEADY,4,157,126,2.19,21.91,OK
STEADY,2,158,123,2.19,21.94,OK
STEADY,3,158,126,2.19,21.95,OK
STEADY,1,158,126,2.19,21.96,OK
STEADY,4,158,126,2.19,21.94,OK
STEADY,2,159,122,2.19,21.97,OK
STEADY,3,159,126,2.19,21.99,OK
STEADY,1,159,126,2.19,22.00,OK
STEADY,4,159,127,2.19,21.98,OK
STEADY,2,160,123,2.19,22.01,OK
STEADY,3,160,125,2.19,22.03,OK
STEADY,1,160,126,2.19,22.03,OK
STEADY,4,160,126,2.19,22.02,OK
STEADY,2,161,125,2.19,22.05,OK
STEADY,3,161,126,2.19,22.06,OK
STEADY,1,161,127,2.19,22.07,OK
STEADY,4,161,127,2.19,22.04,OK
STEADY,2,162,123,2.19,22.08,OK
STEADY,3,162,126,2.19,22.10,OK
STEADY,1,162,126,2.19,22.11,OK
STEADY,4,162,127,2.19,22.09,OK
STEADY,2,163,122,2.19,22.12,OK
STEADY,3,163,125,2.19,22.13,OK
STEADY,1,163,125,2.19,22.14,OK
STEADY,4,163,125,2.19,22.13,OK
STEADY,2,164,126,2.19,22.18,OK
STEADY,3,164,126,2.19,22.16,OK
STEADY,1,164,126,2.19,22.17,OK
STEADY,4,164,127,2.19,22.15,OK
STEADY,2,165,122,2.19,22.19,OK
STEADY,3,165,126,2.19,22.21,OK
STEADY,1,165,126,2.19,22.22,OK
STEADY,4,165,126,2.19,22.20,OK
STEADY,2,166,123,2.19,22.22,OK
STEADY,3,166,126,2.19,22.24,OK
STEADY,4,166,126,2.19,22.23,OK
STEADY,1,166,126,2.19,22.25,OK
STEADY,2,167,122,2.19,22.27,OK
STEADY,3,167,126,2.19,22.28,OK
STEADY,1,167,127,2.19,22.29,OK
STEADY,4,167,127,2.19,22.28,OK
STEADY,2,168,122,2.19,22.30,OK
STEADY,3,168,125,2.19,22.32,OK
STEADY,1,168,126,2.19,22.33,OK
STEADY,4,168,126,2.19,22.31,OK
STEADY,2,169,126,2.19,22.34,OK
STEADY,1,169,128,2.19,22.35,OK
STEADY,3,169,128,2.19,22.36,OK
STEADY,4,169,129,2.19,22.37,OK
STEADY,2,170,124,2.19,22.37,OK
STEADY,3,170,125,2.19,22.39,OK
STEADY,1,170,126,2.19,22.40,OK
STEADY,4,170,126,2.19,22.38,OK
STEADY,2,171,123,2.19,22.41,OK
STEADY,3,171,126,2.19,22.43,OK
STEADY,1,171,127,2.19,22.44,OK
STEADY,4,171,126,2.19,22.42,OK
STEADY,2,172,129,2.19,22.45,OK
STEADY,3,172,128,2.19,22.47,OK
STEADY,1,172,128,2.19,22.47,OK
STEADY,4,172,130,2.19,22.46,OK
STEADY,2,173,122,2.19,22.48,OK
STEADY,3,173,125,2.19,22.50,OK
STEADY,1,173,126,2.19,22.51,OK
STEADY,4,173,126,2.19,22.49,OK
STEADY,2,174,122,2.19,22.52,OK
STEADY,3,174,125,2.19,21.74,OK
STEADY,1,174,125,2.19,21.75,OK
STEADY,4,174,126,2.19,21.73,OK
STEADY,2,175,123,2.19,21.76,OK
STEADY,1,175,126,2.19,21.78,OK
STEADY,3,175,127,2.19,21.77,OK
STEADY,4,175,126,2.19,21.76,OK
STEADY,2,176,123,2.19,21.80,OK
STEADY,3,176,126,2.19,21.82,OK
STEADY,1,176,126,2.19,21.83,OK
STEADY,4,176,126,2.19,21.81,OK
STEADY,2,177,123,2.19,21.84,OK
STEADY,3,177,125,2.19,21.84,OK
STEADY,1,177,126,2.19,21.86,OK
STEADY,4,177,127,2.19,21.85,OK
STEADY,2,178,123,2.19,21.87,OK
STEADY,1,178,126,2.19,21.88,OK
STEADY,3,178,125,2.19,21.90,OK
STEADY,4,178,126,2.19,21.89,OK
STEADY,2,179,123,2.19,21.91,OK
STEADY,1,179,126,2.19,21.93,OK
STEADY,3,179,126,2.19,21.93,OK
STEADY,4,179,126,2.19,21.92,OK
STEADY,2,180,123,2.19,21.95,OK
STEADY,1,180,126,2.19,21.96,OK
STEADY,3,180,125,2.19,21.97,OK
STEADY,4,180,126,2.19,21.95,OK
STEADY,2,181,123,2.19,21.98,OK
STEADY,1,181,126,2.19,22.00,OK
STEADY,3,181,125,2.19,22.01,OK
STEADY,4,181,126,2.19,21.99,OK
STEADY,2,182,122,2.19,22.02,OK
STEADY,1,182,126,2.19,22.04,OK
STEADY,3,182,126,2.19,22.04,OK
STEADY,4,182,126,2.19,22.03,OK
STEADY,2,183,123,2.19,22.05,OK
STEADY,1,183,127,2.19,22.07,OK
STEADY,3,183,126,2.19,22.08,OK
STEADY,4,183,126,2.19,22.06,OK
STEADY,2,184,122,2.19,22.09,OK
STEADY,1,184,126,2.19,22.11,OK
STEADY,3,184,126,2.19,22.12,OK
STEADY,4,184,126,2.19,22.10,OK
STEADY,2,185,122,2.19,22.13,OK
STEADY,1,185,127,2.19,22.14,OK
STEADY,3,185,126,2.19,22.15,OK
STEADY,4,185,127,2.19,22.13,OK
STEADY,2,186,123,2.19,22.16,OK
STEADY,3,186,126,2.19,22.18,OK
STEADY,1,186,126,2.19,22.19,OK
STEADY,4,186,127,2.19,22.17,OK
STEADY,2,187,123,2.19,22.20,OK
STEADY,3,187,125,2.19,22.22,OK
STEADY,1,187,126,2.19,22.23,OK
STEADY,4,187,126,2.19,22.21,OK
STEADY,2,188,123,2.19,22.24,OK
STEADY,1,188,126,2.19,22.25,OK
STEADY,4,188,126,2.19,22.24,OK
STEADY,3,188,126,2.19,22.26,OK
STEADY,2,189,123,2.19,22.27,OK
STEADY,1,189,125,2.19,22.29,OK
STEADY,4,189,126,2.19,22.28,OK
STEADY,3,189,127,2.19,22.30,OK
STEADY,2,190,123,2.19,22.31,OK
STEADY,3,190,125,2.19,22.33,OK
STEADY,1,190,125,2.19,22.33,OK
STEADY,4,190,126,2.19,22.32,OK
STEADY,2,191,123,2.19,22.34,OK
STEADY,3,191,126,2.19,22.36,OK
STEADY,1,191,126,2.19,22.37,OK
STEADY,4,191,126,2.19,22.35,OK
STEADY,2,192,122,2.19,22.38,OK
STEADY,1,192,126,2.19,22.40,OK
STEADY,3,192,126,2.19,22.41,OK
STEADY,4,192,126,2.19,22.39,OK
STEADY,2,193,124,2.19,22.42,OK
STEADY,3,193,126,2.19,22.43,OK
STEADY,4,193,126,2.19,22.43,OK
STEADY,1,193,126,2.19,22.44,OK
STEADY,2,194,123,2.19,22.45,OK
STEADY,3,194,126,2.19,22.47,OK
STEADY,1,194,126,2.19,22.48,OK
STEADY,4,194,126,2.19,22.46,OK
STEADY,2,195,124,2.19,22.49,OK
STEADY,3,195,125,2.19,22.51,OK
STEADY,1,195,126,2.19,22.52,OK
STEADY,4,195,125,2.19,22.50,OK
STEADY,2,196,123,2.19,22.52,OK
STEADY,1,196,126,2.19,21.77,OK
STEADY,3,196,125,2.19,21.77,OK
STEADY,4,196,126,2.19,22.53,OK
STEADY,2,197,123,2.19,21.78,OK
STEADY,3,197,126,2.19,21.79,OK
STEADY,1,197,126,2.19,21.80,OK
STEADY,4,197,127,2.19,21.81,OK
STEADY,2,198,123,2.19,21.82,OK
STEADY,3,198,126,2.19,21.83,OK
STEADY,1,198,127,2.19,21.84,OK
STEADY,4,198,126,2.19,21.85,OK
STEADY,2,199,122,2.19,21.86,OK
STEADY,3,199,126,2.19,21.87,OK
STEADY,1,199,127,2.19,21.88,OK
STEADY,4,199,126,2.19,21.87,OK
STEADY,2,200,123,2.19,21.89,OK
STEADY,3,200,126,2.19,21.91,OK
STEADY,1,200,126,2.19,21.92,OK
STEADY,4,200,126,2.19,21.90,OK
STEADY,2,201,123,2.19,21.93,OK
STEADY,3,201,125,2.19,21.95,OK
STEADY,1,201,127,2.19,21.96,OK
STEADY,4,201,128,2.19,21.94,OK
STEADY,2,202,124,2.19,21.96,OK
STEADY,1,202,126,2.19,21.98,OK
STEADY,3,202,127,2.19,21.99,OK
STEADY,4,202,126,2.19,21.97,OK
STEADY,2,203,124,2.19,22.00,OK
STEADY,3,203,125,2.19,22.02,OK
STEADY,1,203,126,2.19,22.03,OK
STEADY,4,203,126,2.19,22.01,OK
STEADY,2,204,123,2.19,22.04,OK
STEADY,1,204,126,2.19,22.06,OK
STEADY,3,204,126,2.19,22.06,OK
STEADY,4,204,126,2.19,22.05,OK
STEADY,2,205,124,2.19,22.07,OK
STEADY,1,205,125,2.19,22.09,OK
STEADY,4,205,126,2.19,22.08,OK
STEADY,3,205,127,2.19,22.10,OK
STEADY,2,206,123,2.19,22.11,OK
STEADY,3,206,125,2.19,22.13,OK
STEADY,1,206,125,2.19,22.14,OK
STEADY,4,206,126,2.19,22.12,OK
STEADY,2,207,123,2.19,22.15,OK
STEADY,1,207,126,2.19,22.16,OK
STEADY,4,207,126,2.19,22.15,OK
STEADY,3,207,126,2.19,22.17,OK
STEADY,2,208,127,2.19,22.19,OK
STEADY,3,208,126,2.19,22.20,OK
STEADY,1,208,126,2.19,22.21,OK
STEADY,4,208,126,2.19,22.18,OK
STEADY,2,209,123,2.19,22.22,OK
STEADY,3,209,126,2.19,22.24,OK
STEADY,1,209,126,2.19,22.25,OK
STEADY,4,209,126,2.19,22.23,OK
STEADY,2,210,123,2.19,22.25,OK
STEADY,3,210,126,2.19,22.27,OK
STEADY,1,210,126,2.19,22.28,OK
STEADY,4,210,126,2.19,22.26,OK
STEADY,2,211,122,2.19,22.29,OK
STEADY,3,211,126,2.19,22.31,OK
STEADY,1,211,126,2.19,22.32,OK
STEADY,4,211,126,2.19,22.30,OK
STEADY,2,212,123,2.19,22.33,OK
STEADY,3,212,125,2.19,22.34,OK
STEADY,4,212,126,2.19,22.34,OK
STEADY,1,212,126,2.19,22.35,OK
STEADY,2,213,123,2.19,22.36,OK
STEADY,3,213,126,2.19,22.38,OK
STEADY,1,213,126,2.19,22.39,OK
STEADY,4,213,127,2.19,22.37,OK
STEADY,2,214,122,2.19,22.40,OK
STEADY,3,214,125,2.19,22.42,OK
STEADY,4,214,125,2.19,22.41,OK
STEADY,1,214,126,2.19,22.43,OK
STEADY,2,215,122,2.19,22.44,OK
STEADY,3,215,126,2.19,22.45,OK
STEADY,1,215,126,2.19,22.46,OK
STEADY,4,215,126,2.19,22.44,OK
STEADY,2,216,124,2.19,22.48,OK
STEADY,1,216,126,2.19,22.50,OK
STEADY,3,216,126,2.19,22.49,OK
STEADY,4,216,126,2.19,22.47,OK
STEADY,2,217,123,2.19,22.51,OK
STEADY,3,217,126,2.19,22.53,OK
STEADY,4,217,126,2.19,22.52,OK
STEADY,1,217,126,2.19,22.53,OK
STEADY,2,218,123,2.19,21.77,OK
STEADY,3,218,127,2.19,21.79,OK
STEADY,1,218,127,2.19,21.79,OK
STEADY,4,218,126,2.19,21.78,OK
STEADY,2,219,122,2.19,21.80,OK
STEADY,3,219,125,2.19,21.82,OK
STEADY,4,219,125,2.19,21.81,OK
STEADY,1,219,126,2.19,21.83,OK
STEADY,2,220,122,2.19,21.84,OK
STEADY,3,220,126,2.19,21.86,OK
STEADY,1,220,126,2.19,21.87,OK
STEADY,4,220,126,2.19,21.85,OK
STEADY,2,221,123,2.19,21.88,OK
STEADY,3,221,126,2.19,21.89,OK
STEADY,1,221,126,2.19,21.90,OK
STEADY,4,221,126,2.19,21.88,OK
STEADY,2,222,124,2.19,21.91,OK
STEADY,3,222,126,2.19,21.93,OK
STEADY,4,222,126,2.19,21.92,OK
STEADY,1,222,127,2.19,21.94,OK
STEADY,2,223,122,2.19,21.95,OK
STEADY,3,223,126,2.19,21.97,OK
STEADY,4,223,126,2.19,21.96,OK
STEADY,1,223,126,2.19,21.98,OK
STEADY,2,224,123,2.19,21.98,OK
STEADY,3,224,126,2.19,22.00,OK
STEADY,4,224,126,2.19,21.99,OK
STEADY,1,224,126,2.19,22.01,OK
STEADY,2,225,122,2.19,22.02,OK
STEADY,3,225,125,2.19,22.04,OK
STEADY,1,225,126,2.19,22.05,OK
STEADY,4,225,126,2.19,22.03,OK
STEADY,2,226,123,2.19,22.06,OK
STEADY,3,226,126,2.19,22.07,OK
STEADY,1,226,129,2.19,22.08,OK
STEADY,4,226,127,2.19,22.07,OK
STEADY,2,227,123,2.19,22.09,OK
STEADY,1,227,126,2.19,22.11,OK
STEADY,3,227,126,2.19,22.12,OK
STEADY,4,227,126,2.19,22.10,OK
STEADY,2,228,122,2.19,22.13,OK
STEADY,3,228,125,2.19,22.16,OK
STEADY,1,228,126,2.19,22.14,OK
STEADY,4,228,126,2.19,22.15,OK
STEADY,2,229,122,2.19,22.17,OK
STEADY,1,229,126,2.19,22.18,OK
STEADY,3,229,126,2.19,22.19,OK
STEADY,4,229,126,2.19,22.17,OK
STEADY,2,230,123,2.19,22.20,OK
STEADY,1,230,127,2.19,22.22,OK
STEADY,3,230,126,2.19,22.23,OK
STEADY,4,230,127,2.19,22.21,OK
STEADY,2,231,123,2.19,22.24,OK
STEADY,3,231,125,2.19,22.26,OK
STEADY,4,231,126,2.19,22.25,OK
STEADY,1,231,128,2.19,22.26,OK
STEADY,2,232,123,2.19,22.27,OK
STEADY,1,232,126,2.19,22.29,OK
STEADY,3,232,125,2.19,22.30,OK
STEADY,4,232,125,2.19,22.28,OK
STEADY,2,233,123,2.19,22.31,OK
STEADY,1,233,126,2.19,22.32,OK
STEADY,3,233,125,2.19,22.34,OK
STEADY,4,233,126,2.19,22.33,OK
STEADY,2,234,123,2.19,22.35,OK
STEADY,1,234,128,2.19,22.36,OK
STEADY,3,234,125,2.19,22.37,OK
STEADY,4,234,125,2.19,22.36,OK
STEADY,2,235,122,2.19,22.38,OK
STEADY,1,235,127,2.19,22.39,OK
STEADY,3,235,125,2.19,22.41,OK
STEADY,4,235,126,2.19,22.40,OK
STEADY,2,236,123,2.19,22.42,OK
STEADY,1,236,126,2.19,22.43,OK
STEADY,3,236,126,2.19,22.45,OK
STEADY,4,236,125,2.19,22.44,OK
STEADY,2,237,122,2.19,22.45,OK
STEADY,1,237,127,2.19,22.46,OK
STEADY,3,237,126,2.19,22.47,OK
STEADY,4,237,127,2.19,22.48,OK
STEADY,2,238,122,2.19,22.49,OK
STEADY,1,238,126,2.19,22.50,OK
STEADY,3,238,127,2.19,22.51,OK
STEADY,4,238,126,2.19,22.52,OK
STEADY,2,239,122,2.01,22.53,OK
STEADY,1,239,126,2.01,21.74,OK
STEADY,3,239,127,2.01,21.76,OK
STEADY,4,239,125,2.01,21.75,OK
STEADY,2,240,122,2.01,21.76,OK
STEADY,1,240,126,2.01,21.77,OK
STEADY,3,240,126,2.01,21.79,OK
STEADY,4,240,126,2.01,21.78,OK
STEADY,2,241,122,2.01,21.80,OK
STEADY,1,241,126,2.01,21.81,OK
STEADY,4,241,126,2.01,21.82,OK
STEADY,3,241,126,2.01,21.83,OK
STEADY,2,242,123,2.01,21.84,OK
STEADY,1,242,126,2.01,21.85,OK
STEADY,3,242,125,2.01,21.86,OK
STEADY,4,242,126,2.01,21.85,OK
STEADY,2,243,124,2.01,21.87,OK
STEADY,1,243,126,2.01,21.88,OK
STEADY,3,243,127,2.01,21.90,OK
STEADY,4,243,126,2.01,21.89,OK
STEADY,2,244,123,2.01,21.91,OK
STEADY,1,244,125,2.01,21.92,OK
STEADY,3,244,126,2.01,21.93,OK
STEADY,4,244,125,2.01,21.94,OK
STEADY,2,245,122,2.01,21.95,OK
STEADY,1,245,126,2.01,21.95,OK
STEADY,3,245,125,2.01,21.96,OK
STEADY,4,245,126,2.01,21.97,OK
STEADY,2,246,122,2.01,21.98,OK
STEADY,3,246,126,2.01,21.99,OK
STEADY,1,246,127,2.01,22.00,OK
STEADY,4,246,125,2.01,22.01,OK
STEADY,2,247,123,2.01,22.02,OK
STEADY,1,247,126,2.01,22.03,OK
STEADY,3,247,125,2.01,22.04,OK
STEADY,4,247,126,2.01,22.04,OK
STEADY,2,248,123,2.01,22.05,OK
STEADY,3,248,126,2.01,22.06,OK
STEADY,1,248,126,2.01,22.07,OK
STEADY,4,248,127,2.01,22.08,OK
STEADY,2,249,122,2.01,22.09,OK
STEADY,1,249,126,2.01,22.11,OK
STEADY,3,249,125,2.01,22.12,OK
STEADY,4,249,125,2.01,22.10,OK
STEADY,2,250,122,2.01,22.13,OK
STEADY,1,250,126,2.01,22.14,OK
STEADY,3,250,125,2.01,22.14,OK
STEADY,4,250,126,2.01,22.15,OK
STEADY,2,251,124,2.01,22.16,OK
STEADY,3,251,126,2.01,22.17,OK
STEADY,1,251,126,2.01,22.18,OK
STEADY,4,251,126,2.01,22.19,OK
STEADY,2,252,123,2.01,22.20,OK
STEADY,1,252,126,2.01,22.21,OK
STEADY,3,252,126,2.01,22.22,OK
STEADY,4,252,125,2.01,22.23,OK
STEADY,2,253,122,2.01,22.23,OK
STEADY,1,253,127,2.01,22.24,OK
STEADY,3,253,126,2.01,22.25,OK
STEADY,4,253,129,2.01,22.26,OK
STEADY,2,254,122,2.01,22.27,OK
STEADY,1,254,126,2.01,22.28,OK
STEADY,3,254,126,2.01,22.30,OK
STEADY,4,254,125,2.01,22.29,OK
STEADY,2,255,123,2.01,22.31,OK
STEADY,1,255,127,2.01,22.32,OK
STEADY,3,255,125,2.01,22.34,OK
STEADY,4,255,126,2.01,22.33,OK
STEADY,2,256,122,2.01,22.34,OK
STEADY,3,256,125,2.01,22.35,OK
STEADY,1,256,126,2.01,22.36,OK
STEADY,4,256,126,2.01,22.37,OK
STEADY,2,257,123,2.01,22.38,OK
STEADY,3,257,125,2.01,22.40,OK
STEADY,1,257,127,2.01,22.41,OK
STEADY,4,257,126,2.01,22.39,OK
STEADY,2,258,123,2.01,22.42,OK
STEADY,4,258,126,2.01,22.43,OK
STEADY,1,258,127,2.01,22.44,OK
STEADY,3,258,127,2.01,22.44,OK
STEADY,2,259,123,2.01,22.45,OK
STEADY,1,259,125,2.01,22.47,OK
STEADY,3,259,126,2.01,22.48,OK
STEADY,4,259,126,2.01,22.46,OK
STEADY,2,260,122,2.01,22.49,OK
STEADY,3,260,126,2.01,22.51,OK
STEADY,4,260,125,2.01,22.50,OK
STEADY,1,260,126,2.01,22.52,OK
STEADY,2,261,123,2.01,22.53,OK
STEADY,1,261,126,2.01,21.74,OK
STEADY,3,261,126,2.01,21.75,OK
STEADY,4,261,126,2.01,22.54,OK
STEADY,2,262,123,2.01,21.76,OK
STEADY,3,262,125,2.01,21.78,OK
STEADY,4,262,126,2.01,21.77,OK
STEADY,1,262,126,2.01,21.78,OK
STEADY,2,263,123,2.01,21.79,OK
STEADY,3,263,126,2.01,21.81,OK
STEADY,1,263,126,2.01,21.82,OK
STEADY,4,263,126,2.01,21.80,OK
STEADY,2,264,123,2.01,21.83,OK
STEADY,3,264,126,2.01,21.85,OK
STEADY,1,264,126,2.01,21.86,OK
STEADY,4,264,127,2.01,21.84,OK
STEADY,2,265,123,2.01,21.87,OK
STEADY,3,265,126,2.01,21.88,OK
STEADY,1,265,126,2.01,21.89,OK
STEADY,4,265,126,2.01,21.88,OK
STEADY,2,266,123,2.01,21.90,OK
STEADY,3,266,126,2.01,21.92,OK
STEADY,1,266,128,2.01,21.93,OK
STEADY,4,266,128,2.01,21.91,OK
STEADY,2,267,122,2.01,21.94,OK
STEADY,3,267,125,2.01,21.96,OK
STEADY,1,267,126,2.01,21.97,OK
STEADY,4,267,126,2.01,21.95,OK
STEADY,2,268,123,2.01,21.97,OK
STEADY,1,268,126,2.01,22.00,OK
STEADY,4,268,126,2.01,21.98,OK
STEADY,3,268,126,2.01,21.99,OK
STEADY,2,269,123,2.01,22.01,OK
STEADY,1,269,125,2.01,22.03,OK
STEADY,3,269,126,2.01,22.04,OK
STEADY,4,269,126,2.01,22.02,OK
STEADY,2,270,123,2.01,22.05,OK
STEADY,3,270,126,2.01,22.07,OK
STEADY,1,270,126,2.01,22.07,OK
STEADY,4,270,127,2.01,22.06,OK
STEADY,2,271,122,2.01,22.08,OK
STEADY,3,271,126,2.01,22.10,OK
STEADY,1,271,126,2.01,22.11,OK
STEADY,4,271,126,2.01,22.09,OK
STEADY,2,272,123,2.01,22.12,OK
STEADY,3,272,125,2.01,22.14,OK
STEADY,1,272,125,2.01,22.15,OK
STEADY,4,272,125,2.01,22.13,OK
STEADY,2,273,124,2.01,22.16,OK
STEADY,3,273,126,2.01,22.17,OK
STEADY,4,273,126,2.01,22.16,OK
STEADY,1,273,126,2.01,22.18,OK
STEADY,2,274,122,2.01,22.19,OK
STEADY,3,274,125,2.01,22.21,OK
STEADY,1,274,126,2.01,22.22,OK
STEADY,4,274,126,2.01,22.20,OK
STEADY,2,275,122,2.01,22.23,OK
STEADY,3,275,126,2.01,22.25,OK
STEADY,4,275,126,2.01,22.24,OK
STEADY,1,275,126,2.01,22.26,OK
STEADY,2,276,122,2.01,22.26,OK
STEADY,3,276,126,2.01,22.28,OK
STEADY,1,276,126,2.01,22.29,OK
STEADY,4,276,127,2.01,22.27,OK
STEADY,2,277,124,2.01,22.30,OK
STEADY,3,277,125,2.01,22.32,OK
STEADY,1,277,125,2.01,22.33,OK
STEADY,4,277,125,2.01,22.31,OK
STEADY,2,278,123,2.01,22.34,OK
STEADY,3,278,125,2.01,22.35,OK
STEADY,1,278,127,2.01,22.36,OK
STEADY,4,278,126,2.01,22.35,OK
STEADY,2,279,123,2.01,22.37,OK
STEADY,3,279,126,2.01,22.39,OK
STEADY,1,279,127,2.01,22.40,OK
STEADY,4,279,127,2.01,22.38,OK
STEADY,2,280,123,2.01,22.41,OK
STEADY,3,280,125,2.01,22.43,OK
STEADY,1,280,126,2.01,22.44,OK
STEADY,4,280,126,2.01,22.42,OK
STEADY,2,281,122,2.01,22.45,OK
STEADY,1,281,126,2.01,22.47,OK
STEADY,3,281,126,2.01,22.46,OK
STEADY,4,281,129,2.01,22.45,OK
STEADY,2,282,123,2.01,22.48,OK
STEADY,3,282,125,2.01,22.50,OK
STEADY,1,282,125,2.01,22.51,OK
STEADY,4,282,126,2.01,22.49,OK
STEADY,2,283,123,2.01,22.52,OK
STEADY,1,283,126,2.01,22.54,OK
STEADY,3,283,126,2.01,22.55,OK
STEADY,4,283,127,2.01,22.53,OK
STEADY,2,284,123,2.01,21.74,OK
STEADY,1,284,126,2.01,21.76,OK
STEADY,3,284,126,2.01,21.77,OK
STEADY,4,284,126,2.01,21.75,OK
STEADY,2,285,124,2.01,21.78,OK
STEADY,1,285,127,2.01,21.79,OK
STEADY,3,285,125,2.01,21.80,OK
STEADY,4,285,127,2.01,21.79,OK
STEADY,2,286,124,2.01,21.81,OK
STEADY,3,286,125,2.01,21.83,OK
STEADY,1,286,126,2.01,21.84,OK
STEADY,4,286,126,2.01,21.82,OK
STEADY,2,287,123,2.01,21.85,OK
STEADY,3,287,126,2.01,21.87,OK
STEADY,1,287,126,2.01,21.88,OK
STEADY,4,287,126,2.01,21.86,OK
STEADY,2,288,124,2.01,21.88,OK
STEADY,1,288,126,2.01,21.90,OK
STEADY,3,288,126,2.01,21.91,OK
STEADY,4,288,126,2.01,21.89,OK
STEADY,2,289,124,2.01,21.92,OK
STEADY,1,289,126,2.01,21.93,OK
STEADY,3,289,126,2.01,21.94,OK
STEADY,4,289,127,2.01,21.95,OK
STEADY,2,290,123,2.01,21.96,OK
STEADY,3,290,126,2.01,21.98,OK
STEADY,1,290,126,2.01,21.98,OK
STEADY,4,290,125,2.01,21.97,OK
STEADY,2,291,123,2.01,21.99,OK
STEADY,3,291,126,2.01,22.00,OK
STEADY,1,291,126,2.01,22.01,OK
STEADY,4,291,127,2.01,22.02,OK
STEADY,2,292,123,2.01,22.03,OK
STEADY,3,292,126,2.01,22.05,OK
STEADY,1,292,126,2.01,22.06,OK
STEADY,4,292,125,2.01,22.04,OK
STEADY,2,293,122,2.01,22.07,OK
STEADY,3,293,125,2.01,22.08,OK
STEADY,1,293,126,2.01,22.09,OK
STEADY,4,293,125,2.01,22.10,OK
STEADY,2,294,122,2.01,22.11,OK
STEADY,3,294,125,2.01,22.12,OK
STEADY,1,294,125,2.01,22.13,OK
STEADY,4,294,125,2.01,22.12,OK
STEADY,2,295,123,2.01,22.14,OK
STEADY,3,295,128,2.01,22.16,OK
STEADY,4,295,126,2.01,22.15,OK
STEADY,1,295,129,2.01,22.17,OK
STEADY,2,296,122,2.01,22.18,OK
STEADY,1,296,126,2.01,22.19,OK
STEADY,3,296,126,2.01,22.21,OK
STEADY,4,296,126,2.01,22.20,OK
STEADY,2,297,123,2.01,22.22,OK
STEADY,1,297,126,2.01,22.22,OK
STEADY,3,297,125,2.01,22.24,OK
STEADY,4,297,127,2.01,22.23,OK
STEADY,2,298,125,2.01,22.25,OK
STEADY,1,298,126,2.01,22.27,OK
STEADY,3,298,125,2.01,22.28,OK
STEADY,4,298,126,2.01,22.26,OK
STEADY,2,299,123,2.01,22.29,OK
STEADY,3,299,125,2.01,22.31,OK
STEADY,1,299,126,2.01,22.31,OK
STEADY,4,299,127,2.01,22.30,OK
STEADY,2,300,124,2.01,22.32,OK
STEADY,3,300,126,2.01,22.34,OK
STEADY,1,300,126,2.01,22.35,OK
STEADY,4,300,126,2.01,22.33,OK
STEADY,2,301,122,2.01,22.36,OK
STEADY,3,301,126,2.01,22.38,OK
STEADY,1,301,126,2.01,22.39,OK
STEADY,4,301,126,2.01,22.37,OK
STEADY,2,302,122,2.01,22.40,OK
STEADY,3,302,126,2.01,22.41,OK
STEADY,1,302,126,2.01,22.42,OK
STEADY,4,302,128,2.01,22.41,OK
STEADY,2,303,123,2.01,22.43,OK
STEADY,3,303,125,2.01,22.45,OK
STEADY,4,303,126,2.01,22.44,OK
STEADY,1,303,126,2.01,22.46,OK
STEADY,2,304,123,2.01,22.47,OK
STEADY,3,304,125,2.01,22.49,OK
STEADY,1,304,126,2.01,22.50,OK
STEADY,4,304,125,2.01,22.48,OK
STEADY,2,305,123,2.01,22.50,OK
STEADY,3,305,125,2.01,22.52,OK
STEADY,1,305,127,2.01,22.53,OK
STEADY,4,305,126,2.01,22.51,OK
STEADY,2,306,122,2.01,21.74,OK
STEADY,3,306,126,2.01,21.75,OK
STEADY,1,306,126,2.01,21.77,OK
STEADY,4,306,125,2.01,21.76,OK
STEADY,2,307,123,2.01,21.78,OK
STEADY,1,307,125,2.01,21.80,OK
STEADY,3,307,125,2.01,21.79,OK
STEADY,4,307,126,2.01,21.79,OK
STEADY,2,308,122,2.01,21.81,OK
STEADY,1,308,126,2.01,21.83,OK
STEADY,3,308,126,2.01,21.84,OK
STEADY,4,308,126,2.01,21.82,OK
STEADY,2,309,124,2.01,21.85,OK
STEADY,3,309,125,2.01,21.87,OK
STEADY,1,309,126,2.01,21.88,OK
STEADY,4,309,125,2.01,21.86,OK
STEADY,2,310,122,2.01,21.88,OK
STEADY,1,310,127,2.01,21.91,OK
STEADY,4,310,126,2.01,21.89,OK
STEADY,3,310,129,2.01,21.90,OK
STEADY,2,311,123,2.01,21.92,OK
STEADY,1,311,125,2.01,21.94,OK
STEADY,3,311,126,2.01,21.95,OK
STEADY,4,311,126,2.01,21.93,OK
STEADY,2,312,122,2.01,21.96,OK
STEADY,3,312,125,2.01,21.98,OK
STEADY,1,312,126,2.01,21.98,OK
STEADY,4,312,127,2.01,21.97,OK
STEADY,2,313,122,2.01,21.99,OK
STEADY,1,313,126,2.01,22.00,OK
STEADY,3,313,127,2.01,22.02,OK
STEADY,4,313,125,2.01,22.01,OK
STEADY,2,314,123,2.01,22.03,OK
STEADY,1,314,126,2.01,22.05,OK
STEADY,3,314,127,2.01,22.06,OK
STEADY,4,314,126,2.01,22.04,OK
STEADY,2,315,123,2.01,22.07,OK
STEADY,1,315,127,2.01,22.08,OK
STEADY,3,315,126,2.01,22.09,OK
STEADY,4,315,126,2.01,22.08,OK
STEADY,2,316,123,2.01,22.10,OK
STEADY,1,316,126,2.01,22.12,OK
STEADY,3,316,125,2.01,22.13,OK
STEADY,4,316,125,2.01,22.11,OK
STEADY,2,317,123,2.01,22.14,OK
STEADY,1,317,125,2.01,22.15,OK
STEADY,3,317,126,2.01,22.17,OK
STEADY,4,317,127,2.01,22.16,OK
STEADY,2,318,122,2.01,22.17,OK
STEADY,1,318,126,2.01,22.19,OK
STEADY,3,318,128,2.01,22.20,OK
STEADY,4,318,128,2.01,22.18,OK
STEADY,2,319,124,2.01,22.21,OK
STEADY,1,319,126,2.01,22.23,OK
STEADY,3,319,126,2.01,22.24,OK
STEADY,4,319,127,2.01,22.22,OK
STEADY,2,320,125,2.01,22.25,OK
STEADY,1,320,126,2.01,22.27,OK
STEADY,3,320,126,2.01,22.27,OK
STEADY,4,320,126,2.01,22.26,OK
STEADY,2,321,123,2.01,22.28,OK
STEADY,1,321,127,2.01,22.29,OK
STEADY,3,321,125,2.01,22.31,OK
STEADY,4,321,127,2.01,22.30,OK
STEADY,2,322,122,2.01,22.32,OK
STEADY,1,322,126,2.01,22.33,OK
STEADY,3,322,127,2.01,22.34,OK
STEADY,4,322,127,2.01,22.35,OK
STEADY,2,323,127,2.01,22.36,OK
STEADY,1,323,134,2.01,22.36,OK
STEADY,3,323,133,2.01,22.38,OK
STEADY,4,323,134,2.01,22.37,OK
STEADY,2,324,124,2.01,22.39,OK
STEADY,1,324,127,2.01,22.40,OK
STEADY,4,324,127,2.01,22.41,OK
STEADY,3,324,129,2.01,22.42,OK
STEADY,2,325,123,2.01,22.43,OK
STEADY,1,325,127,2.01,22.44,OK
STEADY,3,325,128,2.01,22.46,OK
STEADY,4,325,128,2.01,22.45,OK
STEADY,2,326,123,2.01,22.46,OK
STEADY,1,326,126,2.01,22.47,OK
STEADY,3,326,125,2.01,22.49,OK
STEADY,4,326,126,2.01,22.48,OK
STEADY,2,327,128,2.01,22.50,OK
STEADY,1,327,130,2.01,22.52,OK
STEADY,3,327,128,2.01,22.53,OK
STEADY,4,327,128,2.01,22.51,OK
STEADY,2,328,126,2.01,22.54,OK
STEADY,1,328,126,2.01,22.55,OK
STEADY,3,328,126,2.01,21.77,OK
STEADY,4,328,126,2.01,21.78,OK
STEADY,2,329,124,2.01,21.79,OK
STEADY,1,329,126,2.01,21.80,OK
STEADY,3,329,126,2.01,21.81,OK
STEADY,4,329,127,2.01,21.82,OK
STEADY,2,330,123,2.01,21.83,OK
STEADY,1,330,126,2.01,21.83,OK
STEADY,3,330,128,2.01,21.84,OK
STEADY,4,330,125,2.01,21.85,OK
STEADY,2,331,123,2.01,21.86,OK
STEADY,1,331,127,2.01,21.87,OK
STEADY,3,331,125,2.01,21.88,OK
STEADY,4,331,126,2.01,21.89,OK
STEADY,2,332,123,2.01,21.90,OK
STEADY,1,332,126,2.01,21.91,OK
STEADY,3,332,125,2.01,21.92,OK
STEADY,4,332,125,2.01,21.92,OK
STEADY,2,333,123,2.01,21.93,OK
STEADY,3,333,128,2.01,21.94,OK
STEADY,1,333,128,2.01,21.95,OK
STEADY,4,333,126,2.01,21.96,OK
STEADY,2,334,122,2.01,21.97,OK
STEADY,3,334,125,2.01,21.98,OK
STEADY,1,334,126,2.01,21.99,OK
STEADY,4,334,126,2.01,22.00,OK
STEADY,2,335,123,2.01,22.01,OK
STEADY,3,335,126,2.01,22.02,OK
STEADY,1,335,126,2.01,22.02,OK
STEADY,4,335,126,2.01,22.03,OK
STEADY,2,336,123,2.01,22.04,OK
STEADY,1,336,126,2.01,22.05,OK
STEADY,3,336,127,2.01,22.06,OK
STEADY,4,336,126,2.01,22.07,OK
STEADY,2,337,123,2.01,22.08,OK
STEADY,3,337,125,2.01,22.09,OK
STEADY,1,337,126,2.01,22.10,OK
STEADY,4,337,126,2.01,22.11,OK
STEADY,2,338,123,2.01,22.11,OK
STEADY,3,338,126,2.01,22.13,OK
STEADY,1,338,126,2.01,22.14,OK
STEADY,4,338,126,2.01,22.12,OK
STEADY,2,339,123,2.01,22.15,OK
STEADY,3,339,125,2.01,22.16,OK
STEADY,1,339,125,2.01,22.18,OK
STEADY,4,339,126,2.01,22.17,OK
STEADY,2,340,124,2.01,22.19,OK
STEADY,3,340,125,2.01,22.20,OK
STEADY,1,340,125,2.01,22.21,OK
STEADY,4,340,125,2.01,22.22,OK
STEADY,2,341,125,2.01,22.22,OK
STEADY,3,341,126,2.01,22.23,OK
STEADY,1,341,126,2.01,22.24,OK
STEADY,4,341,126,2.01,22.25,OK
STEADY,2,342,123,2.01,22.26,OK
STEADY,3,342,126,2.01,22.27,OK
STEADY,1,342,126,2.01,22.28,OK
STEADY,4,342,126,2.01,22.29,OK
STEADY,2,343,123,2.01,22.30,OK
STEADY,3,343,126,2.01,22.31,OK
STEADY,1,343,127,2.01,22.32,OK
STEADY,4,343,127,2.01,22.31,OK
STEADY,2,344,122,2.01,22.33,OK
STEADY,3,344,126,2.01,22.34,OK
STEADY,1,344,127,2.01,22.36,OK
STEADY,4,344,126,2.01,22.35,OK
STEADY,2,345,123,2.01,22.37,OK
STEADY,1,345,126,2.01,22.40,OK
STEADY,3,345,127,2.01,22.39,OK
STEADY,4,345,126,2.01,22.38,OK
STEADY,2,346,122,2.01,22.41,OK
STEADY,1,346,126,2.01,22.42,OK
STEADY,3,346,126,2.01,22.43,OK
STEADY,4,346,128,2.01,22.41,OK
STEADY,2,347,123,2.01,22.44,OK
STEADY,3,347,126,2.01,22.46,OK
STEADY,1,347,126,2.01,22.47,OK
STEADY,4,347,125,2.01,22.45,OK
STEADY,2,348,122,2.01,22.48,OK
STEADY,1,348,126,2.01,22.50,OK
STEADY,3,348,127,2.01,22.50,OK
STEADY,4,348,126,2.01,22.49,OK
STEADY,2,349,126,2.01,22.51,OK
STEADY,1,349,126,2.01,22.52,OK
STEADY,3,349,127,2.01,22.53,OK
STEADY,4,349,126,2.01,22.54,OK
STEADY,2,350,122,2.01,21.74,OK
STEADY,1,350,126,2.01,21.75,OK
STEADY,4,350,126,2.01,21.76,OK
STEADY,3,350,130,2.01,21.77,OK
STEADY,2,351,123,2.01,21.78,OK
STEADY,1,351,126,2.01,21.79,OK
STEADY,3,351,126,2.01,21.80,OK
STEADY,4,351,126,2.01,21.80,OK
STEADY,2,352,122,2.01,21.81,OK
STEADY,3,352,126,2.01,21.84,OK
STEADY,1,352,127,2.01,21.83,OK
STEADY,4,352,125,2.01,21.82,OK
STEADY,2,353,124,2.01,21.85,OK
STEADY,1,353,127,2.01,21.87,OK
STEADY,3,353,126,2.01,21.88,OK
STEADY,4,353,125,2.01,21.86,OK
STEADY,2,354,124,2.01,21.89,OK
STEADY,3,354,125,2.01,21.90,OK
STEADY,1,354,125,2.01,21.90,OK
STEADY,4,354,126,2.01,21.91,OK
STEADY,2,355,124,2.01,21.92,OK
STEADY,1,355,126,2.01,21.93,OK
STEADY,3,355,126,2.01,21.95,OK
STEADY,4,355,126,2.01,21.94,OK
STEADY,2,356,123,2.01,21.96,OK
STEADY,1,356,126,2.01,21.97,OK
STEADY,3,356,125,2.01,21.98,OK
STEADY,4,356,126,2.01,21.99,OK
STEADY,2,357,123,2.01,21.99,OK
STEADY,1,357,126,2.01,22.00,OK
STEADY,3,357,126,2.01,22.01,OK
STEADY,4,357,126,2.01,22.02,OK
STEADY,2,358,122,2.01,22.03,OK
STEADY,3,358,126,2.01,22.04,OK
STEADY,1,358,126,2.01,22.05,OK
STEADY,4,358,126,2.01,22.06,OK
STEADY,2,359,123,2.01,22.07,OK
STEADY,3,359,126,2.01,22.08,OK
STEADY,1,359,126,2.01,22.08,OK
STEADY,4,359,125,2.01,22.09,OK
STEADY,2,360,123,2.01,22.10,OK
STEADY,3,360,125,2.01,22.11,OK
STEADY,1,360,127,2.01,22.13,OK
STEADY,4,360,125,2.01,22.12,OK
STEADY,2,361,123,2.01,22.14,OK
STEADY,1,361,126,2.01,22.16,OK
STEADY,3,361,126,2.01,22.15,OK
STEADY,4,361,125,2.01,22.17,OK
STEADY,2,362,123,2.01,22.17,OK
STEADY,3,362,126,2.01,22.18,OK
STEADY,1,362,126,2.01,22.19,OK
STEADY,4,362,126,2.01,22.20,OK
STEADY,2,363,124,2.01,22.21,OK
STEADY,1,363,126,2.01,22.22,OK
STEADY,3,363,127,2.01,22.23,OK
STEADY,4,363,126,2.01,22.24,OK
STEADY,2,364,122,2.01,22.25,OK
STEADY,1,364,126,2.01,22.27,OK
STEADY,3,364,127,2.01,22.26,OK
STEADY,4,364,126,2.01,22.27,OK
STEADY,2,365,123,2.01,22.29,OK
STEADY,3,365,126,2.01,22.31,OK
STEADY,1,365,126,2.01,22.32,OK
STEADY,4,365,125,2.01,22.30,OK
STEADY,2,366,123,2.01,22.32,OK
STEADY,1,366,126,2.01,22.34,OK
STEADY,3,366,126,2.01,22.33,OK
STEADY,4,366,129,2.01,22.35,OK
STEADY,2,367,124,2.01,22.36,OK
STEADY,3,367,125,2.01,22.37,OK
STEADY,1,367,125,2.01,22.38,OK
STEADY,4,367,128,2.01,22.39,OK
STEADY,2,368,123,2.01,22.40,OK
STEADY,1,368,127,2.01,22.41,OK
STEADY,3,368,126,2.01,22.42,OK
STEADY,4,368,127,2.01,22.41,OK
STEADY,2,369,123,2.01,22.43,OK
STEADY,1,369,126,2.01,22.45,OK
STEADY,3,369,126,2.01,22.46,OK
STEADY,4,369,127,2.01,22.44,OK
STEADY,2,370,123,2.01,22.47,OK
STEADY,1,370,127,2.01,22.49,OK
STEADY,3,370,125,2.01,22.50,OK
STEADY,4,370,126,2.01,22.48,OK
STEADY,2,371,123,2.01,22.50,OK
STEADY,1,371,126,2.01,22.52,OK
STEADY,3,371,126,2.01,22.53,OK
STEADY,4,371,126,2.01,22.51,OK
STEADY,2,372,123,2.01,22.54,OK
STEADY,1,372,126,2.01,21.76,OK
STEADY,4,372,126,2.01,21.75,OK
STEADY,3,372,126,2.01,21.76,OK
STEADY,2,373,124,2.01,21.77,OK
STEADY,4,373,126,2.01,21.78,OK
STEADY,3,373,128,2.01,21.79,OK
STEADY,1,373,128,2.01,21.80,OK
STEADY,2,374,125,2.01,21.81,OK
STEADY,4,374,125,2.01,21.82,OK
STEADY,3,374,128,2.01,21.83,OK
STEADY,1,374,129,2.01,21.84,OK
STEADY,2,375,123,2.01,21.85,OK
STEADY,1,375,126,2.01,21.86,OK
STEADY,4,375,126,2.01,21.85,OK
STEADY,3,375,126,2.01,21.87,OK
STEADY,2,376,123,2.01,21.88,OK
STEADY,1,376,126,2.01,21.90,OK
STEADY,3,376,126,2.01,21.91,OK
STEADY,4,376,126,2.01,21.89,OK
STEADY,2,377,122,2.01,21.92,OK
STEADY,1,377,126,2.01,21.94,OK
STEADY,3,377,126,2.01,21.94,OK
STEADY,4,377,126,2.01,21.93,OK
STEADY,2,378,124,2.01,21.95,OK
STEADY,3,378,126,2.01,21.98,OK
STEADY,1,378,126,2.01,21.97,OK
STEADY,4,378,126,2.01,21.96,OK
STEADY,2,379,124,2.01,21.99,OK
STEADY,1,379,126,2.01,22.01,OK
STEADY,3,379,126,2.01,22.02,OK
STEADY,4,379,126,2.01,22.00,OK
STEADY,2,380,122,2.01,22.03,OK
STEADY,1,380,126,2.01,22.04,OK
STEADY,3,380,126,2.01,22.05,OK
STEADY,4,380,127,2.01,22.03,OK
STEADY,2,381,123,2.01,22.06,OK
STEADY,3,381,125,2.01,22.08,OK
STEADY,4,381,125,2.01,22.07,OK
STEADY,1,381,127,2.01,22.09,OK
STEADY,2,382,122,2.01,22.10,OK
STEADY,1,382,126,2.01,22.12,OK
STEADY,3,382,126,2.01,22.12,OK
STEADY,4,382,126,2.01,22.11,OK
STEADY,2,383,126,2.01,22.13,OK
STEADY,3,383,128,2.01,22.15,OK
STEADY,1,383,129,2.01,22.14,OK
STEADY,4,383,130,2.01,22.16,OK
STEADY,2,384,123,2.01,22.17,OK
STEADY,3,384,126,2.01,22.19,OK
STEADY,1,384,126,2.01,22.20,OK
STEADY,4,384,126,2.01,22.18,OK
STEADY,2,385,123,2.01,22.21,OK
STEADY,3,385,125,2.01,22.22,OK
STEADY,1,385,126,2.01,22.23,OK
STEADY,4,385,126,2.01,22.22,OK
STEADY,2,386,122,2.01,22.24,OK
STEADY,3,386,126,2.01,22.26,OK
STEADY,1,386,126,2.01,22.27,OK
STEADY,4,386,126,2.01,22.25,OK
STEADY,2,387,123,2.01,22.28,OK
STEADY,4,387,126,2.01,22.29,OK
STEADY,1,387,126,2.01,22.31,OK
STEADY,3,387,126,2.01,22.30,OK
STEADY,2,388,123,2.01,22.31,OK
STEADY,3,388,126,2.01,22.33,OK
STEADY,4,388,127,2.01,22.32,OK
STEADY,1,388,127,2.01,22.34,OK
STEADY,2,389,123,2.01,22.35,OK
STEADY,3,389,126,2.01,22.37,OK
STEADY,1,389,127,2.01,22.38,OK
STEADY,4,389,126,2.01,22.36,OK
STEADY,2,390,123,2.01,22.39,OK
STEADY,3,390,126,2.01,22.40,OK
STEADY,4,390,126,2.01,22.40,OK
STEADY,1,390,127,2.01,22.41,OK
STEADY,2,391,123,2.01,22.42,OK
STEADY,3,391,126,2.01,22.44,OK
STEADY,4,391,126,2.01,22.43,OK
STEADY,1,391,127,2.01,22.45,OK
STEADY,2,392,123,2.01,22.46,OK
STEADY,3,392,127,2.01,22.48,OK
STEADY,1,392,127,2.01,22.49,OK
STEADY,4,392,126,2.01,22.47,OK
STEADY,2,393,123,2.01,22.49,OK
STEADY,4,393,126,2.01,22.50,OK
STEADY,3,393,126,2.01,22.51,OK
STEADY,1,393,126,2.01,22.52,OK
STEADY,2,394,123,2.01,22.53,OK
STEADY,3,394,125,2.01,21.75,OK
STEADY,1,394,126,2.01,21.76,OK
STEADY,4,394,126,2.01,22.54,OK
STEADY,2,395,122,2.01,21.76,OK
STEADY,3,395,126,2.01,21.78,OK
STEADY,1,395,126,2.01,21.79,OK
STEADY,4,395,126,2.01,21.77,OK
STEADY,2,396,124,2.01,21.80,OK
STEADY,3,396,125,2.01,21.81,OK
STEADY,1,396,126,2.01,21.82,OK
STEADY,4,396,128,2.01,21.83,OK
STEADY,2,397,122,2.01,21.84,OK
STEADY,3,397,125,2.01,21.85,OK
STEADY,1,397,126,2.01,21.86,OK
STEADY,4,397,127,2.01,21.85,OK
STEADY,2,398,123,2.01,21.87,OK
STEADY,3,398,127,2.01,21.89,OK
STEADY,1,398,127,2.01,21.90,OK
STEADY,4,398,128,2.01,21.88,OK
STEADY,2,399,124,2.01,21.91,OK
STEADY,3,399,126,2.01,21.93,OK
STEADY,1,399,126,2.01,21.94,OK
STEADY,4,399,126,2.01,21.92,OK
STEADY,2,400,123,2.01,21.94,OK
STEADY,3,400,126,2.01,21.96,OK
STEADY,4,400,126,2.01,21.95,OK
STEADY,1,400,126,2.01,21.97,OK
STEADY,2,401,123,2.01,21.98,OK
STEADY,3,401,125,2.01,22.00,OK
STEADY,1,401,126,2.01,22.01,OK
STEADY,4,401,127,2.01,21.99,OK
STEADY,2,402,123,2.01,22.02,OK
STEADY,1,402,126,2.01,22.03,OK
STEADY,3,402,125,2.01,22.04,OK
STEADY,4,402,126,2.01,22.03,OK
STEADY,2,403,124,2.01,22.05,OK
STEADY,1,403,126,2.01,22.06,OK
STEADY,3,403,126,2.01,22.08,OK
STEADY,4,403,127,2.01,22.07,OK
STEADY,2,404,122,2.01,22.09,OK
STEADY,1,404,126,2.01,22.10,OK
STEADY,3,404,126,2.01,22.12,OK
STEADY,4,404,127,2.01,22.11,OK
STEADY,2,405,122,2.01,22.12,OK
STEADY,1,405,127,2.01,22.14,OK
STEADY,3,405,126,2.01,22.15,OK
STEADY,4,405,125,2.01,22.13,OK
STEADY,2,406,123,2.01,22.16,OK
STEADY,1,406,127,2.01,22.18,OK
STEADY,3,406,127,2.01,22.19,OK
STEADY,4,406,126,2.01,22.17,OK
STEADY,2,407,123,2.01,22.20,OK
STEADY,1,407,127,2.01,22.22,OK
STEADY,3,407,126,2.01,22.22,OK
STEADY,4,407,126,2.01,22.21,OK
STEADY,2,408,123,2.01,22.23,OK
STEADY,1,408,127,2.01,22.25,OK
STEADY,3,408,126,2.01,22.26,OK
STEADY,4,408,127,2.01,22.24,OK
STEADY,2,409,122,2.01,22.27,OK
STEADY,1,409,126,2.01,22.29,OK
STEADY,3,409,125,2.01,22.30,OK
STEADY,4,409,126,2.01,22.28,OK
STEADY,2,410,123,2.01,22.31,OK
STEADY,4,410,126,2.01,22.31,OK
STEADY,1,410,127,2.01,22.32,OK
STEADY,3,410,127,2.01,22.33,OK
STEADY,2,411,123,2.01,22.34,OK
STEADY,3,411,126,2.01,22.37,OK
STEADY,1,411,126,2.01,22.36,OK
STEADY,4,411,127,2.01,22.35,OK
STEADY,2,412,123,2.01,22.38,OK
STEADY,3,412,126,2.01,22.40,OK
STEADY,1,412,126,2.01,22.40,OK
STEADY,4,412,126,2.01,22.39,OK
STEADY,2,413,123,2.01,22.41,OK
STEADY,1,413,126,2.01,22.43,OK
STEADY,4,413,126,2.01,22.42,OK
STEADY,3,413,127,2.01,22.44,OK
STEADY,2,414,123,2.01,22.45,OK
STEADY,3,414,127,2.01,22.47,OK
STEADY,1,414,128,2.01,22.48,OK
STEADY,4,414,129,2.01,22.46,OK
STEADY,2,415,123,2.01,22.49,OK
STEADY,3,415,126,2.01,22.50,OK
STEADY,1,415,127,2.01,22.51,OK
STEADY,4,415,127,2.01,22.49,OK
STEADY,2,416,122,2.01,22.53,OK
STEADY,1,416,125,2.01,21.75,OK
STEADY,4,416,126,2.01,22.54,OK
STEADY,3,416,127,2.01,21.76,OK
STEADY,2,417,124,2.01,21.76,OK
STEADY,3,417,126,2.01,21.78,OK
STEADY,4,417,126,2.01,21.77,OK
STEADY,1,417,126,2.01,21.79,OK
STEADY,2,418,123,2.01,21.80,OK
STEADY,1,418,126,2.01,21.82,OK
STEADY,3,418,126,2.01,21.83,OK
STEADY,4,418,127,2.01,21.81,OK
STEADY,2,419,123,2.01,21.84,OK
STEADY,1,419,126,2.01,21.86,OK
STEADY,3,419,126,2.01,21.87,OK
STEADY,4,419,125,2.01,21.85,OK
STEADY,2,420,123,2.01,21.88,OK
STEADY,1,420,126,2.01,21.89,OK
STEADY,3,420,126,2.01,21.90,OK
STEADY,4,420,126,2.01,21.89,OK
STEADY,2,421,122,2.01,21.91,OK
STEADY,1,421,126,2.01,21.93,OK
STEADY,3,421,126,2.01,21.94,OK
STEADY,4,421,126,2.01,21.92,OK
STEADY,2,422,123,2.01,21.95,OK
STEADY,1,422,126,2.01,21.97,OK
STEADY,3,422,125,2.01,21.98,OK
STEADY,4,422,126,2.01,21.96,OK
STEADY,2,423,123,2.01,21.99,OK
STEADY,1,423,126,2.01,22.00,OK
STEADY,3,423,125,2.01,22.01,OK
STEADY,4,423,126,2.01,22.00,OK
STEADY,2,424,125,2.01,22.02,OK
STEADY,1,424,128,2.01,22.04,OK
STEADY,3,424,128,2.01,22.05,OK
STEADY,4,424,128,2.01,22.03,OK
STEADY,2,425,123,2.01,22.06,OK
STEADY,1,425,126,2.01,22.07,OK
STEADY,3,425,125,2.01,22.09,OK
STEADY,4,425,126,2.01,22.08,OK
STEADY,2,426,123,2.01,22.10,OK
STEADY,1,426,126,2.01,22.10,OK
STEADY,3,426,126,2.01,22.12,OK
STEADY,4,426,125,2.01,22.11,OK
STEADY,2,427,122,2.01,22.13,OK
STEADY,1,427,126,2.01,22.14,OK
STEADY,3,427,126,2.01,22.16,OK
STEADY,4,427,126,2.01,22.15,OK
STEADY,2,428,123,2.01,22.17,OK
STEADY,1,428,127,2.01,22.19,OK
STEADY,3,428,126,2.01,22.19,OK
STEADY,4,428,126,2.01,22.18,OK
STEADY,2,429,123,2.01,22.20,OK
STEADY,1,429,126,2.01,22.22,OK
STEADY,3,429,125,2.01,22.23,OK
STEADY,4,429,126,2.01,22.21,OK
STEADY,2,430,123,2.01,22.24,OK
STEADY,1,430,126,2.01,22.26,OK
STEADY,3,430,126,2.01,22.27,OK
STEADY,4,430,126,2.01,22.25,OK
STEADY,2,431,122,2.01,22.28,OK
STEADY,3,431,125,2.01,22.29,OK
STEADY,4,431,126,2.01,22.28,OK
STEADY,1,431,126,2.01,22.30,OK
STEADY,2,432,123,2.01,22.31,OK
STEADY,1,432,126,2.01,22.33,OK
STEADY,3,432,125,2.01,22.34,OK
STEADY,4,432,126,2.01,22.32,OK
STEADY,2,433,123,2.01,22.35,OK
STEADY,3,433,126,2.01,22.37,OK
STEADY,1,433,127,2.01,22.37,OK
STEADY,4,433,126,2.01,22.36,OK
STEADY,2,434,126,2.01,22.40,OK
STEADY,3,434,126,2.01,22.39,OK
STEADY,1,434,127,2.01,22.41,OK
STEADY,4,434,127,2.01,22.38,OK
STEADY,2,435,122,2.01,22.42,OK
STEADY,3,435,125,2.01,22.44,OK
STEADY,1,435,126,2.01,22.45,OK
STEADY,4,435,126,2.01,22.43,OK
STEADY,2,436,122,2.01,22.46,OK
STEADY,1,436,126,2.01,22.47,OK
STEADY,3,436,126,2.01,22.48,OK
STEADY,4,436,125,2.01,22.47,OK
STEADY,2,437,123,2.01,22.49,OK
STEADY,3,437,126,2.01,22.51,OK
STEADY,1,437,127,2.01,22.52,OK
STEADY,4,437,125,2.01,22.50,OK
STEADY,2,438,123,2.01,22.53,OK
STEADY,1,438,126,2.01,21.78,OK
STEADY,3,438,125,2.01,21.79,OK
STEADY,4,438,126,2.01,22.54,OK
STEADY,2,439,123,2.01,21.79,OK
STEADY,3,439,125,2.01,21.80,OK
STEADY,1,439,125,2.01,21.81,OK
STEADY,4,439,125,2.01,21.82,OK
STEADY,2,440,123,2.01,21.83,OK
STEADY,1,440,126,2.01,21.84,OK
STEADY,3,440,126,2.01,21.86,OK
STEADY,4,440,127,2.01,21.85,OK
STEADY,2,441,122,2.01,21.87,OK
STEADY,1,441,126,2.01,21.88,OK
STEADY,3,441,126,2.01,21.88,OK
STEADY,4,441,126,2.01,21.89,OK
STEADY,2,442,123,2.01,21.90,OK
STEADY,1,442,126,2.01,21.91,OK
STEADY,3,442,126,2.01,21.92,OK
STEADY,4,442,126,2.01,21.93,OK
STEADY,2,443,122,2.01,21.94,OK
STEADY,1,443,126,2.01,21.96,OK
STEADY,3,443,125,2.01,21.97,OK
STEADY,4,443,126,2.01,21.95,OK
STEADY,2,444,123,2.01,21.97,OK
STEADY,1,444,126,2.01,21.98,OK
STEADY,3,444,126,2.01,22.00,OK
STEADY,4,444,125,2.01,21.99,OK
STEADY,2,445,123,2.01,22.01,OK
STEADY,1,445,127,2.01,22.03,OK
STEADY,3,445,126,2.01,22.04,OK
STEADY,4,445,126,2.01,22.02,OK
STEADY,2,446,123,2.01,22.05,OK
STEADY,1,446,126,2.01,22.06,OK
STEADY,3,446,126,2.01,22.07,OK
STEADY,4,446,126,2.01,22.06,OK
STEADY,2,447,124,2.01,22.08,OK
STEADY,1,447,126,2.01,22.10,OK
STEADY,3,447,126,2.01,22.11,OK
STEADY,4,447,126,2.01,22.09,OK
STEADY,2,448,122,2.01,22.12,OK
STEADY,1,448,126,2.01,22.14,OK
STEADY,3,448,126,2.01,22.15,OK
STEADY,4,448,126,2.01,22.13,OK
STEADY,2,449,123,2.01,22.16,OK
STEADY,3,449,125,2.01,22.17,OK
STEADY,1,449,125,2.01,22.18,OK
STEADY,4,449,126,2.01,22.16,OK
STEADY,2,450,122,2.01,22.19,OK
STEADY,3,450,126,2.01,22.21,OK
STEADY,1,450,126,2.01,22.22,OK
STEADY,4,450,126,2.01,22.20,OK
STEADY,2,451,124,2.01,22.23,OK
STEADY,3,451,126,2.01,22.25,OK
STEADY,1,451,126,2.01,22.25,OK
STEADY,4,451,126,2.01,22.24,OK
STEADY,2,452,123,2.01,22.26,OK
STEADY,3,452,126,2.01,22.28,OK
STEADY,1,452,126,2.01,22.29,OK
STEADY,4,452,127,2.01,22.27,OK
STEADY,1,453,126,2.01,22.31,OK
STEADY,2,453,129,2.01,22.33,OK
STEADY,3,453,127,2.01,22.32,OK
STEADY,4,453,126,2.01,22.30,OK
STEADY,2,454,123,2.01,22.34,OK
STEADY,3,454,126,2.01,22.35,OK
STEADY,1,454,126,2.01,22.36,OK
STEADY,4,454,127,2.01,22.34,OK
STEADY,2,455,122,2.01,22.37,OK
STEADY,3,455,125,2.01,22.39,OK
STEADY,4,455,126,2.01,22.38,OK
STEADY,1,455,126,2.01,22.40,OK
STEADY,2,456,128,2.01,22.41,OK
STEADY,1,456,126,2.01,22.43,OK
STEADY,3,456,126,2.01,22.43,OK
STEADY,4,456,126,2.01,22.42,OK
STEADY,2,457,123,2.01,22.44,OK
STEADY,4,457,126,2.01,22.45,OK
STEADY,1,457,126,2.01,22.46,OK
STEADY,3,457,130,2.01,22.47,OK
STEADY,2,458,122,2.01,22.48,OK
STEADY,3,458,125,2.01,22.50,OK
STEADY,1,458,126,2.01,22.51,OK
STEADY,4,458,125,2.01,22.49,OK
STEADY,2,459,123,2.01,22.52,OK
STEADY,3,459,127,2.01,22.53,OK
STEADY,1,459,127,2.01,22.54,OK
STEADY,4,459,128,2.01,22.52,OK
STEADY,2,460,122,2.01,21.75,OK
STEADY,3,460,126,2.01,21.77,OK
STEADY,4,460,127,2.01,21.76,OK
STEADY,1,460,127,2.01,21.77,OK
STEADY,2,461,123,2.01,21.78,OK
STEADY,3,461,125,2.01,21.80,OK
STEADY,4,461,126,2.01,21.79,OK
STEADY,1,461,129,2.01,21.81,OK
STEADY,2,462,122,2.01,21.82,OK
STEADY,3,462,126,2.01,21.85,OK
STEADY,1,462,126,2.01,21.84,OK
STEADY,4,462,127,2.01,21.83,OK
STEADY,2,463,123,2.01,21.86,OK
STEADY,3,463,126,2.01,21.87,OK
STEADY,4,463,126,2.01,21.86,OK
STEADY,1,463,126,2.01,21.88,OK
STEADY,2,464,125,2.01,21.89,OK
STEADY,3,464,126,2.01,21.91,OK
STEADY,1,464,126,2.01,21.92,OK
STEADY,4,464,126,2.01,21.90,OK
STEADY,2,465,122,2.01,21.93,OK
STEADY,1,465,126,2.01,21.95,OK
STEADY,4,465,126,2.01,21.94,OK
STEADY,3,465,126,2.01,21.95,OK
STEADY,2,466,123,2.01,21.96,OK
STEADY,3,466,125,2.01,21.99,OK
STEADY,1,466,126,2.01,21.98,OK
STEADY,4,466,126,2.01,21.97,OK
STEADY,2,467,123,2.01,22.00,OK
STEADY,3,467,126,2.01,22.02,OK
STEADY,1,467,126,2.01,22.03,OK
STEADY,4,467,126,2.01,22.01,OK
STEADY,2,468,123,2.01,22.04,OK
STEADY,3,468,125,2.01,22.05,OK
STEADY,1,468,125,2.01,22.06,OK
STEADY,4,468,127,2.01,22.04,OK
STEADY,2,469,123,2.01,22.07,OK
STEADY,3,469,125,2.01,22.09,OK
STEADY,1,469,126,2.01,22.10,OK
STEADY,4,469,126,2.01,22.08,OK
STEADY,2,470,122,2.01,22.11,OK
STEADY,1,470,126,2.01,22.13,OK
STEADY,3,470,126,2.01,22.14,OK
STEADY,4,470,126,2.01,22.12,OK
STEADY,2,471,123,2.01,22.14,OK
STEADY,1,471,127,2.01,22.16,OK
STEADY,3,471,127,2.01,22.17,OK
STEADY,4,471,127,2.01,22.15,OK
STEADY,2,472,125,2.01,22.18,OK
STEADY,3,472,126,2.01,22.20,OK
STEADY,1,472,126,2.01,22.21,OK
STEADY,4,472,126,2.01,22.19,OK
STEADY,2,473,124,2.01,22.22,OK
STEADY,3,473,125,2.01,22.23,OK
STEADY,1,473,127,2.01,22.24,OK
STEADY,4,473,126,2.01,22.23,OK
STEADY,2,474,123,2.01,22.25,OK
STEADY,3,474,126,2.01,22.27,OK
STEADY,1,474,126,2.01,22.28,OK
STEADY,4,474,125,2.01,22.26,OK
STEADY,2,475,123,2.01,22.29,OK
STEADY,3,475,126,2.01,22.30,OK
STEADY,1,475,126,2.01,22.32,OK
STEADY,4,475,126,2.01,22.31,OK
STEADY,2,476,123,2.01,22.32,OK
STEADY,3,476,125,2.01,22.34,OK
STEADY,1,476,127,2.01,22.35,OK
STEADY,4,476,126,2.01,22.33,OK
STEADY,2,477,123,2.01,22.36,OK
STEADY,1,477,127,2.01,22.38,OK
STEADY,3,477,125,2.01,22.39,OK
STEADY,4,477,126,2.01,22.37,OK
STEADY,2,478,122,2.01,22.40,OK
STEADY,1,478,126,2.01,22.41,OK
STEADY,4,478,126,2.01,22.41,OK
STEADY,3,478,127,2.01,22.42,OK
STEADY,2,479,123,2.01,22.43,OK
STEADY,4,479,125,2.01,22.44,OK
STEADY,3,479,126,2.01,22.45,OK
STEADY,1,479,126,2.01,22.46,OK
STEADY,2,480,123,2.01,22.47,OK
STEADY,3,480,126,2.01,22.48,OK
STEADY,1,480,126,2.01,22.50,OK
STEADY,4,480,126,2.01,22.49,OK
STEADY,2,481,123,2.01,22.50,OK
STEADY,3,481,125,2.01,22.51,OK
STEADY,1,481,126,2.01,22.52,OK
STEADY,4,481,127,2.01,22.53,OK
STEADY,2,482,123,2.01,22.54,OK
STEADY,3,482,125,2.01,21.76,OK
STEADY,1,482,126,2.01,21.77,OK
STEADY,4,482,125,2.01,21.75,OK
STEADY,2,483,123,2.01,21.77,OK
STEADY,1,483,126,2.01,21.79,OK
STEADY,3,483,126,2.01,21.78,OK
STEADY,4,483,126,2.01,21.80,OK
STEADY,2,484,123,2.01,21.81,OK
STEADY,1,484,126,2.01,21.82,OK
STEADY,3,484,127,2.01,21.84,OK
STEADY,4,484,126,2.01,21.83,OK
STEADY,2,485,123,2.01,21.85,OK
STEADY,3,485,126,2.01,21.86,OK
STEADY,1,485,127,2.01,21.86,OK
STEADY,4,485,126,2.01,21.87,OK
STEADY,2,486,122,2.01,21.88,OK
STEADY,3,486,126,2.01,21.90,OK
STEADY,1,486,127,2.01,21.91,OK
STEADY,4,486,126,2.01,21.89,OK
STEADY,2,487,124,2.01,21.92,OK
STEADY,3,487,125,2.01,21.93,OK
STEADY,1,487,126,2.01,21.94,OK
STEADY,4,487,127,2.01,21.95,OK
STEADY,2,488,123,2.25,21.95,OK
STEADY,3,488,125,2.25,21.97,OK
STEADY,1,488,127,2.25,21.98,OK
STEADY,4,488,126,2.25,21.96,OK
STEADY,2,489,124,2.25,21.99,OK
STEADY,1,489,126,2.25,22.01,OK
STEADY,3,489,125,2.25,22.02,OK
STEADY,4,489,126,2.25,22.00,OK
STEADY,2,490,123,2.25,22.03,OK
STEADY,1,490,126,2.25,22.04,OK
STEADY,3,490,126,2.25,22.05,OK
STEADY,4,490,127,2.25,22.04,OK
STEADY,2,491,123,2.25,22.06,OK
STEADY,3,491,126,2.25,22.08,OK
STEADY,1,491,126,2.25,22.09,OK
STEADY,4,491,126,2.25,22.07,OK
STEADY,2,492,122,2.25,22.10,OK
STEADY,1,492,126,2.25,22.12,OK
STEADY,3,492,126,2.25,22.13,OK
STEADY,4,492,126,2.25,22.11,OK
STEADY,2,493,123,2.25,22.14,OK
STEADY,1,493,126,2.25,22.15,OK
STEADY,3,493,125,2.25,22.16,OK
STEADY,4,493,126,2.25,22.14,OK
STEADY,2,494,123,2.25,22.17,OK
STEADY,1,494,126,2.25,22.19,OK
STEADY,3,494,125,2.25,22.20,OK
STEADY,4,494,125,2.25,22.18,OK
STEADY,2,495,122,2.25,22.21,OK
STEADY,1,495,126,2.25,22.22,OK
STEADY,3,495,125,2.25,22.23,OK
STEADY,4,495,126,2.25,22.23,OK
STEADY,2,496,123,2.25,22.24,OK
STEADY,1,496,126,2.25,22.25,OK
STEADY,3,496,126,2.25,22.27,OK
STEADY,4,496,125,2.25,22.26,OK
STEADY,2,497,122,2.25,22.28,OK
STEADY,1,497,126,2.25,22.30,OK
STEADY,3,497,125,2.25,22.31,OK
STEADY,4,497,126,2.25,22.29,OK
STEADY,2,498,122,2.25,22.32,OK
STEADY,1,498,126,2.25,22.33,OK
STEADY,3,498,125,2.25,22.34,OK
STEADY,4,498,125,2.25,22.32,OK
STEADY,2,499,123,2.25,22.35,OK
STEADY,1,499,126,2.25,22.37,OK
STEADY,3,499,125,2.25,22.38,OK
STEADY,4,499,125,2.25,22.36,OK
STEADY,2,500,122,2.25,22.39,OK
STEADY,1,500,126,2.25,22.41,OK
STEADY,3,500,125,2.25,22.41,OK
STEADY,4,500,125,2.25,22.40,OK
STEADY,2,501,123,2.25,22.42,OK
STEADY,1,501,125,2.25,22.45,OK
STEADY,3,501,125,2.25,22.44,OK
STEADY,4,501,126,2.25,22.43,OK
STEADY,2,502,123,2.25,22.46,OK
STEADY,1,502,126,2.25,22.48,OK
STEADY,4,502,126,2.25,22.47,OK
STEADY,3,502,127,2.25,22.49,OK
STEADY,2,503,123,2.25,22.50,OK
STEADY,3,503,126,2.25,22.51,OK
STEADY,1,503,126,2.25,22.52,OK
STEADY,4,503,126,2.25,22.50,OK
STEADY,2,504,122,2.25,22.53,OK
STEADY,3,504,126,2.25,21.75,OK
STEADY,4,504,126,2.25,22.54,OK
STEADY,1,504,127,2.25,21.76,OK
STEADY,2,505,124,2.25,21.78,OK
STEADY,3,505,125,2.25,21.79,OK
STEADY,1,505,126,2.25,21.80,OK
STEADY,4,505,126,2.25,21.78,OK
STEADY,2,506,122,2.25,21.81,OK
STEADY,3,506,125,2.25,21.83,OK
STEADY,4,506,126,2.25,21.82,OK
STEADY,1,506,126,2.25,21.84,OK
STEADY,2,507,123,2.25,21.85,OK
STEADY,3,507,126,2.25,21.87,OK
STEADY,1,507,126,2.25,21.88,OK
STEADY,4,507,127,2.25,21.86,OK
STEADY,3,508,126,2.25,21.90,OK
STEADY,1,508,127,2.25,21.91,OK
STEADY,4,508,128,2.25,21.88,OK
STEADY,2,508,131,2.25,21.89,OK
STEADY,2,509,123,2.25,21.92,OK
STEADY,3,509,126,2.25,21.94,OK
STEADY,4,509,126,2.25,21.93,OK
STEADY,1,509,126,2.25,21.95,OK
STEADY,2,510,123,2.25,21.96,OK
STEADY,3,510,125,2.25,21.97,OK
STEADY,4,510,125,2.25,21.97,OK
STEADY,1,510,126,2.25,21.98,OK
STEADY,2,511,122,2.25,21.99,OK
STEADY,4,511,126,2.25,22.00,OK
STEADY,1,511,126,2.25,22.01,OK
STEADY,3,511,127,2.25,22.02,OK
STEADY,2,512,123,2.25,22.03,OK
STEADY,4,512,126,2.25,22.04,OK
STEADY,1,512,126,2.25,22.05,OK
STEADY,3,512,126,2.25,22.06,OK
STEADY,2,513,129,2.25,22.06,OK
STEADY,3,513,130,2.25,22.08,OK
STEADY,1,513,130,2.25,22.09,OK
STEADY,4,513,131,2.25,22.07,OK
STEADY,2,514,123,2.25,22.10,OK
STEADY,3,514,125,2.25,22.12,OK
STEADY,1,514,126,2.25,22.13,OK
STEADY,4,514,126,2.25,22.11,OK
STEADY,2,515,123,2.25,22.14,OK
STEADY,4,515,126,2.25,22.15,OK
STEADY,3,515,127,2.25,22.16,OK
STEADY,1,515,127,2.25,22.15,OK
STEADY,2,516,123,2.25,22.17,OK
STEADY,3,516,126,2.25,22.19,OK
STEADY,1,516,126,2.25,22.20,OK
STEADY,4,516,126,2.25,22.18,OK
STEADY,2,517,123,2.25,22.21,OK
STEADY,3,517,125,2.25,22.23,OK
STEADY,1,517,127,2.25,22.24,OK
STEADY,4,517,127,2.25,22.22,OK
STEADY,2,518,123,2.25,22.25,OK
STEADY,3,518,125,2.25,22.27,OK
STEADY,1,518,127,2.25,22.28,OK
STEADY,4,518,126,2.25,22.26,OK
STEADY,2,519,123,2.25,22.28,OK
STEADY,3,519,126,2.25,22.30,OK
STEADY,1,519,126,2.25,22.31,OK
STEADY,4,519,126,2.25,22.29,OK
STEADY,2,520,123,2.25,22.32,OK
STEADY,1,520,126,2.25,22.35,OK
STEADY,3,520,128,2.25,22.34,OK
STEADY,4,520,127,2.25,22.33,OK
STEADY,2,521,125,2.25,22.36,OK
STEADY,3,521,125,2.25,22.37,OK
STEADY,1,521,126,2.25,22.38,OK
STEADY,4,521,127,2.25,22.37,OK
STEADY,2,522,122,2.25,22.39,OK
STEADY,3,522,125,2.25,22.41,OK
STEADY,1,522,126,2.25,22.42,OK
STEADY,4,522,126,2.25,22.40,OK
STEADY,2,523,123,2.25,22.43,OK
STEADY,3,523,125,2.25,22.46,OK
STEADY,1,523,126,2.25,22.45,OK
STEADY,4,523,126,2.25,22.44,OK
STEADY,2,524,124,2.25,22.46,OK
STEADY,3,524,127,2.25,22.48,OK
STEADY,4,524,126,2.25,22.47,OK
STEADY,1,524,128,2.25,22.49,OK
STEADY,2,525,122,2.25,22.50,OK
STEADY,1,525,126,2.25,22.51,OK
STEADY,3,525,127,2.25,22.53,OK
STEADY,4,525,125,2.25,22.52,OK
STEADY,2,526,123,2.25,22.54,OK
STEADY,1,526,127,2.25,22.55,OK
STEADY,3,526,126,2.25,21.76,OK
STEADY,4,526,127,2.25,22.55,OK
STEADY,2,527,124,2.25,21.77,OK
STEADY,1,527,127,2.25,21.79,OK
STEADY,3,527,127,2.25,21.80,OK
STEADY,4,527,126,2.25,21.78,OK
STEADY,2,528,122,2.25,21.81,OK
STEADY,1,528,127,2.25,21.82,OK
STEADY,3,528,126,2.25,21.83,OK
STEADY,4,528,125,2.25,21.82,OK
STEADY,2,529,122,2.25,21.84,OK
STEADY,1,529,126,2.25,21.86,OK
STEADY,3,529,126,2.25,21.87,OK
STEADY,4,529,126,2.25,21.85,OK
STEADY,2,530,123,2.25,21.88,OK
STEADY,1,530,127,2.25,21.90,OK
STEADY,3,530,127,2.25,21.91,OK
STEADY,4,530,126,2.25,21.89,OK
STEADY,2,531,123,2.25,21.91,OK
STEADY,3,531,126,2.25,21.93,OK
STEADY,1,531,126,2.25,21.94,OK
STEADY,4,531,126,2.25,21.92,OK
STEADY,2,532,122,2.25,21.95,OK
STEADY,3,532,126,2.25,21.97,OK
STEADY,1,532,126,2.25,21.98,OK
STEADY,4,532,125,2.25,21.96,OK
STEADY,2,533,123,2.25,21.99,OK
STEADY,1,533,125,2.25,22.01,OK
STEADY,3,533,125,2.25,22.00,OK
STEADY,4,533,126,2.25,22.00,OK
STEADY,2,534,123,2.25,22.02,OK
STEADY,3,534,125,2.25,22.04,OK
STEADY,1,534,126,2.25,22.05,OK
STEADY,4,534,125,2.25,22.03,OK
STEADY,2,535,123,2.25,22.06,OK
STEADY,1,535,126,2.25,22.09,OK
STEADY,3,535,126,2.25,22.08,OK
STEADY,4,535,127,2.25,22.07,OK
STEADY,2,536,123,2.25,22.10,OK
STEADY,3,536,125,2.25,22.12,OK
STEADY,1,536,126,2.25,22.13,OK
STEADY,4,536,126,2.25,22.11,OK
STEADY,2,537,123,2.25,22.14,OK
STEADY,3,537,125,2.25,22.16,OK
STEADY,1,537,126,2.25,22.17,OK
STEADY,4,537,125,2.25,22.15,OK
STEADY,2,538,123,2.25,22.17,OK
STEADY,3,538,125,2.25,22.19,OK
STEADY,1,538,125,2.25,22.20,OK
STEADY,4,538,126,2.25,22.18,OK
STEADY,2,539,123,2.25,22.21,OK
STEADY,3,539,125,2.25,22.23,OK
STEADY,1,539,126,2.25,22.24,OK
STEADY,4,539,126,2.25,22.22,OK
STEADY,2,540,124,2.25,22.25,OK
STEADY,3,540,127,2.25,22.28,OK
STEADY,1,540,127,2.25,22.27,OK
STEADY,4,540,125,2.25,22.26,OK
STEADY,2,541,122,2.25,22.29,OK
STEADY,3,541,125,2.25,22.31,OK
STEADY,1,541,126,2.25,22.31,OK
STEADY,4,541,126,2.25,22.30,OK
STEADY,2,542,122,2.25,22.32,OK
STEADY,3,542,127,2.25,22.34,OK
STEADY,1,542,127,2.25,22.35,OK
STEADY,4,542,126,2.25,22.33,OK
STEADY,2,543,125,2.25,22.36,OK
STEADY,4,543,125,2.25,22.37,OK
STEADY,3,543,126,2.25,22.38,OK
STEADY,1,543,128,2.25,22.39,OK
STEADY,2,544,123,2.25,22.40,OK
STEADY,3,544,125,2.25,22.41,OK
STEADY,1,544,126,2.25,22.42,OK
STEADY,4,544,126,2.25,22.40,OK
STEADY,2,545,123,2.25,22.43,OK
STEADY,3,545,125,2.25,22.45,OK
STEADY,1,545,126,2.25,22.46,OK
STEADY,4,545,126,2.25,22.44,OK
STEADY,2,546,122,2.25,22.47,OK
STEADY,1,546,126,2.25,22.49,OK
STEADY,3,546,127,2.25,22.49,OK
STEADY,4,546,126,2.25,22.48,OK
STEADY,2,547,123,2.25,22.50,OK
STEADY,3,547,125,2.25,22.52,OK
STEADY,1,547,126,2.25,22.53,OK
STEADY,4,547,126,2.25,22.51,OK
STEADY,2,548,123,2.25,22.54,OK
STEADY,3,548,125,2.25,22.56,OK
STEADY,1,548,127,2.25,21.77,OK
STEADY,4,548,126,2.25,22.55,OK
STEADY,2,549,123,2.25,21.78,OK
STEADY,3,549,126,2.25,21.79,OK
STEADY,1,549,127,2.25,21.80,OK
STEADY,4,549,125,2.25,21.80,OK
STEADY,2,550,123,2.25,21.81,OK
STEADY,3,550,125,2.25,21.83,OK
STEADY,1,550,126,2.25,21.84,OK
STEADY,4,550,126,2.25,21.82,OK
STEADY,2,551,123,2.25,21.85,OK
STEADY,3,551,126,2.25,21.87,OK
STEADY,1,551,126,2.25,21.88,OK
STEADY,4,551,125,2.25,21.86,OK
STEADY,2,552,123,2.25,21.89,OK
STEADY,3,552,125,2.25,21.90,OK
STEADY,1,552,126,2.25,21.91,OK
STEADY,4,552,126,2.25,21.89,OK
STEADY,2,553,123,2.25,21.92,OK
STEADY,3,553,126,2.25,21.94,OK
STEADY,1,553,127,2.25,21.95,OK
STEADY,4,553,126,2.25,21.93,OK
STEADY,2,554,122,2.25,21.96,OK
STEADY,3,554,126,2.25,21.98,OK
STEADY,1,554,126,2.25,21.98,OK
STEADY,4,554,126,2.25,21.97,OK
STEADY,2,555,123,2.25,21.99,OK
STEADY,3,555,125,2.25,22.01,OK
STEADY,1,555,126,2.25,22.02,OK
STEADY,4,555,126,2.25,22.00,OK
STEADY,2,556,123,2.25,22.03,OK
STEADY,1,556,126,2.25,22.04,OK
STEADY,3,556,126,2.25,22.05,OK
STEADY,4,556,126,2.25,22.06,OK
STEADY,2,557,123,2.25,22.07,OK
STEADY,1,557,127,2.25,22.07,OK
STEADY,3,557,125,2.25,22.09,OK
STEADY,4,557,128,2.25,22.08,OK
STEADY,2,558,128,2.25,22.13,OK
STEADY,1,558,126,2.25,22.11,OK
STEADY,3,558,127,2.25,22.12,OK
STEADY,4,558,129,2.25,22.10,OK
STEADY,2,559,123,2.25,22.14,OK
STEADY,1,559,127,2.25,22.15,OK
STEADY,3,559,126,2.25,22.17,OK
STEADY,4,559,126,2.25,22.16,OK
STEADY,2,560,123,2.25,22.17,OK
STEADY,1,560,127,2.25,22.19,OK
STEADY,3,560,126,2.25,22.20,OK
STEADY,4,560,126,2.25,22.18,OK
STEADY,2,561,123,2.25,22.21,OK
STEADY,3,561,127,2.25,22.23,OK
STEADY,4,561,126,2.25,22.22,OK
STEADY,1,561,129,2.25,22.24,OK
STEADY,2,562,122,2.25,22.25,OK
STEADY,1,562,126,2.25,22.26,OK
STEADY,3,562,125,2.25,22.27,OK
STEADY,4,562,126,2.25,22.26,OK
STEADY,2,563,122,2.25,22.28,OK
STEADY,1,563,126,2.25,22.30,OK
STEADY,4,563,125,2.25,22.29,OK
STEADY,3,563,126,2.25,22.31,OK
STEADY,2,564,123,2.25,22.32,OK
STEADY,1,564,126,2.25,22.34,OK
STEADY,3,564,125,2.25,22.35,OK
STEADY,4,564,126,2.25,22.33,OK
STEADY,2,565,123,2.25,22.35,OK
STEADY,1,565,127,2.25,22.37,OK
STEADY,3,565,126,2.25,22.38,OK
STEADY,4,565,125,2.25,22.36,OK
STEADY,2,566,122,2.25,22.39,OK
STEADY,1,566,126,2.25,22.41,OK
STEADY,3,566,125,2.25,22.42,OK
STEADY,4,566,126,2.25,22.40,OK
STEADY,2,567,123,2.25,22.43,OK
STEADY,1,567,126,2.25,22.45,OK
STEADY,3,567,126,2.25,22.45,OK
STEADY,4,567,126,2.25,22.44,OK
STEADY,2,568,123,2.25,22.46,OK
STEADY,1,568,126,2.25,22.48,OK
STEADY,3,568,126,2.25,22.49,OK
STEADY,4,568,126,2.25,22.47,OK
STEADY,2,569,122,2.25,22.50,OK
STEADY,1,569,127,2.25,22.51,OK
STEADY,3,569,125,2.25,22.53,OK
STEADY,4,569,126,2.25,22.52,OK
STEADY,2,570,122,2.25,22.54,OK
STEADY,1,570,126,2.25,22.54,OK
STEADY,3,570,125,2.25,22.56,OK
STEADY,4,570,126,2.25,22.55,OK
STEADY,2,571,123,2.25,21.80,OK
STEADY,1,571,126,2.25,21.81,OK
STEADY,3,571,125,2.25,21.83,OK
STEADY,4,571,125,2.25,21.82,OK
STEADY,2,572,123,2.25,21.83,OK
STEADY,1,572,126,2.25,21.84,OK
STEADY,3,572,126,2.25,21.86,OK
STEADY,4,572,126,2.25,21.85,OK
STEADY,2,573,122,2.25,21.87,OK
STEADY,1,573,126,2.25,21.88,OK
STEADY,3,573,126,2.25,21.90,OK
STEADY,4,573,125,2.25,21.89,OK
STEADY,2,574,122,2.25,21.91,OK
STEADY,1,574,126,2.25,21.92,OK
STEADY,3,574,125,2.25,21.93,OK
STEADY,4,574,126,2.25,21.93,OK
STEADY,2,575,124,2.25,21.94,OK
STEADY,3,575,125,2.25,21.97,OK
STEADY,1,575,127,2.25,21.96,OK
STEADY,4,575,126,2.25,21.95,OK
STEADY,2,576,123,2.25,21.98,OK
STEADY,1,576,127,2.25,21.99,OK
STEADY,3,576,126,2.25,22.01,OK
STEADY,4,576,126,2.25,22.00,OK
STEADY,2,577,122,2.25,22.02,OK
STEADY,1,577,125,2.25,22.03,OK
STEADY,3,577,125,2.25,22.04,OK
STEADY,4,577,125,2.25,22.02,OK
STEADY,2,578,122,2.25,22.05,OK
STEADY,1,578,126,2.25,22.06,OK
STEADY,3,578,127,2.25,22.08,OK
STEADY,4,578,127,2.25,22.07,OK
STEADY,2,579,122,2.25,22.09,OK
STEADY,3,579,125,2.25,22.11,OK
STEADY,1,579,127,2.25,22.11,OK
STEADY,4,579,126,2.25,22.10,OK
STEADY,2,580,122,2.25,22.12,OK
STEADY,3,580,126,2.25,22.14,OK
STEADY,4,580,125,2.25,22.13,OK
STEADY,1,580,126,2.25,22.15,OK
STEADY,2,581,123,2.25,22.16,OK
STEADY,3,581,125,2.25,22.18,OK
STEADY,4,581,125,2.25,22.17,OK
STEADY,1,581,126,2.25,22.19,OK
STEADY,2,582,124,2.25,22.20,OK
STEADY,1,582,126,2.25,22.22,OK
STEADY,3,582,126,2.25,22.21,OK
STEADY,4,582,126,2.25,22.20,OK
STEADY,2,583,122,2.25,22.23,OK
STEADY,1,583,127,2.25,22.25,OK
STEADY,3,583,127,2.25,22.26,OK
STEADY,4,583,127,2.25,22.24,OK
STEADY,2,584,123,2.25,22.27,OK
STEADY,3,584,125,2.25,22.29,OK
STEADY,1,584,125,2.25,22.29,OK
STEADY,4,584,125,2.25,22.28,OK
STEADY,2,585,123,2.25,22.30,OK
STEADY,3,585,126,2.25,22.32,OK
STEADY,1,585,126,2.25,22.33,OK
STEADY,4,585,126,2.25,22.31,OK
STEADY,2,586,123,2.25,22.34,OK
STEADY,3,586,127,2.25,22.36,OK
STEADY,4,586,128,2.25,22.35,OK
STEADY,1,586,130,2.25,22.37,OK
STEADY,2,587,122,2.25,22.38,OK
STEADY,3,587,125,2.25,22.39,OK
STEADY,1,587,126,2.25,22.40,OK
STEADY,4,587,126,2.25,22.38,OK
STEADY,2,588,123,2.25,22.41,OK
STEADY,3,588,126,2.25,22.44,OK
STEADY,1,588,126,2.25,22.43,OK
STEADY,4,588,126,2.25,22.42,OK
STEADY,2,589,122,2.25,22.45,OK
STEADY,1,589,125,2.25,22.47,OK
STEADY,4,589,125,2.25,22.46,OK
STEADY,3,589,126,2.25,22.48,OK
STEADY,2,590,123,2.25,22.48,OK
STEADY,3,590,126,2.25,22.51,OK
STEADY,1,590,126,2.25,22.50,OK
STEADY,4,590,126,2.25,22.49,OK
STEADY,2,591,122,2.25,22.52,OK
STEADY,1,591,125,2.25,22.54,OK
STEADY,4,591,125,2.25,22.53,OK
STEADY,3,591,127,2.25,22.55,OK
STEADY,2,592,123,2.25,22.56,OK
STEADY,3,592,125,2.25,21.77,OK
STEADY,1,592,126,2.25,21.78,OK
STEADY,4,592,126,2.25,22.57,OK
STEADY,2,593,122,2.25,21.79,OK
STEADY,1,593,127,2.25,21.80,OK
STEADY,3,593,126,2.25,21.81,OK
STEADY,4,593,125,2.25,21.80,OK
STEADY,2,594,122,2.25,21.82,OK
STEADY,1,594,126,2.25,21.84,OK
STEADY,3,594,125,2.25,21.85,OK
STEADY,4,594,125,2.25,21.83,OK
STEADY,2,595,123,2.25,21.86,OK
STEADY,1,595,127,2.25,21.88,OK
STEADY,3,595,125,2.25,21.89,OK
STEADY,4,595,126,2.25,21.87,OK
STEADY,2,596,123,2.25,21.89,OK
STEADY,1,596,126,2.25,21.91,OK
STEADY,3,596,125,2.25,21.92,OK
STEADY,4,596,126,2.25,21.90,OK
STEADY,2,597,123,2.25,21.93,OK
STEADY,1,597,126,2.25,21.95,OK
STEADY,3,597,126,2.25,21.96,OK
STEADY,4,597,126,2.25,21.94,OK
STEADY,2,598,124,2.25,21.97,OK
STEADY,1,598,128,2.25,21.98,OK
STEADY,3,598,128,2.25,21.99,OK
STEADY,4,598,128,2.25,21.98,OK
STEADY,2,599,122,2.25,22.00,OK
STEADY,1,599,126,2.25,22.02,OK
STEADY,4,599,127,2.25,22.01,OK
STEADY,3,599,127,2.25,22.03,OK
STEADY,2,600,123,2.25,22.04,OK
STEADY,1,600,127,2.25,22.06,OK
STEADY,3,600,125,2.25,22.07,OK
STEADY,4,600,126,2.25,22.05,OK
STEADY,2,601,122,2.25,22.08,OK
STEADY,1,601,126,2.25,22.09,OK
STEADY,3,601,125,2.25,22.10,OK
STEADY,4,601,126,2.25,22.08,OK
STEADY,2,602,122,2.25,22.11,OK
STEADY,1,602,126,2.25,22.13,OK
STEADY,3,602,126,2.25,22.14,OK
STEADY,4,602,125,2.25,22.12,OK
STEADY,2,603,123,2.25,22.15,OK
STEADY,3,603,126,2.25,22.17,OK
STEADY,1,603,126,2.25,22.17,OK
STEADY,4,603,126,2.25,22.16,OK
STEADY,2,604,123,2.25,22.18,OK
STEADY,3,604,125,2.25,22.20,OK
STEADY,1,604,127,2.25,22.21,OK
STEADY,4,604,126,2.25,22.19,OK
STEADY,2,605,123,2.25,22.23,OK
STEADY,3,605,125,2.25,22.24,OK
STEADY,1,605,126,2.25,22.25,OK
STEADY,4,605,126,2.25,22.22,OK
STEADY,2,606,122,2.25,22.26,OK
STEADY,3,606,125,2.25,22.27,OK
STEADY,1,606,125,2.25,22.28,OK
STEADY,4,606,125,2.25,22.26,OK
STEADY,2,607,123,2.25,22.29,OK
STEADY,3,607,125,2.25,22.31,OK
STEADY,1,607,126,2.25,22.32,OK
STEADY,4,607,126,2.25,22.30,OK
STEADY,2,608,122,2.25,22.33,OK
STEADY,3,608,126,2.25,22.35,OK
STEADY,1,608,126,2.25,22.35,OK
STEADY,4,608,126,2.25,22.34,OK
STEADY,2,609,122,2.25,22.36,OK
STEADY,3,609,126,2.25,22.38,OK
STEADY,1,609,126,2.25,22.39,OK
STEADY,4,609,127,2.25,22.37,OK
STEADY,2,610,122,2.25,22.40,OK
STEADY,3,610,126,2.25,22.42,OK
STEADY,1,610,126,2.25,22.43,OK
STEADY,4,610,127,2.25,22.41,OK
STEADY,2,611,123,2.25,22.44,OK
STEADY,3,611,125,2.25,22.45,OK
STEADY,4,611,126,2.25,22.44,OK
STEADY,1,611,128,2.25,22.46,OK
STEADY,2,612,123,2.31,22.47,OK
STEADY,1,612,126,2.31,22.48,OK
STEADY,3,612,126,2.31,22.50,OK
STEADY,4,612,127,2.31,22.49,OK
STEADY,2,613,122,2.31,22.52,OK
STEADY,1,613,126,2.31,22.54,OK
STEADY,3,613,125,2.31,22.55,OK
STEADY,4,613,126,2.31,22.53,OK
STEADY,2,614,123,2.31,22.56,OK
STEADY,1,614,126,2.31,21.78,OK
STEADY,3,614,125,2.31,21.79,OK
STEADY,4,614,125,2.31,21.77,OK
STEADY,2,615,123,2.31,21.80,OK
STEADY,1,615,126,2.31,21.81,OK
STEADY,3,615,126,2.31,21.82,OK
STEADY,4,615,126,2.31,21.81,OK
STEADY,2,616,122,2.31,21.84,OK
STEADY,1,616,126,2.31,21.86,OK
STEADY,3,616,126,2.31,21.87,OK
STEADY,4,616,126,2.31,21.85,OK
STEADY,2,617,123,2.31,21.88,OK
STEADY,3,617,125,2.31,21.91,OK
STEADY,1,617,127,2.31,21.90,OK
STEADY,4,617,125,2.31,21.89,OK
STEADY,2,618,123,2.31,21.91,OK
STEADY,3,618,126,2.31,21.93,OK
STEADY,1,618,126,2.31,21.94,OK
STEADY,4,618,125,2.31,21.92,OK
STEADY,2,619,127,2.31,21.97,OK
STEADY,1,619,127,2.31,21.95,OK
STEADY,3,619,126,2.31,21.98,OK
STEADY,4,619,127,2.31,21.96,OK
STEADY,2,620,123,2.31,21.99,OK
STEADY,1,620,126,2.31,22.00,OK
STEADY,3,620,125,2.31,22.01,OK
STEADY,4,620,126,2.31,22.00,OK
STEADY,2,621,122,2.31,22.02,OK
STEADY,1,621,126,2.31,22.03,OK
STEADY,3,621,125,2.31,22.05,OK
STEADY,4,621,126,2.31,22.04,OK
STEADY,2,622,122,2.31,22.06,OK
STEADY,1,622,126,2.31,22.08,OK
STEADY,3,622,125,2.31,22.09,OK
STEADY,4,622,126,2.31,22.07,OK
STEADY,2,623,122,2.31,22.09,OK
STEADY,1,623,126,2.31,22.11,OK
STEADY,3,623,126,2.31,22.12,OK
STEADY,4,623,126,2.31,22.10,OK
STEADY,2,624,123,2.31,22.13,OK
STEADY,1,624,127,2.31,22.15,OK
STEADY,3,624,125,2.31,22.16,OK
STEADY,4,624,125,2.31,22.14,OK
STEADY,2,625,122,2.31,22.17,OK
STEADY,1,625,126,2.31,22.18,OK
STEADY,3,625,126,2.31,22.19,OK
STEADY,4,625,125,2.31,22.18,OK
STEADY,2,626,123,2.31,22.20,OK
STEADY,1,626,125,2.31,22.22,OK
STEADY,3,626,125,2.31,22.23,OK
STEADY,4,626,126,2.31,22.21,OK
STEADY,2,627,123,2.31,22.24,OK
STEADY,3,627,126,2.31,22.26,OK
STEADY,1,627,126,2.31,22.27,OK
STEADY,4,627,126,2.31,22.25,OK
STEADY,2,628,122,2.31,22.28,OK
STEADY,1,628,126,2.31,22.29,OK
STEADY,3,628,126,2.31,22.30,OK
STEADY,4,628,126,2.31,22.28,OK
STEADY,2,629,122,2.31,22.31,OK
STEADY,1,629,126,2.31,22.33,OK
STEADY,3,629,126,2.31,22.34,OK
STEADY,4,629,127,2.31,22.32,OK
STEADY,2,630,123,2.31,22.35,OK
STEADY,3,630,126,2.31,22.37,OK
STEADY,1,630,127,2.31,22.37,OK
STEADY,4,630,126,2.31,22.36,OK
STEADY,2,631,124,2.31,22.38,OK
STEADY,1,631,125,2.31,22.40,OK
STEADY,3,631,125,2.31,22.41,OK
STEADY,4,631,126,2.31,22.39,OK
STEADY,2,632,125,2.31,22.42,OK
STEADY,1,632,128,2.31,22.44,OK
STEADY,4,632,129,2.31,22.43,OK
STEADY,3,632,130,2.31,22.45,OK
STEADY,2,633,124,2.31,22.46,OK
STEADY,3,633,125,2.31,22.47,OK
STEADY,1,633,126,2.31,22.48,OK
STEADY,4,633,126,2.31,22.46,OK
STEADY,2,634,123,2.31,22.49,OK
STEADY,1,634,126,2.31,22.51,OK
STEADY,3,634,127,2.31,22.52,OK
STEADY,4,634,127,2.31,22.50,OK
STEADY,2,635,124,2.31,22.53,OK
STEADY,1,635,127,2.31,22.55,OK
STEADY,3,635,126,2.31,22.55,OK
STEADY,4,635,127,2.31,22.54,OK
STEADY,2,636,123,2.31,22.56,OK
STEADY,3,636,125,2.31,21.81,OK
STEADY,1,636,126,2.31,21.82,OK
STEADY,4,636,126,2.31,21.80,OK
STEADY,2,637,122,2.31,21.83,OK
STEADY,3,637,126,2.31,21.84,OK
STEADY,1,637,126,2.31,21.85,OK
STEADY,4,637,126,2.31,21.84,OK
STEADY,2,638,123,2.31,21.86,OK
STEADY,3,638,125,2.31,21.88,OK
STEADY,1,638,127,2.31,21.89,OK
STEADY,4,638,126,2.31,21.87,OK
STEADY,2,639,123,2.31,21.90,OK
STEADY,4,639,126,2.31,21.91,OK
STEADY,1,639,127,2.31,21.93,OK
STEADY,3,639,127,2.31,21.92,OK
STEADY,2,640,123,2.31,21.93,OK
STEADY,3,640,125,2.31,21.95,OK
STEADY,4,640,126,2.31,21.94,OK
STEADY,1,640,126,2.31,21.96,OK
STEADY,2,641,122,2.31,21.97,OK
STEADY,3,641,126,2.31,21.99,OK
STEADY,1,641,126,2.31,22.00,OK
STEADY,4,641,126,2.31,21.98,OK
STEADY,2,642,123,2.31,22.01,OK
STEADY,4,642,126,2.31,22.02,OK
STEADY,1,642,126,2.31,22.02,OK
STEADY,3,642,127,2.31,22.03,OK
STEADY,2,643,123,2.31,22.04,OK
STEADY,3,643,125,2.31,22.06,OK
STEADY,1,643,125,2.31,22.07,OK
STEADY,4,643,125,2.31,22.05,OK
STEADY,2,644,122,2.31,22.08,OK
STEADY,1,644,126,2.31,22.10,OK
STEADY,3,644,126,2.31,22.11,OK
STEADY,4,644,126,2.31,22.09,OK
STEADY,2,645,122,2.31,22.11,OK
STEADY,1,645,126,2.31,22.13,OK
STEADY,3,645,126,2.31,22.14,OK
STEADY,4,645,128,2.31,22.12,OK
STEADY,2,646,122,2.31,22.15,OK
STEADY,1,646,126,2.31,22.17,OK
STEADY,3,646,125,2.31,22.18,OK
STEADY,4,646,126,2.31,22.16,OK
STEADY,2,647,123,2.31,22.19,OK
STEADY,1,647,126,2.31,22.21,OK
STEADY,3,647,125,2.31,22.21,OK
STEADY,4,647,125,2.31,22.20,OK
STEADY,2,648,122,2.31,22.22,OK
STEADY,1,648,126,2.31,22.24,OK
STEADY,3,648,125,2.31,22.25,OK
STEADY,4,648,125,2.31,22.23,OK
STEADY,2,649,123,2.31,22.26,OK
STEADY,3,649,125,2.31,22.28,OK
STEADY,1,649,126,2.31,22.29,OK
STEADY,4,649,126,2.31,22.27,OK
STEADY,2,650,123,2.31,22.30,OK
STEADY,1,650,126,2.31,22.31,OK
STEADY,3,650,125,2.31,22.32,OK
STEADY,4,650,125,2.31,22.30,OK
STEADY,2,651,123,2.31,22.33,OK
STEADY,1,651,126,2.31,22.35,OK
STEADY,3,651,126,2.31,22.36,OK
STEADY,4,651,125,2.31,22.34,OK
STEADY,2,652,124,2.31,22.37,OK
STEADY,1,652,125,2.31,22.39,OK
STEADY,3,652,125,2.31,22.39,OK
STEADY,4,652,126,2.31,22.38,OK
STEADY,2,653,123,2.31,22.40,OK
STEADY,3,653,126,2.31,22.42,OK
STEADY,4,653,126,2.31,22.41,OK
STEADY,1,653,126,2.31,22.43,OK
STEADY,2,654,122,2.31,22.44,OK
STEADY,3,654,127,2.31,22.46,OK
STEADY,1,654,127,2.31,22.47,OK
STEADY,4,654,127,2.31,22.45,OK
STEADY,2,655,122,2.31,22.48,OK
STEADY,3,655,127,2.31,22.49,OK
STEADY,1,655,127,2.31,22.50,OK
STEADY,4,655,127,2.31,22.48,OK
STEADY,2,656,124,2.31,22.51,OK
STEADY,1,656,126,2.31,22.52,OK
STEADY,3,656,127,2.31,22.53,OK
STEADY,4,656,130,2.31,22.54,OK
STEADY,2,657,123,2.31,22.55,OK
STEADY,3,657,126,2.31,22.57,OK
STEADY,4,657,126,2.31,22.56,OK
STEADY,1,657,126,2.31,21.77,OK
STEADY,2,658,123,2.31,21.78,OK
STEADY,1,658,126,2.31,21.80,OK
STEADY,3,658,125,2.31,21.81,OK
STEADY,4,658,126,2.31,21.79,OK
STEADY,2,659,123,2.31,21.81,OK
STEADY,3,659,125,2.31,21.83,OK
STEADY,1,659,125,2.31,21.84,OK
STEADY,4,659,126,2.31,21.82,OK
STEADY,2,660,125,2.31,21.85,OK
STEADY,1,660,125,2.31,21.87,OK
STEADY,3,660,126,2.31,21.88,OK
STEADY,4,660,126,2.31,21.86,OK
STEADY,2,661,123,2.31,21.89,OK
STEADY,1,661,126,2.31,21.90,OK
STEADY,3,661,126,2.31,21.91,OK
STEADY,4,661,126,2.31,21.90,OK
STEADY,2,662,124,2.31,21.92,OK
STEADY,1,662,126,2.31,21.94,OK
STEADY,3,662,125,2.31,21.95,OK
STEADY,4,662,126,2.31,21.93,OK
STEADY,2,663,123,2.31,21.96,OK
STEADY,1,663,126,2.31,21.97,OK
STEADY,3,663,126,2.31,21.99,OK
STEADY,4,663,127,2.31,21.98,OK
STEADY,2,664,123,2.31,22.00,OK
STEADY,1,664,126,2.31,22.01,OK
STEADY,3,664,126,2.31,22.03,OK
STEADY,4,664,125,2.31,22.02,OK
STEADY,2,665,123,2.31,22.04,OK
STEADY,1,665,126,2.31,22.04,OK
STEADY,3,665,126,2.31,22.06,OK
STEADY,4,665,126,2.31,22.05,OK
STEADY,2,666,123,2.31,22.07,OK
STEADY,1,666,126,2.31,22.08,OK
STEADY,3,666,126,2.31,22.10,OK
STEADY,4,666,126,2.31,22.09,OK
STEADY,2,667,122,2.31,22.11,OK
STEADY,1,667,126,2.31,22.12,OK
STEADY,3,667,126,2.31,22.14,OK
STEADY,4,667,126,2.31,22.13,OK
STEADY,2,668,124,2.31,22.14,OK
STEADY,1,668,126,2.31,22.15,OK
STEADY,3,668,128,2.31,22.17,OK
STEADY,4,668,129,2.31,22.16,OK
STEADY,2,669,123,2.31,22.18,OK
STEADY,1,669,126,2.31,22.19,OK
STEADY,3,669,126,2.31,22.21,OK
STEADY,4,669,126,2.31,22.20,OK
STEADY,2,670,123,2.31,22.22,OK
STEADY,1,670,126,2.31,22.23,OK
STEADY,3,670,126,2.31,22.23,OK
STEADY,4,670,126,2.31,22.24,OK
STEADY,2,671,123,2.31,22.25,OK
STEADY,1,671,126,2.31,22.26,OK
STEADY,3,671,126,2.31,22.27,OK
STEADY,4,671,126,2.31,22.28,OK
STEADY,2,672,123,2.31,22.29,OK
STEADY,3,672,127,2.31,22.31,OK
STEADY,1,672,128,2.31,22.30,OK
STEADY,4,672,126,2.31,22.32,OK
STEADY,2,673,123,2.31,22.32,OK
STEADY,1,673,126,2.31,22.33,OK
STEADY,3,673,126,2.31,22.34,OK
STEADY,4,673,131,2.31,22.35,OK
STEADY,2,674,123,2.31,22.36,OK
STEADY,3,674,126,2.31,22.38,OK
STEADY,1,674,127,2.31,22.37,OK
STEADY,4,674,127,2.31,22.39,OK
STEADY,2,675,123,2.31,22.40,OK
STEADY,3,675,126,2.31,22.41,OK
STEADY,1,675,126,2.31,22.41,OK
STEADY,4,675,126,2.31,22.42,OK
STEADY,2,676,123,2.31,22.43,OK
STEADY,3,676,126,2.31,22.44,OK
STEADY,1,676,126,2.31,22.45,OK
STEADY,4,676,126,2.31,22.46,OK
STEADY,2,677,123,2.31,22.47,OK
STEADY,1,677,127,2.31,22.48,OK
STEADY,3,677,125,2.31,22.49,OK
STEADY,4,677,126,2.31,22.50,OK
STEADY,2,678,123,2.31,22.50,OK
STEADY,1,678,126,2.31,22.51,OK
STEADY,3,678,126,2.31,22.53,OK
STEADY,4,678,126,2.31,22.52,OK
STEADY,2,679,123,2.31,22.54,OK
STEADY,3,679,125,2.31,22.55,OK
STEADY,1,679,126,2.31,22.56,OK
STEADY,4,679,126,2.31,21.77,OK
STEADY,2,680,123,2.31,21.78,OK
STEADY,1,680,128,2.31,21.79,OK
STEADY,3,680,127,2.31,21.80,OK
STEADY,4,680,127,2.31,21.81,OK
STEADY,2,681,123,2.31,21.81,OK
STEADY,1,681,127,2.31,21.82,OK
STEADY,3,681,125,2.31,21.83,OK
STEADY,4,681,127,2.31,21.84,OK
STEADY,2,682,124,2.31,21.85,OK
STEADY,1,682,126,2.31,21.86,OK
STEADY,3,682,126,2.31,21.87,OK
STEADY,4,682,126,2.31,21.88,OK
STEADY,2,683,123,2.31,21.89,OK
STEADY,1,683,126,2.31,21.90,OK
STEADY,3,683,125,2.31,21.90,OK
STEADY,4,683,126,2.31,21.91,OK
STEADY,2,684,122,2.31,21.92,OK
STEADY,1,684,127,2.31,21.93,OK
STEADY,3,684,126,2.31,21.94,OK
STEADY,4,684,126,2.31,21.95,OK
STEADY,2,685,122,2.31,21.96,OK
STEADY,1,685,127,2.31,21.97,OK
STEADY,3,685,126,2.31,21.98,OK
STEADY,4,685,126,2.31,21.99,OK
STEADY,2,686,123,2.31,22.00,OK
STEADY,1,686,128,2.31,22.00,OK
STEADY,3,686,128,2.31,22.01,OK
STEADY,4,686,126,2.31,22.02,OK
STEADY,2,687,122,2.31,22.03,OK
STEADY,1,687,126,2.31,22.04,OK
STEADY,3,687,126,2.31,22.05,OK
STEADY,4,687,126,2.31,22.06,OK
STEADY,2,688,123,2.31,22.07,OK
STEADY,1,688,126,2.31,22.08,OK
STEADY,3,688,125,2.31,22.09,OK
STEADY,4,688,125,2.31,22.09,OK
STEADY,2,689,123,2.31,22.10,OK
STEADY,1,689,127,2.31,22.11,OK
STEADY,3,689,125,2.31,22.12,OK
STEADY,4,689,126,2.31,22.13,OK
STEADY,2,690,123,2.31,22.14,OK
STEADY,1,690,126,2.31,22.15,OK
STEADY,3,690,126,2.31,22.16,OK
STEADY,4,690,126,2.31,22.17,OK
STEADY,2,691,123,2.31,22.18,OK
STEADY,1,691,126,2.31,22.18,OK
STEADY,3,691,125,2.31,22.19,OK
STEADY,4,691,126,2.31,22.20,OK
STEADY,2,692,122,2.31,22.21,OK
STEADY,1,692,126,2.31,22.22,OK
STEADY,3,692,125,2.31,22.23,OK
STEADY,4,692,126,2.31,22.24,OK
STEADY,2,693,123,2.31,22.25,OK
STEADY,1,693,126,2.31,22.26,OK
STEADY,3,693,126,2.31,22.27,OK
STEADY,4,693,126,2.31,22.27,OK
STEADY,2,694,122,2.31,22.28,OK
STEADY,1,694,126,2.31,22.29,OK
STEADY,3,694,126,2.31,22.31,OK
STEADY,4,694,126,2.31,22.30,OK
STEADY,2,695,123,2.31,22.32,OK
STEADY,3,695,126,2.31,22.33,OK
STEADY,1,695,126,2.31,22.34,OK
STEADY,4,695,126,2.31,22.35,OK
STEADY,2,696,124,2.31,22.36,OK
STEADY,1,696,127,2.31,22.36,OK
STEADY,3,696,126,2.31,22.37,OK
STEADY,4,696,127,2.31,22.38,OK
STEADY,2,697,123,2.31,22.39,OK
STEADY,3,697,126,2.31,22.40,OK
STEADY,1,697,126,2.31,22.41,OK
STEADY,4,697,127,2.31,22.42,OK
STEADY,2,698,122,2.31,22.43,OK
STEADY,3,698,125,2.31,22.45,OK
STEADY,1,698,125,2.31,22.46,OK
STEADY,4,698,126,2.31,22.44,OK
STEADY,2,699,123,2.31,22.46,OK
STEADY,3,699,125,2.31,22.48,OK
STEADY,1,699,125,2.31,22.49,OK
STEADY,4,699,126,2.31,22.47,OK
STEADY,2,700,123,2.31,22.50,OK
STEADY,3,700,126,2.31,22.52,OK
STEADY,1,700,126,2.31,22.53,OK
STEADY,4,700,126,2.31,22.51,OK
STEADY,2,701,122,2.31,22.54,OK
STEADY,3,701,126,2.31,22.55,OK
STEADY,1,701,126,2.31,22.56,OK
STEADY,4,701,126,2.31,22.55,OK
STEADY,2,702,123,2.31,21.77,OK
STEADY,3,702,126,2.31,21.79,OK
STEADY,1,702,127,2.31,21.80,OK
STEADY,4,702,128,2.31,21.78,OK
STEADY,2,703,123,2.31,21.81,OK
STEADY,1,703,126,2.31,21.82,OK
STEADY,3,703,126,2.31,21.83,OK
STEADY,4,703,127,2.31,21.81,OK
STEADY,2,704,122,2.31,21.84,OK
STEADY,3,704,125,2.31,21.86,OK
STEADY,4,704,126,2.31,21.85,OK
STEADY,1,704,126,2.31,21.87,OK
STEADY,2,705,123,2.31,21.88,OK
STEADY,3,705,126,2.31,21.90,OK
STEADY,1,705,126,2.31,21.90,OK
STEADY,4,705,127,2.31,21.89,OK
STEADY,2,706,123,2.31,21.91,OK
STEADY,1,706,126,2.31,21.93,OK
STEADY,3,706,127,2.31,21.94,OK
STEADY,4,706,126,2.31,21.92,OK
STEADY,2,707,122,2.31,21.95,OK
STEADY,1,707,127,2.31,21.98,OK
STEADY,3,707,127,2.31,21.97,OK
STEADY,4,707,128,2.31,21.96,OK
STEADY,2,708,123,2.31,21.99,OK
STEADY,3,708,125,2.31,22.00,OK
STEADY,1,708,126,2.31,22.01,OK
STEADY,4,708,126,2.31,21.99,OK
STEADY,2,709,123,2.31,22.02,OK
STEADY,1,709,126,2.31,22.04,OK
STEADY,3,709,126,2.31,22.05,OK
STEADY,4,709,128,2.31,22.03,OK
STEADY,2,710,123,2.31,22.06,OK
STEADY,3,710,127,2.31,22.08,OK
STEADY,1,710,127,2.31,22.09,OK
STEADY,4,710,126,2.31,22.07,OK
STEADY,2,711,123,2.31,22.09,OK
STEADY,3,711,126,2.31,22.11,OK
STEADY,1,711,126,2.31,22.12,OK
STEADY,4,711,126,2.31,22.10,OK
STEADY,2,712,124,2.31,22.13,OK
STEADY,3,712,125,2.31,22.15,OK
STEADY,4,712,126,2.31,22.14,OK
STEADY,1,712,126,2.31,22.16,OK
STEADY,2,713,122,2.31,22.17,OK
STEADY,4,713,127,2.31,22.18,OK
STEADY,1,713,127,2.31,22.19,OK
STEADY,3,713,127,2.31,22.18,OK
STEADY,2,714,122,2.31,22.20,OK
STEADY,3,714,126,2.31,22.22,OK
STEADY,4,714,126,2.31,22.21,OK
STEADY,1,714,126,2.31,22.23,OK
STEADY,2,715,123,2.31,22.24,OK
STEADY,4,715,126,2.31,22.25,OK
STEADY,1,715,126,2.31,22.27,OK
STEADY,3,715,127,2.31,22.26,OK
STEADY,2,716,123,2.31,22.27,OK
STEADY,3,716,126,2.31,22.29,OK
STEADY,1,716,127,2.31,22.30,OK
STEADY,4,716,127,2.31,22.28,OK
STEADY,2,717,123,2.31,22.31,OK
STEADY,1,717,125,2.31,22.33,OK
STEADY,4,717,126,2.31,22.32,OK
STEADY,3,717,126,2.31,22.34,OK
STEADY,2,718,123,2.31,22.35,OK
STEADY,3,718,125,2.31,22.37,OK
STEADY,4,718,126,2.31,22.36,OK
STEADY,1,718,126,2.31,22.38,OK
STEADY,2,719,123,2.31,22.39,OK
STEADY,3,719,125,2.31,22.40,OK
STEADY,4,719,125,2.31,22.40,OK
STEADY,1,719,125,2.31,22.41,OK
STEADY,2,720,123,2.31,22.42,OK
STEADY,3,720,125,2.31,22.44,OK
STEADY,1,720,125,2.31,22.45,OK
STEADY,4,720,126,2.31,22.43,OK
STEADY,2,721,122,2.31,22.46,OK
STEADY,3,721,126,2.31,22.48,OK
STEADY,1,721,126,2.31,22.49,OK
STEADY,4,721,126,2.31,22.47,OK
STEADY,2,722,122,2.31,22.50,OK
STEADY,1,722,126,2.31,22.52,OK
STEADY,3,722,125,2.31,22.52,OK
STEADY,4,722,126,2.31,22.51,OK
STEADY,2,723,122,2.31,22.53,OK
STEADY,1,723,131,2.31,22.54,OK
STEADY,3,723,131,2.31,22.55,OK
STEADY,4,723,133,2.31,22.56,OK
STEADY,2,724,123,2.31,21.80,OK
STEADY,1,724,126,2.31,21.82,OK
STEADY,3,724,125,2.31,21.83,OK
STEADY,4,724,126,2.31,21.81,OK
STEADY,2,725,123,2.31,21.84,OK
STEADY,1,725,126,2.31,21.84,OK
STEADY,3,725,126,2.31,21.86,OK
STEADY,4,725,126,2.31,21.85,OK
STEADY,2,726,123,2.31,21.87,OK
STEADY,1,726,126,2.31,21.88,OK
STEADY,3,726,126,2.31,21.89,OK
STEADY,4,726,126,2.31,21.90,OK
STEADY,2,727,124,2.31,21.91,OK
STEADY,3,727,126,2.31,21.93,OK
STEADY,1,727,126,2.31,21.93,OK
STEADY,4,727,125,2.31,21.92,OK
STEADY,2,728,122,2.31,21.94,OK
STEADY,3,728,126,2.31,21.97,OK
STEADY,1,728,126,2.31,21.98,OK
STEADY,4,728,126,2.31,21.95,OK
STEADY,2,729,122,2.31,21.99,OK
STEADY,3,729,126,2.31,22.00,OK
STEADY,1,729,126,2.31,22.01,OK
STEADY,4,729,126,2.31,22.00,OK
STEADY,2,730,122,2.31,22.02,OK
STEADY,3,730,127,2.31,22.04,OK
STEADY,1,730,127,2.31,22.05,OK
STEADY,4,730,126,2.31,22.03,OK
STEADY,2,731,122,2.31,22.06,OK
STEADY,3,731,125,2.31,22.07,OK
STEADY,1,731,126,2.31,22.08,OK
STEADY,4,731,126,2.31,22.09,OK
STEADY,2,732,125,2.31,22.09,OK
STEADY,1,732,128,2.31,22.10,OK
STEADY,3,732,128,2.31,22.11,OK
STEADY,4,732,127,2.31,22.12,OK
STEADY,2,733,123,2.31,22.13,OK
STEADY,3,733,127,2.31,22.14,OK
STEADY,1,733,127,2.31,22.15,OK
STEADY,4,733,126,2.31,22.16,OK
STEADY,2,734,123,2.31,22.17,OK
STEADY,3,734,126,2.31,22.18,OK
STEADY,1,734,126,2.31,22.19,OK
STEADY,4,734,125,2.31,22.18,OK
STEADY,2,735,123,2.31,22.20,OK
STEADY,1,735,125,2.31,22.22,OK
STEADY,3,735,125,2.31,22.23,OK
STEADY,4,735,126,2.31,22.21,OK
STEADY,2,736,122,2.28,22.24,OK
STEADY,1,736,126,2.28,22.26,OK
STEADY,4,736,127,2.28,22.25,OK
STEADY,3,736,127,2.28,22.27,OK
STEADY,2,737,123,2.28,22.27,OK
STEADY,3,737,125,2.28,22.29,OK
STEADY,4,737,126,2.28,22.28,OK
STEADY,1,737,126,2.28,22.30,OK
STEADY,2,738,122,2.28,22.31,OK
STEADY,3,738,125,2.28,22.33,OK
STEADY,1,738,125,2.28,22.34,OK
STEADY,4,738,127,2.28,22.32,OK
STEADY,2,739,123,2.28,22.35,OK
STEADY,3,739,126,2.28,22.37,OK
STEADY,4,739,126,2.28,22.36,OK
STEADY,1,739,126,2.28,22.37,OK
STEADY,2,740,123,2.28,22.38,OK
STEADY,1,740,126,2.28,22.40,OK
STEADY,4,740,126,2.28,22.39,OK
STEADY,3,740,127,2.28,22.41,OK
STEADY,2,741,122,2.28,22.42,OK
STEADY,3,741,125,2.28,22.44,OK
STEADY,1,741,126,2.28,22.45,OK
STEADY,4,741,126,2.28,22.43,OK
STEADY,2,742,122,2.28,22.46,OK
STEADY,3,742,126,2.28,22.47,OK
STEADY,1,742,127,2.28,22.48,OK
STEADY,4,742,127,2.28,22.46,OK
STEADY,2,743,123,2.28,22.49,OK
STEADY,3,743,126,2.28,22.51,OK
STEADY,4,743,126,2.28,22.50,OK
STEADY,1,743,126,2.28,22.52,OK
STEADY,2,744,123,2.28,22.53,OK
STEADY,3,744,126,2.28,22.55,OK
STEADY,4,744,127,2.28,22.54,OK
STEADY,1,744,127,2.28,22.55,OK
STEADY,2,745,122,2.28,22.56,OK
STEADY,3,745,125,2.28,21.81,OK
STEADY,4,745,126,2.28,22.57,OK
STEADY,1,745,133,2.28,21.82,OK
STEADY,2,746,123,2.28,21.82,OK
STEADY,3,746,126,2.28,21.84,OK
STEADY,1,746,127,2.28,21.85,OK
STEADY,4,746,127,2.28,21.83,OK
STEADY,2,747,123,2.28,21.86,OK
STEADY,3,747,125,2.28,21.88,OK
STEADY,1,747,127,2.28,21.89,OK
STEADY,4,747,126,2.28,21.87,OK
STEADY,2,748,127,2.28,21.90,OK
STEADY,3,748,127,2.28,21.91,OK
STEADY,1,748,127,2.28,21.92,OK
STEADY,4,748,127,2.28,21.91,OK
STEADY,2,749,123,2.28,21.93,OK
STEADY,3,749,125,2.28,21.95,OK
STEADY,1,749,126,2.28,21.96,OK
STEADY,4,749,125,2.28,21.94,OK
STEADY,2,750,122,2.28,21.97,OK
STEADY,3,750,126,2.28,21.99,OK
STEADY,1,750,126,2.28,22.00,OK
STEADY,4,750,126,2.28,21.98,OK
STEADY,2,751,124,2.28,22.01,OK
STEADY,3,751,126,2.28,22.02,OK
STEADY,1,751,126,2.28,22.03,OK
STEADY,4,751,126,2.28,22.00,OK
STEADY,2,752,125,2.28,22.04,OK
STEADY,3,752,126,2.28,22.06,OK
STEADY,1,752,126,2.28,22.07,OK
STEADY,4,752,126,2.28,22.05,OK
STEADY,2,753,122,2.28,22.08,OK
STEADY,3,753,126,2.28,22.09,OK
STEADY,4,753,126,2.28,22.09,OK
STEADY,1,753,127,2.28,22.10,OK
STEADY,2,754,122,2.28,22.11,OK
STEADY,3,754,125,2.28,22.13,OK
STEADY,1,754,126,2.28,22.14,OK
STEADY,4,754,126,2.28,22.12,OK
STEADY,2,755,123,2.28,22.15,OK
STEADY,3,755,125,2.28,22.17,OK
STEADY,1,755,125,2.28,22.18,OK
STEADY,4,755,125,2.28,22.16,OK
STEADY,2,756,122,2.28,22.18,OK
STEADY,3,756,126,2.28,22.20,OK
STEADY,4,756,126,2.28,22.19,OK
STEADY,1,756,126,2.28,22.21,OK
STEADY,2,757,122,2.28,22.22,OK
STEADY,3,757,126,2.28,22.24,OK
STEADY,1,757,126,2.28,22.25,OK
STEADY,4,757,127,2.28,22.23,OK
STEADY,2,758,123,2.28,22.26,OK
STEADY,3,758,125,2.28,22.28,OK
STEADY,1,758,126,2.28,22.28,OK
STEADY,4,758,126,2.28,22.27,OK
STEADY,3,759,125,2.28,22.30,OK
STEADY,1,759,125,2.28,22.31,OK
STEADY,4,759,125,2.28,22.29,OK
STEADY,2,759,128,2.28,22.32,OK
STEADY,2,760,123,2.28,22.33,OK
STEADY,1,760,126,2.28,22.35,OK
STEADY,3,760,126,2.28,22.36,OK
STEADY,4,760,126,2.28,22.34,OK
STEADY,2,761,122,2.28,22.37,OK
STEADY,3,761,126,2.28,22.38,OK
STEADY,1,761,126,2.28,22.39,OK
STEADY,4,761,126,2.28,22.37,OK
STEADY,2,762,123,2.28,22.40,OK
STEADY,3,762,126,2.28,22.42,OK
STEADY,1,762,126,2.28,22.43,OK
STEADY,4,762,125,2.28,22.41,OK
STEADY,2,763,123,2.28,22.44,OK
STEADY,3,763,125,2.28,22.46,OK
STEADY,4,763,126,2.28,22.45,OK
STEADY,1,763,127,2.28,22.46,OK
STEADY,2,764,122,2.28,22.47,OK
STEADY,3,764,126,2.28,22.49,OK
STEADY,4,764,126,2.28,22.48,OK
STEADY,1,764,126,2.28,22.50,OK
STEADY,2,765,123,2.28,22.51,OK
STEADY,3,765,126,2.28,22.53,OK
STEADY,4,765,127,2.28,22.52,OK
STEADY,1,765,127,2.28,22.54,OK
STEADY,2,766,122,2.28,22.55,OK
STEADY,3,766,125,2.28,22.56,OK
STEADY,1,766,126,2.28,22.57,OK
STEADY,4,766,126,2.28,22.55,OK
STEADY,2,767,123,2.28,21.78,OK
STEADY,3,767,126,2.28,21.80,OK
STEADY,1,767,126,2.28,21.80,OK
STEADY,4,767,126,2.28,21.79,OK
STEADY,2,768,123,2.28,21.81,OK
STEADY,3,768,126,2.28,21.83,OK
STEADY,1,768,126,2.28,21.84,OK
STEADY,4,768,127,2.28,21.82,OK
STEADY,2,769,123,2.28,21.85,OK
STEADY,3,769,126,2.28,21.87,OK
STEADY,1,769,127,2.28,21.88,OK
STEADY,4,769,126,2.28,21.86,OK
STEADY,2,770,123,2.28,21.89,OK
STEADY,3,770,125,2.28,21.90,OK
STEADY,1,770,126,2.28,21.91,OK
STEADY,4,770,126,2.28,21.89,OK
STEADY,2,771,122,2.28,21.92,OK
STEADY,3,771,126,2.28,21.94,OK
STEADY,4,771,126,2.28,21.93,OK
STEADY,1,771,126,2.28,21.95,OK
STEADY,2,772,123,2.28,21.96,OK
STEADY,1,772,126,2.28,21.98,OK
STEADY,3,772,126,2.28,21.98,OK
STEADY,4,772,126,2.28,21.97,OK
STEADY,2,773,122,2.28,21.99,OK
STEADY,3,773,125,2.28,22.01,OK
STEADY,4,773,126,2.28,22.00,OK
STEADY,1,773,127,2.28,22.02,OK
STEADY,2,774,122,2.28,22.03,OK
STEADY,3,774,126,2.28,22.06,OK
STEADY,1,774,126,2.28,22.05,OK
STEADY,4,774,127,2.28,22.04,OK
STEADY,2,775,123,2.28,22.07,OK
STEADY,3,775,126,2.28,22.08,OK
STEADY,1,775,126,2.28,22.09,OK
STEADY,4,775,126,2.28,22.07,OK
STEADY,2,776,122,2.28,22.10,OK
STEADY,3,776,126,2.28,22.12,OK
STEADY,1,776,126,2.28,22.13,OK
STEADY,4,776,127,2.28,22.11,OK
STEADY,2,777,123,2.28,22.14,OK
STEADY,1,777,126,2.28,22.16,OK
STEADY,3,777,125,2.28,22.17,OK
STEADY,4,777,126,2.28,22.15,OK
STEADY,2,778,122,2.28,22.17,OK
STEADY,3,778,125,2.28,22.19,OK
STEADY,1,778,126,2.28,22.20,OK
STEADY,4,778,127,2.28,22.18,OK
STEADY,2,779,123,2.28,22.21,OK
STEADY,4,779,126,2.28,22.22,OK
STEADY,3,779,126,2.28,22.24,OK
STEADY,1,779,127,2.28,22.23,OK
STEADY,2,780,122,2.28,22.25,OK
STEADY,4,780,127,2.28,22.26,OK
STEADY,1,780,128,2.28,22.26,OK
STEADY,3,780,128,2.28,22.27,OK
STEADY,2,781,123,2.28,22.28,OK
STEADY,3,781,126,2.28,22.30,OK
STEADY,1,781,126,2.28,22.31,OK
STEADY,4,781,128,2.28,22.29,OK
STEADY,2,782,123,2.28,22.32,OK
STEADY,3,782,126,2.28,22.34,OK
STEADY,4,782,126,2.28,22.33,OK
STEADY,1,782,127,2.28,22.35,OK
STEADY,2,783,122,2.28,22.35,OK
STEADY,3,783,125,2.28,22.37,OK
STEADY,1,783,126,2.28,22.38,OK
STEADY,4,783,126,2.28,22.36,OK
STEADY,2,784,123,2.28,22.39,OK
STEADY,3,784,126,2.28,22.41,OK
STEADY,1,784,126,2.28,22.42,OK
STEADY,4,784,127,2.28,22.40,OK
STEADY,2,785,122,2.28,22.43,OK
STEADY,3,785,125,2.28,22.44,OK
STEADY,1,785,126,2.28,22.45,OK
STEADY,4,785,126,2.28,22.44,OK
STEADY,2,786,122,2.28,22.46,OK
STEADY,3,786,125,2.28,22.48,OK
STEADY,4,786,126,2.28,22.47,OK
STEADY,1,786,126,2.28,22.49,OK
STEADY,2,787,124,2.28,22.50,OK
STEADY,3,787,125,2.28,22.52,OK
STEADY,4,787,126,2.28,22.51,OK
STEADY,1,787,126,2.28,22.53,OK
STEADY,2,788,123,2.28,22.54,OK
STEADY,1,788,126,2.28,22.56,OK
STEADY,3,788,125,2.28,22.57,OK
STEADY,4,788,126,2.28,22.55,OK
STEADY,2,789,122,2.28,21.78,OK
STEADY,3,789,126,2.28,21.80,OK
STEADY,1,789,126,2.28,21.80,OK
STEADY,4,789,127,2.28,21.79,OK
STEADY,2,790,123,2.28,21.81,OK
STEADY,3,790,125,2.28,21.83,OK
STEADY,1,790,126,2.28,21.84,OK
STEADY,4,790,126,2.28,21.82,OK
STEADY,2,791,122,2.28,21.85,OK
STEADY,3,791,126,2.28,21.88,OK
STEADY,1,791,126,2.28,21.87,OK
STEADY,4,791,125,2.28,21.86,OK
STEADY,2,792,122,2.28,21.89,OK
STEADY,3,792,126,2.28,21.90,OK
STEADY,1,792,126,2.28,21.91,OK
STEADY,4,792,126,2.28,21.89,OK
STEADY,2,793,122,2.28,21.92,OK
STEADY,3,793,126,2.28,21.94,OK
STEADY,4,793,126,2.28,21.93,OK
STEADY,1,793,127,2.28,21.95,OK
STEADY,2,794,123,2.28,21.96,OK
STEADY,3,794,125,2.28,21.98,OK
STEADY,4,794,126,2.28,21.97,OK
STEADY,1,794,126,2.28,21.98,OK
STEADY,2,795,123,2.28,21.99,OK
STEADY,1,795,126,2.28,22.01,OK
STEADY,3,795,125,2.28,22.02,OK
STEADY,4,795,126,2.28,22.00,OK
STEADY,2,796,123,2.28,22.03,OK
STEADY,3,796,125,2.28,22.05,OK
STEADY,4,796,125,2.28,22.04,OK
STEADY,1,796,125,2.28,22.06,OK
STEADY,2,797,122,2.28,22.07,OK
STEADY,3,797,126,2.28,22.08,OK
STEADY,1,797,126,2.28,22.09,OK
STEADY,4,797,128,2.28,22.08,OK
STEADY,2,798,125,2.28,22.11,OK
STEADY,3,798,126,2.28,22.12,OK
STEADY,1,798,126,2.28,22.13,OK
STEADY,4,798,126,2.28,22.10,OK
STEADY,2,799,122,2.28,22.14,OK
STEADY,3,799,127,2.28,22.16,OK
STEADY,1,799,127,2.28,22.17,OK
STEADY,4,799,128,2.28,22.15,OK
STEADY,2,800,123,2.28,22.17,OK
STEADY,3,800,126,2.28,22.19,OK
STEADY,4,800,126,2.28,22.18,OK
STEADY,1,800,126,2.28,22.20,OK
STEADY,2,801,123,2.28,22.21,OK
STEADY,3,801,125,2.28,22.23,OK
STEADY,4,801,126,2.28,22.22,OK
STEADY,1,801,127,2.28,22.24,OK
STEADY,2,802,123,2.28,22.25,OK
STEADY,3,802,126,2.28,22.27,OK
STEADY,1,802,126,2.28,22.26,OK
STEADY,4,802,126,2.28,22.26,OK
STEADY,2,803,123,2.28,22.28,OK
STEADY,3,803,127,2.28,22.30,OK
STEADY,4,803,128,2.28,22.29,OK
STEADY,1,803,129,2.28,22.31,OK
STEADY,2,804,124,2.28,22.33,OK
STEADY,3,804,127,2.28,22.34,OK
STEADY,1,804,127,2.28,22.35,OK
STEADY,4,804,127,2.28,22.32,OK
STEADY,2,805,122,2.28,22.35,OK
STEADY,3,805,127,2.28,22.37,OK
STEADY,4,805,127,2.28,22.36,OK
STEADY,1,805,127,2.28,22.38,OK
STEADY,2,806,123,2.28,22.39,OK
STEADY,3,806,125,2.28,22.40,OK
STEADY,1,806,125,2.28,22.41,OK
STEADY,4,806,126,2.28,22.42,OK
STEADY,2,807,122,2.28,22.43,OK
STEADY,3,807,125,2.28,22.44,OK
STEADY,1,807,126,2.28,22.44,OK
STEADY,4,807,126,2.28,22.45,OK
STEADY,2,808,122,2.28,22.46,OK
STEADY,3,808,126,2.28,22.47,OK
STEADY,1,808,126,2.28,22.48,OK
STEADY,4,808,126,2.28,22.49,OK
STEADY,2,809,123,2.28,22.50,OK
STEADY,3,809,126,2.28,22.51,OK
STEADY,1,809,127,2.28,22.52,OK
STEADY,4,809,126,2.28,22.53,OK
STEADY,2,810,124,2.28,22.54,OK
STEADY,1,810,126,2.28,22.54,OK
STEADY,3,810,127,2.28,22.55,OK
STEADY,4,810,125,2.28,22.56,OK
STEADY,2,811,122,2.28,22.57,OK
STEADY,3,811,126,2.28,21.81,OK
STEADY,1,811,126,2.28,21.82,OK
STEADY,4,811,126,2.28,21.83,OK
STEADY,2,812,122,2.28,21.83,OK
STEADY,3,812,125,2.28,21.84,OK
STEADY,1,812,125,2.28,21.85,OK
STEADY,4,812,126,2.28,21.86,OK
STEADY,2,813,123,2.28,21.87,OK
STEADY,1,813,126,2.28,21.88,OK
STEADY,3,813,126,2.28,21.89,OK
STEADY,4,813,125,2.28,21.90,OK
STEADY,2,814,122,2.28,21.91,OK
STEADY,1,814,126,2.28,21.92,OK
STEADY,3,814,126,2.28,21.92,OK
STEADY,4,814,126,2.28,21.93,OK
STEADY,2,815,123,2.28,21.94,OK
STEADY,1,815,126,2.28,21.97,OK
STEADY,3,815,127,2.28,21.95,OK
STEADY,4,815,126,2.28,21.96,OK
STEADY,2,816,122,2.28,21.98,OK
STEADY,1,816,126,2.28,21.99,OK
STEADY,3,816,126,2.28,22.01,OK
STEADY,4,816,126,2.28,22.00,OK
STEADY,2,817,123,2.28,22.01,OK
STEADY,3,817,126,2.28,22.02,OK
STEADY,1,817,126,2.28,22.03,OK
STEADY,4,817,126,2.28,22.04,OK
STEADY,2,818,124,2.28,22.05,OK
STEADY,1,818,126,2.28,22.06,OK
STEADY,3,818,126,2.28,22.07,OK
STEADY,4,818,126,2.28,22.08,OK
STEADY,2,819,123,2.28,22.09,OK
STEADY,3,819,127,2.28,22.10,OK
STEADY,1,819,128,2.28,22.10,OK
STEADY,4,819,127,2.28,22.11,OK
STEADY,2,820,123,2.28,22.12,OK
STEADY,3,820,125,2.28,22.14,OK
STEADY,1,820,125,2.28,22.15,OK
STEADY,4,820,126,2.28,22.13,OK
STEADY,2,821,123,2.28,22.16,OK
STEADY,1,821,125,2.28,22.19,OK
STEADY,3,821,126,2.28,22.18,OK
STEADY,4,821,126,2.28,22.17,OK
STEADY,2,822,124,2.28,22.19,OK
STEADY,3,822,126,2.28,22.21,OK
STEADY,1,822,126,2.28,22.22,OK
STEADY,4,822,126,2.28,22.20,OK
STEADY,2,823,123,2.28,22.23,OK
STEADY,3,823,125,2.28,22.26,OK
STEADY,1,823,127,2.28,22.25,OK
STEADY,4,823,126,2.28,22.24,OK
STEADY,2,824,122,2.28,22.27,OK
STEADY,1,824,126,2.28,22.28,OK
STEADY,3,824,127,2.28,22.30,OK
STEADY,4,824,126,2.28,22.29,OK
STEADY,2,825,123,2.28,22.30,OK
STEADY,1,825,126,2.28,22.31,OK
STEADY,3,825,127,2.28,22.32,OK
STEADY,4,825,126,2.28,22.33,OK
STEADY,2,826,123,2.28,22.34,OK
STEADY,3,826,126,2.28,22.36,OK
STEADY,1,826,127,2.28,22.37,OK
STEADY,4,826,126,2.28,22.35,OK
STEADY,2,827,122,2.28,22.38,OK
STEADY,3,827,126,2.28,22.40,OK
STEADY,1,827,129,2.28,22.39,OK
STEADY,4,827,126,2.28,22.40,OK
STEADY,2,828,123,2.28,22.41,OK
STEADY,1,828,127,2.28,22.42,OK
STEADY,3,828,126,2.28,22.43,OK
STEADY,4,828,126,2.28,22.44,OK
STEADY,2,829,123,2.28,22.45,OK
STEADY,3,829,126,2.28,22.46,OK
STEADY,1,829,127,2.28,22.47,OK
STEADY,4,829,126,2.28,22.48,OK
STEADY,2,830,122,2.28,22.49,OK
STEADY,1,830,126,2.28,22.49,OK
STEADY,3,830,125,2.28,22.50,OK
STEADY,4,830,126,2.28,22.51,OK
STEADY,2,831,122,2.28,22.52,OK
STEADY,1,831,126,2.28,22.53,OK
STEADY,3,831,125,2.28,22.54,OK
STEADY,4,831,126,2.28,22.55,OK
STEADY,2,832,123,2.28,22.56,OK
STEADY,1,832,126,2.28,22.57,OK
STEADY,3,832,127,2.28,21.78,OK
STEADY,4,832,126,2.28,22.58,OK
STEADY,2,833,122,2.28,21.79,OK
STEADY,1,833,126,2.28,21.80,OK
STEADY,3,833,126,2.28,21.81,OK
STEADY,4,833,128,2.28,21.82,OK
STEADY,2,834,122,2.28,21.82,OK
STEADY,1,834,125,2.28,21.83,OK
STEADY,3,834,126,2.28,21.85,OK
STEADY,4,834,126,2.28,21.84,OK
STEADY,2,835,124,2.28,21.86,OK
STEADY,1,835,126,2.28,21.87,OK
STEADY,3,835,125,2.28,21.89,OK
STEADY,4,835,126,2.28,21.88,OK
STEADY,2,836,123,2.28,21.90,OK
STEADY,1,836,126,2.28,21.91,OK
STEADY,3,836,126,2.28,21.92,OK
STEADY,4,836,125,2.28,21.91,OK
STEADY,2,837,122,2.28,21.93,OK
STEADY,3,837,125,2.28,21.94,OK
STEADY,1,837,126,2.28,21.95,OK
STEADY,4,837,125,2.28,21.96,OK
STEADY,2,838,122,2.28,21.97,OK
STEADY,3,838,126,2.28,21.99,OK
STEADY,4,838,125,2.28,21.98,OK
STEADY,1,838,127,2.28,22.00,OK
STEADY,2,839,123,2.28,22.00,OK
STEADY,4,839,126,2.28,22.01,OK
STEADY,3,839,126,2.28,22.02,OK
STEADY,1,839,126,2.28,22.03,OK
STEADY,2,840,123,2.28,22.04,OK
STEADY,3,840,125,2.28,22.06,OK
STEADY,4,840,126,2.28,22.05,OK
STEADY,1,840,126,2.28,22.07,OK
STEADY,2,841,122,2.28,22.08,OK
STEADY,3,841,126,2.28,22.10,OK
STEADY,1,841,126,2.28,22.10,OK
STEADY,4,841,126,2.28,22.09,OK
STEADY,2,842,123,2.28,22.11,OK
STEADY,3,842,125,2.28,22.13,OK
STEADY,1,842,125,2.28,22.14,OK
STEADY,4,842,126,2.28,22.12,OK
STEADY,2,843,123,2.28,22.15,OK
STEADY,1,843,126,2.28,22.17,OK
STEADY,3,843,125,2.28,22.18,OK
STEADY,4,843,126,2.28,22.16,OK
STEADY,2,844,123,2.28,22.19,OK
STEADY,1,844,126,2.28,22.19,OK
STEADY,3,844,125,2.28,22.21,OK
STEADY,4,844,126,2.28,22.20,OK
STEADY,2,845,122,2.28,22.22,OK
STEADY,1,845,126,2.28,22.23,OK
STEADY,3,845,125,2.28,22.25,OK
STEADY,4,845,126,2.28,22.24,OK
STEADY,2,846,122,2.28,22.26,OK
STEADY,1,846,126,2.28,22.27,OK
STEADY,3,846,125,2.28,22.28,OK
STEADY,4,846,126,2.28,22.28,OK
STEADY,2,847,123,2.28,22.29,OK
STEADY,1,847,126,2.28,22.30,OK
STEADY,3,847,125,2.28,22.32,OK
STEADY,4,847,126,2.28,22.31,OK
STEADY,2,848,125,2.28,22.33,OK
STEADY,1,848,125,2.28,22.34,OK
STEADY,3,848,126,2.28,22.36,OK
STEADY,4,848,126,2.28,22.35,OK
STEADY,2,849,123,2.28,22.37,OK
STEADY,1,849,126,2.28,22.37,OK
STEADY,3,849,126,2.28,22.39,OK
STEADY,4,849,126,2.28,22.38,OK
STEADY,2,850,122,2.28,22.40,OK
STEADY,4,850,126,2.28,22.41,OK
STEADY,3,850,126,2.28,22.42,OK
STEADY,1,850,128,2.28,22.43,OK
STEADY,2,851,123,2.28,22.44,OK
STEADY,3,851,125,2.28,22.46,OK
STEADY,1,851,127,2.28,22.46,OK
STEADY,4,851,125,2.28,22.45,OK
STEADY,2,852,123,2.28,22.47,OK
STEADY,1,852,127,2.28,22.49,OK
STEADY,3,852,125,2.28,22.50,OK
STEADY,4,852,126,2.28,22.48,OK
STEADY,2,853,123,2.28,22.51,OK
STEADY,1,853,126,2.28,22.52,OK
STEADY,3,853,126,2.28,22.54,OK
STEADY,4,853,126,2.28,22.53,OK
STEADY,2,854,124,2.28,22.55,OK
STEADY,1,854,127,2.28,22.56,OK
STEADY,3,854,126,2.28,22.57,OK
STEADY,4,854,126,2.28,22.55,OK
STEADY,2,855,123,2.28,21.78,OK
STEADY,1,855,126,2.28,21.80,OK
STEADY,4,855,126,2.28,21.79,OK
STEADY,3,855,126,2.28,21.81,OK
STEADY,2,856,124,2.28,21.82,OK
STEADY,1,856,128,2.28,21.83,OK
STEADY,3,856,126,2.28,21.84,OK
STEADY,4,856,126,2.28,21.82,OK
STEADY,2,857,122,2.28,21.85,OK
STEADY,1,857,126,2.28,21.86,OK
STEADY,3,857,125,2.28,21.88,OK
STEADY,4,857,127,2.28,21.87,OK
STEADY,2,858,123,2.28,21.89,OK
STEADY,1,858,126,2.28,21.91,OK
STEADY,3,858,125,2.28,21.91,OK
STEADY,4,858,125,2.28,21.90,OK
STEADY,2,859,123,2.28,21.92,OK
STEADY,1,859,126,2.28,21.95,OK
STEADY,3,859,126,2.28,21.94,OK
STEADY,4,859,126,2.28,21.93,OK
STEADY,2,860,122,2.1,21.96,OK
STEADY,4,860,127,2.1,21.97,OK
STEADY,1,860,127,2.1,21.99,OK
STEADY,3,860,127,2.1,21.98,OK
STEADY,2,861,123,2.1,22.00,OK
STEADY,3,861,126,2.1,22.01,OK
STEADY,1,861,127,2.1,22.02,OK
STEADY,4,861,127,2.1,22.00,OK
STEADY,2,862,122,2.1,22.03,OK
STEADY,3,862,125,2.1,22.05,OK
STEADY,4,862,125,2.1,22.04,OK
STEADY,1,862,126,2.1,22.06,OK
STEADY,2,863,123,2.1,22.07,OK
STEADY,1,863,126,2.1,22.09,OK
STEADY,3,863,127,2.1,22.10,OK
STEADY,4,863,126,2.1,22.08,OK
STEADY,2,864,123,2.1,22.10,OK
STEADY,3,864,126,2.1,22.12,OK
STEADY,4,864,126,2.1,22.11,OK
STEADY,1,864,126,2.1,22.13,OK
STEADY,2,865,122,2.1,22.14,OK
STEADY,4,865,125,2.1,22.15,OK
STEADY,1,865,126,2.1,22.16,OK
STEADY,3,865,126,2.1,22.17,OK
STEADY,2,866,122,2.1,22.19,OK
STEADY,3,866,125,2.1,22.21,OK
STEADY,1,866,126,2.1,22.22,OK
STEADY,4,866,126,2.1,22.20,OK
STEADY,2,867,122,2.1,22.23,OK
STEADY,3,867,125,2.1,22.24,OK
STEADY,4,867,125,2.1,22.23,OK
STEADY,1,867,126,2.1,22.25,OK
STEADY,2,868,123,2.1,22.26,OK
STEADY,3,868,126,2.1,22.28,OK
STEADY,1,868,126,2.1,22.29,OK
STEADY,4,868,126,2.1,22.27,OK
STEADY,2,869,123,2.1,22.30,OK
STEADY,4,869,126,2.1,22.31,OK
STEADY,1,869,126,2.1,22.32,OK
STEADY,3,869,126,2.1,22.32,OK
STEADY,2,870,123,2.1,22.33,OK
STEADY,3,870,125,2.1,22.35,OK
STEADY,1,870,125,2.1,22.36,OK
STEADY,4,870,127,2.1,22.34,OK
STEADY,2,871,122,2.1,22.37,OK
STEADY,3,871,126,2.1,22.39,OK
STEADY,4,871,126,2.1,22.38,OK
STEADY,1,871,126,2.1,22.40,OK
STEADY,2,872,122,2.1,22.41,OK
STEADY,3,872,126,2.1,22.42,OK
STEADY,1,872,126,2.1,22.43,OK
STEADY,4,872,126,2.1,22.41,OK
STEADY,2,873,122,2.1,22.44,OK
STEADY,3,873,125,2.1,22.46,OK
STEADY,4,873,126,2.1,22.45,OK
STEADY,1,873,126,2.1,22.47,OK
STEADY,2,874,124,2.1,22.48,OK
STEADY,3,874,125,2.1,22.49,OK
STEADY,1,874,126,2.1,22.50,OK
STEADY,4,874,128,2.1,22.51,OK
STEADY,2,875,122,2.1,22.51,OK
STEADY,3,875,126,2.1,22.53,OK
STEADY,4,875,127,2.1,22.52,OK
STEADY,1,875,129,2.1,22.54,OK
STEADY,2,876,123,2.1,22.55,OK
STEADY,3,876,125,2.1,22.57,OK
STEADY,4,876,126,2.1,22.56,OK
STEADY,1,876,126,2.1,22.58,OK
STEADY,2,877,123,2.1,22.59,OK
STEADY,3,877,125,2.1,21.80,OK
STEADY,1,877,126,2.1,21.81,OK
STEADY,4,877,126,2.1,21.79,OK
STEADY,2,878,123,2.1,21.82,OK
STEADY,3,878,125,2.1,21.84,OK
STEADY,4,878,125,2.1,21.83,OK
STEADY,1,878,127,2.1,21.85,OK
STEADY,2,879,122,2.1,21.86,OK
STEADY,3,879,125,2.1,21.87,OK
STEADY,1,879,126,2.1,21.88,OK
STEADY,4,879,126,2.1,21.86,OK
STEADY,2,880,123,2.1,21.89,OK
STEADY,3,880,126,2.1,21.91,OK
STEADY,1,880,126,2.1,21.92,OK
STEADY,4,880,125,2.1,21.90,OK
STEADY,2,881,123,2.1,21.93,OK
STEADY,1,881,125,2.1,21.95,OK
STEADY,4,881,126,2.1,21.94,OK
STEADY,3,881,126,2.1,21.95,OK
STEADY,2,882,123,2.1,21.96,OK
STEADY,3,882,126,2.1,21.98,OK
STEADY,1,882,126,2.1,21.99,OK
STEADY,4,882,125,2.1,21.97,OK
STEADY,2,883,124,2.1,22.00,OK
STEADY,1,883,127,2.1,22.03,OK
STEADY,3,883,128,2.1,22.02,OK
STEADY,4,883,126,2.1,22.01,OK
STEADY,2,884,123,2.1,22.04,OK
STEADY,1,884,126,2.1,22.05,OK
STEADY,3,884,126,2.1,22.06,OK
STEADY,4,884,126,2.1,22.05,OK
STEADY,2,885,123,2.1,22.07,OK
STEADY,3,885,126,2.1,22.09,OK
STEADY,1,885,126,2.1,22.10,OK
STEADY,4,885,126,2.1,22.08,OK
STEADY,2,886,123,2.1,22.11,OK
STEADY,3,886,127,2.1,22.13,OK
STEADY,1,886,127,2.1,22.14,OK
STEADY,4,886,126,2.1,22.12,OK
STEADY,2,887,123,2.1,22.14,OK
STEADY,3,887,126,2.1,22.16,OK
STEADY,1,887,126,2.1,22.17,OK
STEADY,4,887,127,2.1,22.15,OK
STEADY,2,888,123,2.1,22.18,OK
STEADY,3,888,126,2.1,22.20,OK
STEADY,1,888,126,2.1,22.21,OK
STEADY,4,888,126,2.1,22.19,OK
STEADY,2,889,124,2.1,22.22,OK
STEADY,1,889,126,2.1,22.24,OK
STEADY,3,889,127,2.1,22.23,OK
STEADY,4,889,127,2.1,22.23,OK
STEADY,2,890,122,2.1,22.25,OK
STEADY,3,890,126,2.1,22.27,OK
STEADY,1,890,126,2.1,22.28,OK
STEADY,4,890,127,2.1,22.26,OK
STEADY,2,891,123,2.1,22.29,OK
STEADY,1,891,126,2.1,22.31,OK
STEADY,3,891,126,2.1,22.32,OK
STEADY,4,891,127,2.1,22.30,OK
STEADY,2,892,122,2.1,22.33,OK
STEADY,3,892,127,2.1,22.35,OK
STEADY,4,892,127,2.1,22.34,OK
STEADY,1,892,127,2.1,22.36,OK
STEADY,2,893,122,2.1,22.37,OK
STEADY,3,893,125,2.1,22.38,OK
STEADY,1,893,126,2.1,22.39,OK
STEADY,4,893,126,2.1,22.37,OK
STEADY,2,894,123,2.1,22.40,OK
STEADY,3,894,125,2.1,22.42,OK
STEADY,1,894,126,2.1,22.43,OK
STEADY,4,894,126,2.1,22.41,OK
STEADY,2,895,122,2.1,22.44,OK
STEADY,1,895,126,2.1,22.46,OK
STEADY,4,895,126,2.1,22.45,OK
STEADY,3,895,127,2.1,22.46,OK
STEADY,2,896,123,2.1,22.47,OK
STEADY,3,896,126,2.1,22.49,OK
STEADY,4,896,126,2.1,22.48,OK
STEADY,1,896,127,2.1,22.50,OK
STEADY,2,897,123,2.1,22.51,OK
STEADY,3,897,126,2.1,22.53,OK
STEADY,4,897,126,2.1,22.52,OK
STEADY,1,897,127,2.1,22.54,OK
STEADY,2,898,123,2.1,22.55,OK
STEADY,3,898,125,2.1,22.56,OK
STEADY,1,898,125,2.1,22.57,OK
STEADY,4,898,126,2.1,22.55,OK
STEADY,2,899,123,2.1,22.58,OK
STEADY,3,899,125,2.1,21.80,OK
STEADY,1,899,126,2.1,21.81,OK
STEADY,4,899,126,2.1,22.59,OK
STEADY,2,900,122,2.1,21.81,OK
STEADY,3,900,125,2.1,21.83,OK
STEADY,4,900,125,2.1,21.82,OK
STEADY,1,900,126,2.1,21.84,OK
STEADY,2,901,122,2.1,21.85,OK
STEADY,3,901,126,2.1,21.87,OK
STEADY,1,901,126,2.1,21.88,OK
STEADY,4,901,126,2.1,21.86,OK
STEADY,2,902,122,2.1,21.89,OK
STEADY,3,902,126,2.1,21.91,OK
STEADY,4,902,126,2.1,21.90,OK
STEADY,1,902,126,2.1,21.91,OK
STEADY,2,903,122,2.1,21.92,OK
STEADY,3,903,125,2.1,21.94,OK
STEADY,1,903,125,2.1,21.95,OK
STEADY,4,903,126,2.1,21.93,OK
STEADY,2,904,123,2.1,21.96,OK
STEADY,4,904,126,2.1,21.97,OK
STEADY,1,904,127,2.1,21.98,OK
STEADY,3,904,128,2.1,21.99,OK
STEADY,2,905,124,2.1,22.00,OK
STEADY,1,905,127,2.1,22.01,OK
STEADY,3,905,125,2.1,22.02,OK
STEADY,4,905,127,2.1,22.00,OK
STEADY,2,906,122,2.1,22.03,OK
STEADY,1,906,126,2.1,22.05,OK
STEADY,3,906,125,2.1,22.06,OK
STEADY,4,906,125,2.1,22.04,OK
STEADY,2,907,122,2.1,22.07,OK
STEADY,1,907,127,2.1,22.09,OK
STEADY,3,907,126,2.1,22.09,OK
STEADY,4,907,126,2.1,22.08,OK
STEADY,2,908,123,2.1,22.10,OK
STEADY,1,908,127,2.1,22.12,OK
STEADY,3,908,125,2.1,22.13,OK
STEADY,4,908,126,2.1,22.11,OK
STEADY,2,909,123,2.1,22.14,OK
STEADY,1,909,126,2.1,22.16,OK
STEADY,3,909,126,2.1,22.17,OK
STEADY,4,909,126,2.1,22.15,OK
STEADY,2,910,125,2.1,22.18,OK
STEADY,1,910,126,2.1,22.18,OK
STEADY,3,910,125,2.1,22.20,OK
STEADY,4,910,127,2.1,22.19,OK
STEADY,2,911,123,2.1,22.21,OK
STEADY,1,911,126,2.1,22.23,OK
STEADY,3,911,126,2.1,22.24,OK
STEADY,4,911,126,2.1,22.22,OK
STEADY,2,912,122,2.1,22.25,OK
STEADY,3,912,126,2.1,22.27,OK
STEADY,4,912,126,2.1,22.26,OK
STEADY,1,912,126,2.1,22.28,OK
STEADY,2,913,122,2.1,22.29,OK
STEADY,3,913,125,2.1,22.31,OK
STEADY,1,913,125,2.1,22.32,OK
STEADY,4,913,125,2.1,22.30,OK
STEADY,2,914,122,2.1,22.33,OK
STEADY,3,914,126,2.1,22.34,OK
STEADY,1,914,126,2.1,22.35,OK
STEADY,4,914,126,2.1,22.33,OK
STEADY,2,915,123,2.1,22.36,OK
STEADY,3,915,125,2.1,22.38,OK
STEADY,1,915,126,2.1,22.39,OK
STEADY,4,915,126,2.1,22.37,OK
STEADY,2,916,123,2.1,22.40,OK
STEADY,3,916,125,2.1,22.42,OK
STEADY,1,916,125,2.1,22.42,OK
STEADY,4,916,125,2.1,22.41,OK
STEADY,2,917,122,2.1,22.43,OK
STEADY,1,917,126,2.1,22.45,OK
STEADY,3,917,125,2.1,22.46,OK
STEADY,4,917,127,2.1,22.44,OK
STEADY,2,918,129,2.1,22.47,OK
STEADY,3,918,130,2.1,22.49,OK
STEADY,1,918,131,2.1,22.50,OK
STEADY,4,918,132,2.1,22.48,OK
STEADY,2,919,122,2.1,22.51,OK
STEADY,3,919,125,2.1,22.52,OK
STEADY,4,919,126,2.1,22.51,OK
STEADY,1,919,127,2.1,22.53,OK
STEADY,2,920,123,2.1,22.54,OK
STEADY,3,920,125,2.1,22.56,OK
STEADY,4,920,125,2.1,22.55,OK
STEADY,1,920,126,2.1,22.57,OK
STEADY,2,921,122,2.1,22.58,OK
STEADY,3,921,126,2.1,21.80,OK
STEADY,1,921,126,2.1,21.81,OK
STEADY,4,921,126,2.1,22.59,OK
STEADY,2,922,124,2.1,21.81,OK
STEADY,4,922,127,2.1,21.82,OK
STEADY,1,922,129,2.1,21.83,OK
STEADY,3,922,129,2.1,21.84,OK
STEADY,2,923,124,2.1,21.86,OK
STEADY,3,923,126,2.1,21.87,OK
STEADY,1,923,126,2.1,21.88,OK
STEADY,4,923,127,2.1,21.85,OK
STEADY,2,924,123,2.1,21.89,OK
STEADY,3,924,126,2.1,21.91,OK
STEADY,1,924,126,2.1,21.91,OK
STEADY,4,924,127,2.1,21.90,OK
STEADY,2,925,124,2.1,21.93,OK
STEADY,3,925,125,2.1,21.94,OK
STEADY,1,925,126,2.1,21.95,OK
STEADY,4,925,126,2.1,21.92,OK
STEADY,2,926,123,2.1,21.96,OK
STEADY,3,926,126,2.1,21.98,OK
STEADY,1,926,126,2.1,21.99,OK
STEADY,4,926,126,2.1,21.97,OK
STEADY,2,927,122,2.1,22.00,OK
STEADY,3,927,125,2.1,22.01,OK
STEADY,4,927,126,2.1,22.00,OK
STEADY,1,927,126,2.1,22.02,OK
STEADY,2,928,123,2.1,22.03,OK
STEADY,1,928,126,2.1,22.05,OK
STEADY,4,928,127,2.1,22.04,OK
STEADY,3,928,127,2.1,22.06,OK
STEADY,2,929,123,2.1,22.07,OK
STEADY,3,929,125,2.1,22.09,OK
STEADY,1,929,126,2.1,22.09,OK
STEADY,4,929,127,2.1,22.08,OK
STEADY,2,930,124,2.1,22.10,OK
STEADY,3,930,125,2.1,22.12,OK
STEADY,1,930,126,2.1,22.13,OK
STEADY,4,930,127,2.1,22.11,OK
STEADY,2,931,123,2.1,22.14,OK
STEADY,1,931,126,2.1,22.17,OK
STEADY,4,931,127,2.1,22.15,OK
STEADY,3,931,127,2.1,22.16,OK
STEADY,2,932,122,2.1,22.18,OK
STEADY,4,932,126,2.1,22.19,OK
STEADY,1,932,128,2.1,22.20,OK
STEADY,3,932,128,2.1,22.19,OK
STEADY,2,933,122,2.1,22.21,OK
STEADY,3,933,126,2.1,22.23,OK
STEADY,4,933,126,2.1,22.22,OK
STEADY,1,933,127,2.1,22.24,OK
STEADY,2,934,123,2.1,22.25,OK
STEADY,3,934,125,2.1,22.27,OK
STEADY,4,934,125,2.1,22.26,OK
STEADY,1,934,125,2.1,22.28,OK
STEADY,2,935,123,2.1,22.28,OK
STEADY,3,935,125,2.1,22.30,OK
STEADY,4,935,126,2.1,22.29,OK
STEADY,1,935,126,2.1,22.31,OK
STEADY,2,936,123,2.1,22.32,OK
STEADY,3,936,126,2.1,22.34,OK
STEADY,4,936,125,2.1,22.33,OK
STEADY,1,936,126,2.1,22.35,OK
STEADY,2,937,123,2.1,22.36,OK
STEADY,3,937,125,2.1,22.37,OK
STEADY,4,937,126,2.1,22.37,OK
STEADY,1,937,126,2.1,22.38,OK
STEADY,2,938,122,2.1,22.39,OK
STEADY,3,938,125,2.1,22.41,OK
STEADY,4,938,125,2.1,22.40,OK
STEADY,1,938,126,2.1,22.42,OK
STEADY,2,939,122,2.1,22.43,OK
STEADY,4,939,126,2.1,22.44,OK
STEADY,1,939,127,2.1,22.46,OK
STEADY,3,939,128,2.1,22.45,OK
STEADY,2,940,123,2.1,22.46,OK
STEADY,3,940,125,2.1,22.48,OK
STEADY,4,940,125,2.1,22.47,OK
STEADY,1,940,126,2.1,22.49,OK
STEADY,2,941,123,2.1,22.50,OK
STEADY,3,941,125,2.1,22.52,OK
STEADY,4,941,126,2.1,22.51,OK
STEADY,1,941,126,2.1,22.53,OK
STEADY,2,942,123,2.1,22.54,OK
STEADY,1,942,125,2.1,22.56,OK
STEADY,3,942,125,2.1,22.55,OK
STEADY,4,942,126,2.1,22.55,OK
STEADY,2,943,123,2.1,22.57,OK
STEADY,1,943,126,2.1,22.59,OK
STEADY,3,943,126,2.1,22.60,OK
STEADY,4,943,127,2.1,22.58,OK
STEADY,2,944,122,2.1,21.80,OK
STEADY,3,944,125,2.1,21.82,OK
STEADY,4,944,126,2.1,21.81,OK
STEADY,1,944,126,2.1,21.82,OK
STEADY,2,945,123,2.1,21.83,OK
STEADY,3,945,127,2.1,21.85,OK
STEADY,1,945,127,2.1,21.86,OK
STEADY,4,945,127,2.1,21.84,OK
STEADY,2,946,122,2.1,21.87,OK
STEADY,1,946,132,2.1,21.89,OK
STEADY,3,946,132,2.1,21.88,OK
STEADY,4,946,133,2.1,21.90,OK
STEADY,2,947,123,2.1,21.91,OK
STEADY,3,947,127,2.1,21.93,OK
STEADY,1,947,127,2.1,21.92,OK
STEADY,4,947,127,2.1,21.91,OK
STEADY,2,948,123,2.1,21.94,OK
STEADY,3,948,125,2.1,21.96,OK
STEADY,4,948,126,2.1,21.95,OK
STEADY,1,948,126,2.1,21.97,OK
STEADY,2,949,122,2.1,21.98,OK
STEADY,3,949,125,2.1,22.00,OK
STEADY,4,949,126,2.1,21.99,OK
STEADY,1,949,126,2.1,22.00,OK
STEADY,2,950,123,2.1,22.01,OK
STEADY,3,950,125,2.1,22.03,OK
STEADY,1,950,126,2.1,22.04,OK
STEADY,4,950,126,2.1,22.02,OK
STEADY,2,951,123,2.1,22.05,OK
STEADY,3,951,126,2.1,22.07,OK
STEADY,1,951,126,2.1,22.08,OK
STEADY,4,951,126,2.1,22.06,OK
STEADY,2,952,123,2.1,22.09,OK
STEADY,3,952,126,2.1,22.11,OK
STEADY,4,952,126,2.1,22.09,OK
STEADY,1,952,128,2.1,22.10,OK
STEADY,2,953,123,2.1,22.12,OK
STEADY,1,953,126,2.1,22.14,OK
STEADY,3,953,125,2.1,22.15,OK
STEADY,4,953,127,2.1,22.13,OK
STEADY,2,954,122,2.1,22.16,OK
STEADY,1,954,126,2.1,22.18,OK
STEADY,3,954,125,2.1,22.18,OK
STEADY,4,954,126,2.1,22.17,OK
STEADY,2,955,122,2.1,22.19,OK
STEADY,3,955,125,2.1,22.21,OK
STEADY,1,955,126,2.1,22.22,OK
STEADY,4,955,127,2.1,22.20,OK
STEADY,2,956,125,2.1,22.23,OK
STEADY,3,956,125,2.1,22.26,OK
STEADY,1,956,128,2.1,22.25,OK
STEADY,4,956,126,2.1,22.24,OK
STEADY,2,957,123,2.1,22.27,OK
STEADY,1,957,125,2.1,22.28,OK
STEADY,3,957,125,2.1,22.29,OK
STEADY,4,957,126,2.1,22.27,OK
STEADY,2,958,123,2.1,22.30,OK
STEADY,1,958,127,2.1,22.31,OK
STEADY,3,958,125,2.1,22.33,OK
STEADY,4,958,126,2.1,22.32,OK
STEADY,2,959,123,2.1,22.34,OK
STEADY,1,959,126,2.1,22.35,OK
STEADY,3,959,126,2.1,22.37,OK
STEADY,4,959,125,2.1,22.36,OK
STEADY,2,960,123,2.1,22.37,OK
STEADY,1,960,127,2.1,22.38,OK
STEADY,4,960,126,2.1,22.39,OK
STEADY,3,960,126,2.1,22.40,OK
STEADY,2,961,123,2.1,22.41,OK
STEADY,1,961,127,2.1,22.42,OK
STEADY,3,961,126,2.1,22.44,OK
STEADY,4,961,126,2.1,22.43,OK
STEADY,2,962,123,2.1,22.45,OK
STEADY,1,962,126,2.1,22.46,OK
STEADY,3,962,125,2.1,22.47,OK
STEADY,4,962,126,2.1,22.46,OK
STEADY,2,963,124,2.1,22.48,OK
STEADY,1,963,126,2.1,22.50,OK
STEADY,3,963,126,2.1,22.51,OK
STEADY,4,963,126,2.1,22.49,OK
STEADY,2,964,123,2.1,22.52,OK
STEADY,1,964,126,2.1,22.54,OK
STEADY,3,964,125,2.1,22.55,OK
STEADY,4,964,126,2.1,22.53,OK
STEADY,2,965,123,2.1,22.55,OK
STEADY,1,965,126,2.1,22.57,OK
STEADY,3,965,126,2.1,22.58,OK
STEADY,4,965,126,2.1,22.56,OK
STEADY,2,966,124,2.1,22.59,OK
STEADY,3,966,125,2.1,21.82,OK
STEADY,1,966,127,2.1,21.81,OK
STEADY,4,966,126,2.1,21.80,OK
STEADY,2,967,123,2.1,21.82,OK
STEADY,4,967,126,2.1,21.83,OK
STEADY,3,967,126,2.1,21.85,OK
STEADY,1,967,127,2.1,21.84,OK
STEADY,2,968,122,2.1,21.86,OK
STEADY,1,968,126,2.1,21.88,OK
STEADY,3,968,125,2.1,21.89,OK
STEADY,4,968,126,2.1,21.87,OK
STEADY,2,969,123,2.1,21.90,OK
STEADY,1,969,127,2.1,21.91,OK
STEADY,3,969,125,2.1,21.92,OK
STEADY,4,969,126,2.1,21.91,OK
STEADY,2,970,122,2.1,21.93,OK
STEADY,1,970,126,2.1,21.94,OK
STEADY,3,970,126,2.1,21.95,OK
STEADY,4,970,127,2.1,21.96,OK
STEADY,2,971,123,2.1,21.97,OK
STEADY,1,971,127,2.1,21.99,OK
STEADY,3,971,125,2.1,22.00,OK
STEADY,4,971,126,2.1,21.98,OK
STEADY,2,972,123,2.1,22.00,OK
STEADY,1,972,127,2.1,22.02,OK
STEADY,4,972,126,2.1,22.01,OK
STEADY,3,972,126,2.1,22.03,OK
STEADY,2,973,123,2.1,22.04,OK
STEADY,1,973,127,2.1,22.05,OK
STEADY,3,973,126,2.1,22.07,OK
STEADY,4,973,127,2.1,22.06,OK
STEADY,2,974,123,2.1,22.08,OK
STEADY,1,974,126,2.1,22.09,OK
STEADY,4,974,126,2.1,22.09,OK
STEADY,3,974,126,2.1,22.10,OK
STEADY,2,975,123,2.1,22.11,OK
STEADY,1,975,126,2.1,22.12,OK
STEADY,3,975,126,2.1,22.14,OK
STEADY,4,975,126,2.1,22.13,OK
STEADY,2,976,122,2.1,22.15,OK
STEADY,1,976,126,2.1,22.16,OK
STEADY,3,976,126,2.1,22.18,OK
STEADY,4,976,126,2.1,22.17,OK
STEADY,2,977,123,2.1,22.18,OK
STEADY,1,977,126,2.1,22.20,OK
STEADY,3,977,126,2.1,22.21,OK
STEADY,4,977,126,2.1,22.19,OK
STEADY,2,978,123,2.1,22.22,OK
STEADY,1,978,126,2.1,22.24,OK
STEADY,3,978,126,2.1,22.25,OK
STEADY,4,978,126,2.1,22.23,OK
STEADY,2,979,123,2.1,22.26,OK
STEADY,1,979,126,2.1,22.27,OK
STEADY,3,979,126,2.1,22.28,OK
STEADY,4,979,127,2.1,22.28,OK
STEADY,2,980,123,2.1,22.29,OK
STEADY,1,980,126,2.1,22.31,OK
STEADY,3,980,125,2.1,22.32,OK
STEADY,4,980,126,2.1,22.30,OK
STEADY,2,981,123,2.1,22.33,OK
STEADY,1,981,126,2.1,22.34,OK
STEADY,3,981,126,2.1,22.36,OK
STEADY,4,981,125,2.1,22.35,OK
STEADY,2,982,123,2.1,22.37,OK
STEADY,1,982,126,2.1,22.38,OK
STEADY,3,982,125,2.1,22.39,OK
STEADY,4,982,126,2.1,22.37,OK
STEADY,2,983,123,2.1,22.40,OK
STEADY,1,983,126,2.1,22.41,OK
STEADY,4,983,127,2.1,22.42,OK
STEADY,3,983,127,2.1,22.43,OK
STEADY,2,984,123,2.1,22.44,OK
STEADY,1,984,127,2.25,22.45,OK
STEADY,4,984,127,2.25,22.46,OK
STEADY,3,984,127,2.25,22.46,OK
STEADY,2,985,122,2.25,22.47,OK
STEADY,1,985,127,2.25,22.49,OK
STEADY,3,985,126,2.25,22.50,OK
STEADY,4,985,126,2.25,22.48,OK
STEADY,2,986,123,2.25,22.51,OK
STEADY,1,986,126,2.25,22.53,OK
STEADY,3,986,127,2.25,22.54,OK
STEADY,4,986,127,2.25,22.52,OK
STEADY,2,987,122,2.25,22.55,OK
STEADY,1,987,126,2.25,22.56,OK
STEADY,3,987,125,2.25,22.57,OK
STEADY,4,987,126,2.25,22.55,OK
STEADY,2,988,123,2.25,22.58,OK
STEADY,3,988,125,2.25,21.80,OK
STEADY,1,988,128,2.25,21.81,OK
STEADY,4,988,126,2.25,22.59,OK
STEADY,2,989,123,2.25,21.82,OK
STEADY,1,989,127,2.25,21.83,OK
STEADY,3,989,125,2.25,21.84,OK
STEADY,4,989,126,2.25,21.82,OK
STEADY,2,990,124,2.25,21.85,OK
STEADY,3,990,125,2.25,21.87,OK
STEADY,1,990,126,2.25,21.88,OK
STEADY,4,990,125,2.25,21.86,OK
STEADY,2,991,123,2.25,21.89,OK
STEADY,3,991,126,2.25,21.91,OK
STEADY,1,991,126,2.25,21.91,OK
STEADY,4,991,125,2.25,21.90,OK
STEADY,2,992,123,2.25,21.92,OK
STEADY,1,992,127,2.25,21.95,OK
STEADY,3,992,127,2.25,21.94,OK
STEADY,4,992,127,2.25,21.93,OK
STEADY,2,993,122,2.25,21.96,OK
STEADY,4,993,126,2.25,21.97,OK
STEADY,3,993,126,2.25,21.98,OK
STEADY,1,993,127,2.25,21.99,OK
STEADY,2,994,122,2.25,22.00,OK
STEADY,3,994,126,2.25,22.01,OK
STEADY,4,994,126,2.25,22.00,OK
STEADY,1,994,127,2.25,22.02,OK
STEADY,3,995,126,2.25,22.04,OK
STEADY,2,995,126,2.25,22.06,OK
STEADY,1,995,126,2.25,22.05,OK
STEADY,4,995,125,2.25,22.03,OK
STEADY,2,996,123,2.25,22.07,OK
STEADY,3,996,126,2.25,22.09,OK
STEADY,1,996,126,2.25,22.09,OK
STEADY,4,996,126,2.25,22.08,OK
STEADY,2,997,123,2.25,22.10,OK
STEADY,3,997,126,2.25,22.12,OK
STEADY,1,997,126,2.25,22.13,OK
STEADY,4,997,126,2.25,22.11,OK
STEADY,2,998,123,2.25,22.14,OK
STEADY,4,998,126,2.25,22.15,OK
STEADY,3,998,126,2.25,22.16,OK
STEADY,1,998,127,2.25,22.17,OK
STEADY,2,999,122,2.25,22.18,OK
STEADY,3,999,125,2.25,22.19,OK
STEADY,4,999,125,2.25,22.18,OK
STEADY,1,999,126,2.25,22.20,OK
STEADY,2,1000,122,2.25,22.21,OK
STEADY,3,1000,131,2.25,22.22,OK
STEADY,1,1000,132,2.25,22.23,OK
STEADY,4,1000,133,2.25,22.24,OK
