Fase,ClienteID,Iteracion,Latencia_ms,CPU_Load,RAM_MB,Status
WARMUP,2,6,226,2.2,20.02,OK
WARMUP,3,6,230,2.2,20.08,OK
WARMUP,2,7,233,2.2,20.14,OK
WARMUP,3,7,236,2.2,20.20,OK
WARMUP,1,8,232,2.2,20.26,OK
WARMUP,2,8,212,2.2,20.34,OK
WARMUP,1,9,219,2.2,20.40,OK
WARMUP,2,9,213,2.2,19.97,OK
WARMUP,4,9,218,2.2,20.04,OK
WARMUP,1,10,127,2.2,20.10,OK
WARMUP,2,10,131,2.2,20.15,OK
WARMUP,3,10,234,2.2,20.20,OK
WARMUP,1,11,221,2.2,20.25,OK
WARMUP,1,11,393,2.2,20.31,OK
WARMUP,1,11,434,2.2,20.36,OK
WARMUP,4,10,410,2.2,20.41,OK
WARMUP,4,11,129,2.2,20.47,OK
WARMUP,4,11,400,2.2,20.52,OK
WARMUP,3,12,224,2.2,20.63,OK
WARMUP,4,12,130,2.2,20.57,OK
WARMUP,3,12,391,2.2,20.68,OK
WARMUP,1,13,127,2.2,20.73,OK
WARMUP,2,13,128,2.2,20.03,OK
WARMUP,4,12,412,2.2,20.08,OK
WARMUP,3,13,213,2.2,20.13,OK
WARMUP,4,13,136,2.2,20.18,OK
WARMUP,3,13,400,2.2,20.23,OK
WARMUP,2,14,133,2.2,20.28,OK
WARMUP,3,14,134,2.2,20.38,OK
WARMUP,1,14,404,2.2,20.33,OK
WARMUP,4,14,132,2.2,20.43,OK
WARMUP,3,14,227,2.2,20.49,OK
WARMUP,2,15,406,2.2,20.54,OK
WARMUP,1,15,141,2.2,20.60,OK
WARMUP,4,14,403,2.2,20.65,OK
WARMUP,2,15,130,2.2,20.70,OK
WARMUP,3,15,129,2.2,20.80,OK
WARMUP,1,15,311,2.2,20.75,OK
WARMUP,3,15,213,2.2,20.05,OK
WARMUP,4,15,129,2.2,20.11,OK
WARMUP,2,15,312,2.2,20.16,OK
WARMUP,1,16,208,2.2,20.21,OK
WARMUP,1,16,134,2.2,20.26,OK
WARMUP,3,15,403,2.2,20.36,OK
WARMUP,4,15,405,2.2,20.42,OK
WARMUP,2,16,414,2.2,20.31,OK
WARMUP,2,16,130,2.2,20.52,OK
WARMUP,3,16,126,2.2,20.57,OK
WARMUP,1,16,311,2.2,20.47,OK
WARMUP,2,16,306,2.2,20.62,OK
WARMUP,4,16,133,2.2,20.67,OK
WARMUP,1,17,131,2.2,20.72,OK
WARMUP,4,16,388,2.2,20.77,OK
WARMUP,2,17,138,2.2,20.82,OK
WARMUP,3,17,132,2.2,20.07,OK
WARMUP,4,17,133,2.2,20.12,OK
WARMUP,1,18,137,2.2,20.17,OK
WARMUP,2,18,127,2.2,20.23,OK
WARMUP,3,18,131,2.2,20.28,OK
WARMUP,4,18,133,2.2,20.33,OK
WARMUP,1,19,139,2.2,20.38,OK
WARMUP,2,19,127,2.2,20.43,OK
WARMUP,3,19,132,2.2,20.50,OK
WARMUP,4,19,139,2.2,20.55,OK
WARMUP,1,20,136,2.2,20.60,OK
WARMUP,2,20,131,2.2,20.66,OK
WARMUP,3,20,127,2.2,20.71,OK
WARMUP,4,20,136,2.2,20.76,OK
WARMUP,1,21,138,2.2,20.81,OK
WARMUP,3,21,126,2.2,20.11,OK
WARMUP,2,21,134,2.2,20.86,OK
WARMUP,4,21,125,2.2,20.17,OK
WARMUP,1,22,133,2.2,20.22,OK
WARMUP,2,22,141,2.2,20.27,OK
WARMUP,3,22,136,2.2,20.32,OK
WARMUP,4,22,139,2.2,20.37,OK
WARMUP,1,23,133,2.2,20.42,OK
WARMUP,2,23,133,2.2,20.47,OK
WARMUP,3,23,132,2.2,20.52,OK
WARMUP,4,23,133,2.2,20.57,OK
WARMUP,1,24,136,2.2,20.62,OK
WARMUP,2,24,137,2.2,20.78,OK
WARMUP,3,24,131,2.2,20.73,OK
WARMUP,4,24,124,2.2,20.79,OK
WARMUP,1,25,130,2.2,20.84,OK
WARMUP,2,25,133,2.2,20.89,OK
WARMUP,3,25,128,2.2,20.14,OK
WARMUP,4,25,127,2.2,20.19,OK
WARMUP,1,26,133,2.2,20.24,OK
WARMUP,2,26,129,2.2,20.29,OK
WARMUP,3,26,136,2.2,20.34,OK
WARMUP,4,26,134,2.2,20.39,OK
WARMUP,1,27,127,2.2,20.44,OK
WARMUP,3,27,128,2.2,20.54,OK
WARMUP,2,27,136,2.2,20.49,OK
WARMUP,1,28,125,2.2,20.64,OK
WARMUP,4,27,136,2.2,20.59,OK
WARMUP,2,28,129,2.2,20.69,OK
WARMUP,3,28,135,2.2,20.74,OK
WARMUP,4,28,133,2.2,20.79,OK
WARMUP,1,29,135,2.2,20.84,OK
WARMUP,2,29,133,2.2,20.90,OK
WARMUP,3,29,132,2.2,20.15,OK
WARMUP,4,29,129,2.2,20.20,OK
WARMUP,1,30,129,2.2,20.25,OK
WARMUP,2,30,128,2.2,20.30,OK
WARMUP,3,30,136,2.2,20.35,OK
WARMUP,4,30,135,2.2,20.42,OK
WARMUP,1,31,128,2.2,20.47,OK
WARMUP,2,31,130,2.2,20.52,OK
WARMUP,3,31,133,2.2,20.57,OK
WARMUP,4,31,125,2.2,20.63,OK
WARMUP,1,32,131,2.2,20.68,OK
WARMUP,2,32,128,2.2,20.73,OK
WARMUP,3,32,127,2.2,20.78,OK
WARMUP,4,32,128,2.2,20.83,OK
WARMUP,1,33,135,2.2,20.88,OK
WARMUP,2,33,132,2.2,20.95,OK
WARMUP,3,33,132,2.2,20.19,OK
WARMUP,4,33,133,2.2,20.24,OK
WARMUP,1,34,133,2.2,20.29,OK
WARMUP,2,34,128,2.2,20.34,OK
WARMUP,3,34,130,2.2,20.39,OK
WARMUP,4,34,136,2.2,20.44,OK
WARMUP,1,35,127,2.2,20.49,OK
WARMUP,2,35,135,2.2,20.55,OK
WARMUP,3,35,133,2.2,20.60,OK
WARMUP,4,35,129,2.2,20.65,OK
WARMUP,1,36,127,2.2,20.70,OK
WARMUP,2,36,128,2.2,20.75,OK
WARMUP,3,36,139,2.2,20.80,OK
WARMUP,4,36,132,2.2,20.85,OK
WARMUP,1,37,127,2.2,20.90,OK
WARMUP,2,37,131,2.2,20.95,OK
WARMUP,3,37,129,2.2,20.21,OK
WARMUP,4,37,135,2.2,20.26,OK
WARMUP,1,38,131,2.2,20.31,OK
WARMUP,2,38,127,2.2,20.36,OK
WARMUP,3,38,129,2.2,20.41,OK
WARMUP,4,38,129,2.2,20.46,OK
WARMUP,1,39,133,2.2,20.51,OK
WARMUP,2,39,130,2.2,20.56,OK
WARMUP,3,39,132,2.2,20.62,OK
WARMUP,4,39,134,2.2,20.67,OK
WARMUP,1,40,131,2.2,20.72,OK
WARMUP,2,40,126,2.2,20.77,OK
WARMUP,3,40,130,2.2,20.82,OK
WARMUP,4,40,129,2.2,20.87,OK
WARMUP,1,41,131,2.2,20.92,OK
WARMUP,2,41,136,2.2,20.97,OK
WARMUP,3,41,134,2.2,20.21,OK
WARMUP,4,41,130,2.2,20.26,OK
WARMUP,1,42,133,2.2,20.31,OK
WARMUP,2,42,128,2.2,20.37,OK
WARMUP,3,42,127,2.2,20.42,OK
WARMUP,4,42,136,2.2,20.47,OK
WARMUP,1,43,132,2.2,20.52,OK
WARMUP,2,43,129,2.2,20.57,OK
WARMUP,3,43,133,2.2,20.62,OK
WARMUP,4,43,130,2.2,20.67,OK
WARMUP,1,44,138,2.2,20.72,OK
WARMUP,2,44,129,2.2,20.77,OK
WARMUP,3,44,132,2.2,20.82,OK
WARMUP,4,44,127,2.2,20.87,OK
WARMUP,1,45,132,2.2,20.92,OK
WARMUP,2,45,130,2.2,20.97,OK
WARMUP,3,45,130,2.2,20.22,OK
WARMUP,4,45,125,2.2,20.27,OK
WARMUP,1,46,128,2.2,20.32,OK
WARMUP,3,46,128,2.2,20.37,OK
WARMUP,2,46,135,2.2,20.42,OK
WARMUP,4,46,136,2.2,20.47,OK
WARMUP,1,47,131,2.2,20.52,OK
WARMUP,2,47,127,2.2,20.57,OK
WARMUP,3,47,132,2.2,20.62,OK
WARMUP,4,47,132,2.2,20.67,OK
WARMUP,1,48,128,2.2,20.72,OK
WARMUP,3,48,134,2.2,20.77,OK
WARMUP,2,48,135,2.2,20.82,OK
WARMUP,4,48,134,2.2,20.87,OK
WARMUP,1,49,125,2.2,20.92,OK
WARMUP,2,49,133,2.2,20.97,OK
WARMUP,3,49,135,2.2,20.19,OK
WARMUP,4,49,132,2.2,20.24,OK
WARMUP,1,50,134,2.2,20.29,OK
WARMUP,2,50,135,2.2,20.34,OK
WARMUP,3,50,135,2.2,20.39,OK
WARMUP,4,50,129,2.2,20.44,OK
WARMUP,1,51,130,2.2,20.49,OK
WARMUP,2,51,127,2.2,20.54,OK
WARMUP,3,51,136,2.2,20.60,OK
WARMUP,4,51,128,2.2,20.64,OK
WARMUP,1,52,130,2.2,20.70,OK
WARMUP,2,52,131,2.2,20.75,OK
WARMUP,3,52,136,2.2,20.80,OK
WARMUP,4,52,127,2.2,20.85,OK
WARMUP,1,53,128,2.2,20.90,OK
WARMUP,2,53,129,2.2,21.00,OK
WARMUP,3,53,130,2.2,20.95,OK
WARMUP,1,54,128,2.2,20.20,OK
WARMUP,3,54,129,2.2,20.30,OK
WARMUP,2,54,134,2.2,20.25,OK
WARMUP,4,54,127,2.2,20.35,OK
WARMUP,1,55,133,2.2,20.40,OK
WARMUP,3,55,132,2.2,20.50,OK
WARMUP,4,55,208,2.2,20.55,OK
WARMUP,4,55,132,2.2,20.60,OK
WARMUP,2,55,148,2.2,20.45,OK
WARMUP,1,56,131,2.2,20.65,OK
WARMUP,2,56,135,2.2,20.70,OK
WARMUP,3,56,137,2.2,20.75,OK
WARMUP,4,56,130,2.2,20.80,OK
WARMUP,1,57,131,2.2,20.85,OK
WARMUP,3,57,128,2.2,20.95,OK
WARMUP,2,57,131,2.2,20.90,OK
WARMUP,4,57,129,2.2,20.20,OK
WARMUP,1,58,130,2.2,20.25,OK
WARMUP,2,58,127,2.2,20.30,OK
WARMUP,3,58,138,2.2,20.35,OK
WARMUP,4,58,131,2.2,20.40,OK
WARMUP,1,59,125,2.2,20.45,OK
WARMUP,2,59,129,2.2,20.50,OK
WARMUP,3,59,129,2.2,20.55,OK
WARMUP,4,59,130,2.2,20.60,OK
WARMUP,1,60,130,2.2,20.65,OK
WARMUP,2,60,131,2.2,20.70,OK
WARMUP,3,60,131,2.2,20.75,OK
WARMUP,4,60,126,2.2,20.80,OK
WARMUP,1,61,135,2.2,20.85,OK
WARMUP,3,61,128,2.2,20.90,OK
WARMUP,2,61,133,2.2,20.95,OK
WARMUP,4,61,128,2.2,20.20,OK
WARMUP,1,62,134,2.2,20.25,OK
WARMUP,2,62,124,2.2,20.30,OK
WARMUP,3,62,130,2.2,20.35,OK
WARMUP,4,62,132,2.2,20.40,OK
WARMUP,1,63,130,2.2,20.45,OK
WARMUP,2,63,136,2.2,20.51,OK
WARMUP,3,63,135,2.2,20.56,OK
WARMUP,4,63,145,2.2,20.61,OK
WARMUP,1,64,136,2.2,20.66,OK
WARMUP,2,64,132,2.2,20.71,OK
WARMUP,3,64,135,2.2,20.77,OK
WARMUP,4,64,130,2.2,21.60,OK
WARMUP,1,65,133,2.2,21.22,OK
WARMUP,3,65,127,2.2,21.01,OK
WARMUP,2,65,132,2.2,20.95,OK
WARMUP,4,65,135,2.2,20.28,OK
WARMUP,1,66,130,2.2,20.33,OK
WARMUP,3,66,124,2.2,20.44,OK
WARMUP,2,66,131,2.2,20.38,OK
WARMUP,4,66,129,2.2,20.49,OK
WARMUP,1,67,135,2.2,20.54,OK
WARMUP,3,67,134,2.2,20.60,OK
WARMUP,2,67,140,2.2,20.65,OK
WARMUP,4,67,131,2.2,20.71,OK
WARMUP,1,68,131,2.2,20.76,OK
WARMUP,2,68,127,2.18,20.81,OK
WARMUP,3,68,131,2.18,20.86,OK
WARMUP,4,68,133,2.18,20.91,OK
WARMUP,1,69,135,2.18,20.96,OK
WARMUP,2,69,130,2.18,21.06,OK
WARMUP,3,69,133,2.18,21.01,OK
WARMUP,4,69,135,2.18,20.31,OK
WARMUP,1,70,137,2.18,20.36,OK
WARMUP,2,70,132,2.18,20.41,OK
WARMUP,3,70,135,2.18,20.46,OK
WARMUP,4,70,130,2.18,20.51,OK
WARMUP,1,71,128,2.18,20.56,OK
WARMUP,3,71,132,2.18,20.66,OK
WARMUP,2,71,134,2.18,20.61,OK
WARMUP,4,71,133,2.18,20.71,OK
WARMUP,1,72,127,2.18,20.77,OK
WARMUP,2,72,133,2.18,20.82,OK
WARMUP,3,72,135,2.18,20.87,OK
WARMUP,4,72,128,2.18,20.92,OK
WARMUP,1,73,134,2.18,20.97,OK
WARMUP,2,73,134,2.18,21.07,OK
WARMUP,3,73,135,2.18,21.02,OK
WARMUP,4,73,133,2.18,20.33,OK
WARMUP,1,74,129,2.18,20.38,OK
WARMUP,2,74,128,2.18,20.43,OK
WARMUP,3,74,126,2.18,20.49,OK
WARMUP,4,74,127,2.18,20.54,OK
WARMUP,1,75,136,2.18,20.60,OK
WARMUP,2,75,127,2.18,20.65,OK
WARMUP,3,75,136,2.18,20.70,OK
WARMUP,4,75,128,2.18,20.75,OK
WARMUP,1,76,134,2.18,20.80,OK
WARMUP,2,76,131,2.18,20.85,OK
WARMUP,3,76,134,2.18,20.90,OK
WARMUP,4,76,129,2.18,20.95,OK
WARMUP,1,77,136,2.18,21.00,OK
WARMUP,2,77,126,2.18,21.05,OK
WARMUP,3,77,135,2.18,21.10,OK
WARMUP,4,77,126,2.18,20.32,OK
WARMUP,1,78,141,2.18,20.37,OK
WARMUP,2,78,132,2.18,20.42,OK
WARMUP,3,78,136,2.18,20.47,OK
WARMUP,4,78,129,2.18,20.52,OK
WARMUP,1,79,128,2.18,20.57,OK
WARMUP,2,79,135,2.18,20.62,OK
WARMUP,3,79,132,2.18,20.67,OK
WARMUP,4,79,130,2.18,20.73,OK
WARMUP,1,80,131,2.18,20.78,OK
WARMUP,2,80,131,2.18,20.83,OK
WARMUP,3,80,129,2.18,20.88,OK
WARMUP,1,81,131,2.18,20.93,OK
WARMUP,4,80,151,2.18,20.98,OK
WARMUP,2,81,128,2.18,21.03,OK
WARMUP,4,81,127,2.18,20.36,OK
WARMUP,3,81,134,2.18,21.08,OK
WARMUP,1,82,134,2.18,20.41,OK
WARMUP,3,82,130,2.18,20.51,OK
WARMUP,2,82,132,2.18,20.46,OK
WARMUP,4,82,131,2.18,20.56,OK
WARMUP,1,83,128,2.18,20.61,OK
WARMUP,3,83,130,2.18,20.66,OK
WARMUP,2,83,130,2.18,20.71,OK
WARMUP,4,83,135,2.18,20.76,OK
WARMUP,1,84,133,2.18,20.81,OK
WARMUP,2,84,134,2.18,20.91,OK
WARMUP,3,84,133,2.18,20.86,OK
WARMUP,4,84,129,2.18,20.97,OK
WARMUP,1,85,130,2.18,21.02,OK
WARMUP,2,85,126,2.18,21.07,OK
WARMUP,3,85,135,2.18,21.12,OK
WARMUP,4,85,133,2.18,20.36,OK
WARMUP,1,86,131,2.18,20.41,OK
WARMUP,2,86,133,2.18,20.46,OK
WARMUP,3,86,134,2.18,20.51,OK
WARMUP,4,86,130,2.18,20.56,OK
WARMUP,1,87,135,2.18,20.62,OK
WARMUP,3,87,129,2.18,20.67,OK
WARMUP,2,87,137,2.18,20.72,OK
WARMUP,4,87,127,2.18,20.77,OK
WARMUP,1,88,128,2.18,20.82,OK
WARMUP,2,88,133,2.18,20.87,OK
WARMUP,3,88,132,2.18,20.92,OK
WARMUP,4,88,129,2.18,20.97,OK
WARMUP,1,89,137,2.18,21.02,OK
WARMUP,3,89,133,2.18,21.07,OK
WARMUP,2,89,137,2.18,21.12,OK
WARMUP,4,89,131,2.18,20.35,OK
WARMUP,1,90,130,2.18,20.40,OK
WARMUP,2,90,127,2.18,20.45,OK
WARMUP,3,90,134,2.18,20.50,OK
WARMUP,4,90,127,2.18,20.99,OK
WARMUP,1,91,130,2.18,20.61,OK
WARMUP,2,91,131,2.18,20.66,OK
WARMUP,3,91,130,2.18,20.73,OK
WARMUP,4,91,129,2.18,20.78,OK
WARMUP,1,92,129,2.18,20.83,OK
WARMUP,3,92,128,2.18,20.90,OK
WARMUP,2,92,131,2.18,20.93,OK
WARMUP,4,92,132,2.18,20.99,OK
WARMUP,1,93,131,2.18,21.04,OK
WARMUP,2,93,130,2.18,21.09,OK
WARMUP,3,93,132,2.18,21.14,OK
WARMUP,4,93,132,2.18,20.41,OK
WARMUP,1,94,127,2.18,20.46,OK
WARMUP,2,94,136,2.18,20.51,OK
WARMUP,3,94,134,2.18,20.56,OK
WARMUP,4,94,127,2.18,20.61,OK
WARMUP,1,95,132,2.18,20.66,OK
WARMUP,2,95,131,2.18,20.71,OK
WARMUP,3,95,139,2.18,20.76,OK
WARMUP,4,95,131,2.18,20.81,OK
WARMUP,1,96,139,2.18,20.86,OK
WARMUP,3,96,128,2.18,20.91,OK
WARMUP,2,96,135,2.18,20.96,OK
WARMUP,4,96,131,2.18,21.01,OK
WARMUP,1,97,127,2.18,21.06,OK
WARMUP,2,97,132,2.18,21.11,OK
WARMUP,3,97,134,2.18,21.16,OK
WARMUP,4,97,132,2.18,20.39,OK
WARMUP,1,98,129,2.18,20.44,OK
WARMUP,2,98,133,2.18,20.49,OK
WARMUP,3,98,138,2.18,20.54,OK
WARMUP,4,98,133,2.18,20.59,OK
WARMUP,1,99,124,2.18,20.64,OK
WARMUP,2,99,134,2.18,20.69,OK
WARMUP,3,99,130,2.18,20.74,OK
WARMUP,4,99,126,2.18,20.79,OK
WARMUP,1,100,135,2.18,20.85,OK
WARMUP,2,100,128,2.18,20.90,OK
WARMUP,3,100,134,2.18,20.95,OK
WARMUP,4,100,131,2.18,21.00,OK
WARMUP,1,101,133,2.18,21.05,OK
WARMUP,2,101,132,2.18,21.10,OK
WARMUP,4,101,125,2.18,21.15,OK
WARMUP,3,101,136,2.18,21.20,OK
WARMUP,1,102,132,2.18,20.43,OK
WARMUP,2,102,130,2.18,20.48,OK
WARMUP,3,102,134,2.18,20.53,OK
WARMUP,4,102,132,2.18,20.58,OK
WARMUP,1,103,129,2.18,20.63,OK
WARMUP,4,103,128,2.18,21.21,OK
WARMUP,3,103,138,2.18,20.68,OK
STEADY,1,104,130,2.18,20.79,OK
STEADY,2,104,128,2.18,20.84,OK
STEADY,3,104,127,2.18,20.89,OK
STEADY,4,104,131,2.18,20.94,OK
STEADY,1,105,134,2.18,20.99,OK
WARMUP,2,105,206,2.18,21.04,OK
STEADY,2,105,127,2.18,21.10,OK
STEADY,4,105,125,2.18,21.20,OK
STEADY,3,105,131,2.18,21.15,OK
STEADY,1,106,134,2.18,20.45,OK
STEADY,2,106,127,2.18,20.51,OK
STEADY,3,106,130,2.18,20.56,OK
STEADY,4,106,135,2.18,20.61,OK
STEADY,1,107,136,2.18,20.66,OK
STEADY,2,107,127,2.18,20.71,OK
STEADY,3,107,129,2.18,20.76,OK
STEADY,4,107,131,2.18,20.81,OK
STEADY,1,108,132,2.18,20.86,OK
STEADY,2,108,134,2.18,20.91,OK
STEADY,3,108,130,2.18,20.96,OK
STEADY,4,108,127,2.18,21.01,OK
STEADY,1,109,135,2.18,21.06,OK
STEADY,2,109,129,2.18,21.12,OK
STEADY,3,109,133,2.18,21.17,OK
STEADY,4,109,132,2.18,21.22,OK
STEADY,1,110,134,2.18,20.44,OK
STEADY,2,110,132,2.18,20.49,OK
STEADY,3,110,128,2.18,20.54,OK
STEADY,4,110,130,2.18,20.59,OK
STEADY,1,111,129,2.18,20.65,OK
STEADY,3,111,137,2.18,20.75,OK
STEADY,2,111,143,2.18,20.70,OK
STEADY,4,111,134,2.18,20.80,OK
STEADY,1,112,134,2.18,20.85,OK
STEADY,2,112,134,2.18,20.90,OK
STEADY,3,112,134,2.18,20.95,OK
STEADY,4,112,132,2.18,21.00,OK
STEADY,1,113,134,2.18,21.05,OK
STEADY,2,113,129,2.18,21.10,OK
STEADY,3,113,126,2.18,21.15,OK
STEADY,4,113,136,2.18,21.20,OK
STEADY,1,114,136,2.18,20.48,OK
STEADY,2,114,134,2.18,20.53,OK
STEADY,3,114,135,2.18,20.58,OK
STEADY,4,114,143,2.18,20.63,OK
STEADY,1,115,127,2.18,20.68,OK
STEADY,2,115,135,2.18,20.73,OK
STEADY,3,115,132,2.18,20.78,OK
STEADY,4,115,131,2.18,20.83,OK
STEADY,1,116,125,2.18,20.88,OK
STEADY,2,116,133,2.18,20.93,OK
STEADY,3,116,129,2.18,20.98,OK
STEADY,4,116,131,2.18,21.03,OK
STEADY,1,117,133,2.18,21.08,OK
STEADY,2,117,133,2.18,21.13,OK
STEADY,3,117,136,2.18,21.18,OK
STEADY,4,117,130,2.18,21.22,OK
STEADY,1,118,136,2.18,20.45,OK
STEADY,2,118,129,2.18,20.50,OK
STEADY,3,118,130,2.18,20.55,OK
STEADY,4,118,137,2.18,20.60,OK
STEADY,1,119,134,2.18,20.65,OK
STEADY,2,119,126,2.18,20.70,OK
STEADY,3,119,131,2.18,20.75,OK
STEADY,4,119,132,2.18,20.80,OK
STEADY,1,120,128,2.18,20.85,OK
STEADY,2,120,134,2.18,20.90,OK
STEADY,3,120,137,2.18,20.96,OK
STEADY,4,120,132,2.18,21.02,OK
STEADY,1,121,139,2.18,21.08,OK
STEADY,2,121,131,2.18,21.13,OK
STEADY,4,121,128,2.18,21.23,OK
STEADY,3,121,137,2.18,21.18,OK
STEADY,1,122,130,2.18,20.50,OK
STEADY,3,122,126,2.18,20.55,OK
STEADY,2,122,130,2.18,20.60,OK
STEADY,4,122,131,2.18,20.65,OK
STEADY,1,123,130,2.18,20.70,OK
STEADY,2,123,129,2.18,20.75,OK
STEADY,3,123,127,2.18,20.80,OK
STEADY,4,123,135,2.18,20.86,OK
STEADY,1,124,131,2.18,20.91,OK
STEADY,2,124,133,2.18,20.97,OK
STEADY,3,124,133,2.18,21.02,OK
STEADY,4,124,129,2.18,21.07,OK
STEADY,1,125,132,2.18,21.12,OK
STEADY,2,125,129,2.18,21.17,OK
STEADY,3,125,129,2.18,21.22,OK
STEADY,4,125,129,2.18,21.27,OK
STEADY,1,126,126,2.18,20.50,OK
STEADY,2,126,133,2.18,20.55,OK
STEADY,3,126,130,2.18,20.61,OK
STEADY,4,126,128,2.18,20.67,OK
STEADY,1,127,131,2.18,20.72,OK
STEADY,2,127,132,2.18,20.77,OK
STEADY,3,127,132,2.18,20.82,OK
STEADY,4,127,135,2.18,20.87,OK
STEADY,1,128,138,2.18,20.92,OK
STEADY,2,128,131,2.18,20.98,OK
STEADY,4,128,132,2.18,21.82,OK
STEADY,3,128,140,2.18,21.77,OK
STEADY,1,129,138,2.18,21.67,OK
STEADY,2,129,132,2.18,21.93,OK
STEADY,3,130,170,2.18,21.98,OK
STEADY,4,130,164,2.18,22.04,OK
STEADY,3,130,131,2.18,22.09,OK
STEADY,1,132,239,2.18,21.16,OK
STEADY,4,132,222,2.18,21.38,OK
STEADY,1,133,210,2.18,21.44,OK
STEADY,2,135,329,2.18,21.49,OK
STEADY,3,135,290,2.18,21.52,OK
STEADY,2,135,293,2.18,21.57,OK
STEADY,1,135,223,2.18,21.46,OK
STEADY,1,135,263,2.18,21.74,OK
STEADY,2,135,253,2.18,21.90,OK
STEADY,4,135,287,2.18,21.68,OK
STEADY,4,135,248,2.18,21.95,OK
STEADY,3,135,135,2.18,21.63,OK
STEADY,2,135,137,2.18,21.80,OK
STEADY,3,135,257,2.18,21.85,OK
STEADY,1,138,242,2.18,21.07,OK
STEADY,3,137,312,2.18,21.01,OK
STEADY,4,137,226,2.18,20.95,OK
STEADY,1,138,206,2.18,21.12,OK
STEADY,2,137,319,2.18,21.17,OK
STEADY,3,137,279,2.18,21.34,OK
STEADY,4,137,276,2.18,21.45,OK
STEADY,4,137,195,2.18,21.66,OK
STEADY,1,138,294,2.18,21.28,OK
STEADY,3,138,203,2.18,21.55,OK
STEADY,4,137,318,2.18,21.23,OK
STEADY,2,138,285,2.18,21.39,OK
STEADY,1,138,135,2.18,21.50,OK
STEADY,2,138,208,2.18,21.60,OK
STEADY,4,140,200,2.18,21.06,OK
STEADY,2,140,248,2.18,21.17,OK
STEADY,2,140,208,2.18,21.02,OK
STEADY,1,140,259,2.18,20.96,OK
STEADY,3,140,252,2.18,21.11,OK
STEADY,4,140,165,2.18,21.45,OK
STEADY,2,140,173,2.18,21.39,OK
STEADY,1,140,183,2.18,21.28,OK
STEADY,4,140,247,2.18,21.22,OK
STEADY,4,140,127,2.18,21.65,OK
STEADY,1,140,143,2.18,21.50,OK
STEADY,3,140,134,2.18,21.60,OK
STEADY,3,140,174,2.18,21.34,OK
STEADY,2,140,136,2.18,21.55,OK
STEADY,3,140,218,2.18,21.70,OK
STEADY,2,141,128,2.18,21.00,OK
STEADY,3,141,128,2.18,21.04,OK
STEADY,1,141,138,2.18,21.75,OK
STEADY,4,141,136,2.18,21.09,OK
STEADY,1,142,126,2.18,21.14,OK
STEADY,3,142,145,2.18,21.20,OK
STEADY,4,142,140,2.18,21.30,OK
STEADY,2,142,148,2.18,21.25,OK
STEADY,1,143,130,2.18,21.35,OK
STEADY,2,143,127,2.18,21.40,OK
STEADY,4,143,125,2.18,21.50,OK
STEADY,3,143,133,2.18,21.45,OK
STEADY,1,144,132,2.18,21.55,OK
STEADY,2,144,130,2.18,21.65,OK
STEADY,3,144,129,2.18,21.60,OK
STEADY,4,144,125,2.18,21.70,OK
STEADY,1,145,130,2.18,21.75,OK
STEADY,3,145,128,2.18,21.05,OK
STEADY,2,145,131,2.18,21.00,OK
STEADY,4,145,127,2.18,21.10,OK
STEADY,1,146,133,2.18,21.15,OK
STEADY,2,146,127,2.18,21.20,OK
STEADY,3,146,132,2.18,21.25,OK
STEADY,4,146,129,2.18,21.30,OK
STEADY,1,147,131,2.18,21.35,OK
STEADY,2,147,133,2.18,21.40,OK
STEADY,3,147,132,2.18,21.45,OK
STEADY,4,147,129,2.18,21.50,OK
STEADY,1,148,130,2.18,21.55,OK
STEADY,2,148,130,2.18,21.60,OK
STEADY,3,148,133,2.18,21.65,OK
STEADY,4,148,129,2.18,21.70,OK
STEADY,1,149,133,2.18,21.75,OK
STEADY,3,149,129,2.18,20.97,OK
STEADY,4,149,124,2.18,21.08,OK
STEADY,2,149,134,2.18,21.02,OK
STEADY,1,150,133,2.18,21.13,OK
STEADY,2,150,128,2.18,21.18,OK
STEADY,3,150,128,2.18,21.23,OK
STEADY,4,150,134,2.18,21.28,OK
STEADY,1,151,131,2.18,21.33,OK
STEADY,2,151,132,2.18,21.38,OK
STEADY,3,151,133,2.18,21.43,OK
STEADY,4,151,126,2.18,21.47,OK
STEADY,1,152,138,2.18,21.52,OK
STEADY,3,152,130,2.18,21.57,OK
STEADY,2,152,132,2.18,21.62,OK
STEADY,4,152,129,2.18,21.66,OK
STEADY,1,153,127,2.18,21.71,OK
STEADY,2,153,125,2.18,21.76,OK
STEADY,3,153,131,2.18,20.99,OK
STEADY,4,153,133,2.18,21.03,OK
STEADY,3,154,128,2.18,21.08,OK
STEADY,2,154,131,2.18,21.13,OK
STEADY,1,155,131,2.18,21.18,OK
STEADY,3,155,127,2.18,21.27,OK
STEADY,2,155,129,2.18,21.22,OK
STEADY,4,155,136,2.18,21.32,OK
STEADY,1,156,203,2.18,21.37,OK
STEADY,1,156,131,2.18,21.41,OK
STEADY,2,156,128,2.18,21.46,OK
STEADY,3,156,128,2.18,21.51,OK
STEADY,4,156,206,2.18,21.55,OK
STEADY,4,156,127,2.18,21.60,OK
STEADY,1,157,132,2.18,21.65,OK
STEADY,2,157,128,2.18,21.70,OK
STEADY,4,157,128,2.18,20.99,OK
STEADY,3,157,136,2.18,21.75,OK
STEADY,1,158,131,2.18,21.04,OK
STEADY,3,158,129,2.18,21.09,OK
STEADY,2,158,138,2.18,21.13,OK
STEADY,4,158,131,2.18,21.18,OK
STEADY,1,159,129,2.18,21.23,OK
STEADY,2,159,127,2.18,21.28,OK
STEADY,4,159,127,2.18,21.37,OK
STEADY,3,159,133,2.18,21.33,OK
STEADY,1,160,131,2.18,21.42,OK
STEADY,2,160,130,2.18,21.47,OK
STEADY,3,160,130,2.18,21.51,OK
STEADY,4,160,132,2.18,21.56,OK
STEADY,3,161,127,2.18,21.66,OK
STEADY,1,161,136,2.18,21.61,OK
STEADY,2,161,132,2.18,21.70,OK
STEADY,4,161,127,2.18,21.75,OK
STEADY,1,162,128,2.18,21.03,OK
STEADY,3,162,130,2.18,21.07,OK
STEADY,2,162,131,2.18,21.12,OK
STEADY,4,162,128,2.18,21.17,OK
STEADY,1,163,128,2.18,21.22,OK
STEADY,2,163,129,2.18,21.26,OK
STEADY,4,163,126,2.18,21.36,OK
STEADY,3,163,134,2.18,21.31,OK
STEADY,2,164,131,2.18,21.41,OK
STEADY,3,164,130,2.18,21.45,OK
STEADY,4,164,126,2.18,21.50,OK
STEADY,1,165,128,2.18,21.55,OK
STEADY,2,165,128,2.18,21.60,OK
STEADY,3,165,134,2.18,21.64,OK
STEADY,4,165,132,2.18,21.69,OK
STEADY,1,166,208,2.18,21.74,OK
STEADY,1,166,133,2.18,21.79,OK
STEADY,2,166,128,2.18,21.00,OK
STEADY,3,166,128,2.18,21.05,OK
STEADY,4,166,136,2.18,21.10,OK
STEADY,1,167,135,2.18,21.14,OK
STEADY,2,167,129,2.18,21.19,OK
STEADY,3,167,132,2.18,21.24,OK
STEADY,4,167,133,2.18,21.29,OK
STEADY,1,168,133,2.18,21.33,OK
STEADY,2,168,129,2.18,21.38,OK
STEADY,4,168,126,2.18,21.48,OK
STEADY,3,168,132,2.18,21.43,OK
STEADY,1,169,133,2.18,21.52,OK
STEADY,2,169,129,2.18,21.57,OK
STEADY,3,169,129,2.18,21.62,OK
STEADY,4,169,128,2.18,21.66,OK
STEADY,1,170,136,2.18,21.71,OK
STEADY,3,170,128,2.18,21.76,OK
STEADY,2,170,132,2.18,21.00,OK
STEADY,4,170,138,2.18,21.05,OK
STEADY,1,171,134,2.18,21.10,OK
STEADY,3,171,125,2.18,21.14,OK
STEADY,4,171,130,2.18,21.24,OK
STEADY,2,171,136,2.18,21.19,OK
STEADY,1,172,133,2.18,21.28,OK
STEADY,2,172,127,2.18,21.33,OK
STEADY,3,172,129,2.18,21.38,OK
STEADY,4,172,135,2.18,21.43,OK
STEADY,1,173,133,2.18,21.47,OK
STEADY,2,173,127,2.18,21.52,OK
STEADY,3,173,133,2.18,21.57,OK
STEADY,4,173,134,2.18,21.62,OK
STEADY,1,174,130,2.18,21.66,OK
STEADY,2,174,128,2.18,21.71,OK
STEADY,4,174,128,2.18,21.76,OK
STEADY,3,174,134,2.18,21.00,OK
STEADY,1,175,129,2.18,21.05,OK
STEADY,3,175,126,2.18,21.10,OK
STEADY,2,175,129,2.18,21.14,OK
STEADY,4,175,135,2.18,21.19,OK
STEADY,1,176,135,2.18,21.24,OK
STEADY,2,176,128,2.18,21.28,OK
STEADY,4,176,127,2.18,21.38,OK
STEADY,3,176,132,2.18,21.33,OK
STEADY,1,177,132,2.18,21.43,OK
STEADY,2,177,130,2.18,21.47,OK
STEADY,3,177,133,2.18,21.52,OK
STEADY,4,177,132,2.18,21.57,OK
STEADY,1,178,129,2.18,21.62,OK
STEADY,2,178,127,2.18,21.66,OK
STEADY,4,178,127,2.18,21.71,OK
STEADY,3,178,132,2.18,21.76,OK
STEADY,1,179,134,2.18,21.00,OK
STEADY,2,179,129,2.18,21.05,OK
STEADY,4,179,130,2.18,21.10,OK
STEADY,3,179,132,2.18,21.15,OK
STEADY,1,180,132,2.18,21.20,OK
STEADY,4,180,125,2.18,21.29,OK
STEADY,2,180,132,2.18,21.34,OK
STEADY,3,180,132,2.18,21.24,OK
STEADY,1,181,128,2.18,21.39,OK
STEADY,2,181,130,2.18,21.48,OK
STEADY,3,181,131,2.18,21.45,OK
STEADY,4,181,139,2.18,21.53,OK
STEADY,1,182,139,2.18,21.58,OK
STEADY,2,182,133,2.18,21.62,OK
STEADY,4,182,132,2.18,21.67,OK
STEADY,3,182,136,2.18,21.72,OK
STEADY,1,183,131,2.18,21.76,OK
STEADY,2,183,133,2.18,21.01,OK
STEADY,3,183,133,2.18,21.05,OK
STEADY,4,183,132,2.18,21.10,OK
STEADY,1,184,131,2.18,21.15,OK
STEADY,3,184,132,2.18,21.29,OK
STEADY,4,184,132,2.18,21.24,OK
STEADY,2,184,135,2.18,21.20,OK
STEADY,1,185,131,2.18,21.34,OK
STEADY,2,185,128,2.18,21.39,OK
STEADY,3,185,130,2.18,21.43,OK
STEADY,4,185,130,2.18,21.48,OK
STEADY,1,186,137,2.18,21.53,OK
STEADY,3,186,128,2.18,21.58,OK
STEADY,2,186,130,2.18,21.62,OK
STEADY,4,186,132,2.18,21.67,OK
STEADY,1,187,128,2.18,21.72,OK
STEADY,2,187,132,2.18,21.77,OK
STEADY,3,187,132,2.18,21.01,OK
STEADY,4,187,133,2.18,21.06,OK
STEADY,1,188,127,2.18,21.10,OK
STEADY,3,188,130,2.18,21.20,OK
STEADY,2,188,133,2.18,21.15,OK
STEADY,4,188,135,2.18,21.25,OK
STEADY,1,189,136,2.18,21.29,OK
STEADY,3,189,129,2.18,21.34,OK
STEADY,2,189,135,2.18,21.39,OK
STEADY,4,189,135,2.18,21.43,OK
STEADY,1,190,129,2.18,21.48,OK
STEADY,4,190,130,2.18,21.53,OK
STEADY,2,190,135,2.18,21.57,OK
STEADY,3,190,133,2.18,21.62,OK
STEADY,1,191,133,2.18,21.67,OK
STEADY,3,191,134,2.18,21.72,OK
STEADY,2,191,135,2.18,21.77,OK
STEADY,4,191,133,2.18,21.01,OK
STEADY,1,192,131,2.18,21.06,OK
STEADY,4,192,127,2.18,21.20,OK
STEADY,2,192,129,2.18,21.11,OK
STEADY,3,192,129,2.18,21.15,OK
STEADY,1,193,127,2.17,21.25,OK
STEADY,2,193,129,2.17,21.30,OK
STEADY,4,193,133,2.17,21.34,OK
STEADY,3,193,134,2.17,21.39,OK
STEADY,1,194,130,2.17,21.44,OK
STEADY,3,194,128,2.17,21.54,OK
STEADY,2,194,131,2.17,21.49,OK
STEADY,4,194,139,2.17,21.59,OK
STEADY,1,195,135,2.17,21.63,OK
STEADY,3,195,126,2.17,21.68,OK
STEADY,2,195,129,2.17,21.78,OK
STEADY,4,195,131,2.17,21.73,OK
STEADY,1,196,133,2.17,21.02,OK
STEADY,2,196,127,2.17,21.07,OK
STEADY,4,196,132,2.17,21.16,OK
STEADY,3,196,134,2.17,21.12,OK
STEADY,1,197,135,2.17,21.21,OK
STEADY,4,197,128,2.17,21.26,OK
STEADY,2,197,133,2.17,21.31,OK
STEADY,3,197,133,2.17,21.35,OK
STEADY,4,198,129,2.17,21.45,OK
STEADY,2,198,132,2.17,21.40,OK
STEADY,3,198,133,2.17,21.50,OK
STEADY,1,198,151,2.17,21.54,OK
STEADY,1,199,134,2.17,21.59,OK
STEADY,4,199,133,2.17,21.64,OK
STEADY,3,199,135,2.17,21.73,OK
STEADY,2,199,137,2.17,21.69,OK
STEADY,1,200,129,2.17,21.78,OK
STEADY,4,200,127,2.17,21.07,OK
STEADY,2,200,134,2.17,21.12,OK
STEADY,3,200,133,2.17,21.02,OK
STEADY,1,201,132,2.17,21.17,OK
STEADY,2,201,127,2.17,21.22,OK
STEADY,3,201,132,2.17,21.27,OK
STEADY,4,201,135,2.17,21.32,OK
STEADY,1,202,130,2.17,21.36,OK
STEADY,3,202,129,2.17,21.46,OK
STEADY,4,202,129,2.17,21.51,OK
STEADY,2,202,133,2.17,21.41,OK
STEADY,1,203,136,2.17,21.55,OK
STEADY,2,203,135,2.17,21.60,OK
STEADY,3,203,134,2.17,21.65,OK
STEADY,4,203,134,2.17,21.70,OK
STEADY,1,204,130,2.17,21.74,OK
STEADY,2,204,135,2.17,21.79,OK
STEADY,4,204,130,2.17,21.11,OK
STEADY,3,204,134,2.17,21.06,OK
STEADY,1,205,137,2.17,21.15,OK
STEADY,3,205,129,2.17,21.20,OK
STEADY,2,205,132,2.17,21.25,OK
STEADY,4,205,126,2.17,21.29,OK
STEADY,1,206,137,2.17,21.34,OK
STEADY,3,206,132,2.17,21.44,OK
STEADY,2,206,134,2.17,21.39,OK
STEADY,4,206,130,2.17,21.48,OK
STEADY,1,207,128,2.17,21.53,OK
STEADY,2,207,126,2.17,21.58,OK
STEADY,3,207,135,2.17,21.63,OK
STEADY,4,207,135,2.17,21.67,OK
STEADY,1,208,129,2.17,21.72,OK
STEADY,2,208,127,2.17,21.77,OK
STEADY,3,208,128,2.17,21.81,OK
STEADY,4,208,135,2.17,21.03,OK
STEADY,1,209,133,2.17,21.08,OK
STEADY,3,209,132,2.17,21.17,OK
STEADY,2,209,134,2.17,21.13,OK
STEADY,4,209,130,2.17,21.22,OK
STEADY,1,210,135,2.17,21.27,OK
STEADY,3,210,130,2.17,21.36,OK
STEADY,4,210,125,2.17,21.41,OK
STEADY,2,210,132,2.17,21.32,OK
STEADY,1,211,131,2.17,21.46,OK
STEADY,2,211,129,2.17,21.51,OK
STEADY,4,211,127,2.17,21.55,OK
STEADY,3,211,134,2.17,21.60,OK
STEADY,1,212,131,2.17,21.65,OK
STEADY,2,212,130,2.17,21.70,OK
STEADY,4,212,127,2.17,21.79,OK
STEADY,3,212,132,2.17,21.75,OK
STEADY,1,213,139,2.17,21.04,OK
STEADY,2,213,129,2.17,21.13,OK
STEADY,3,213,129,2.17,21.08,OK
STEADY,4,213,127,2.17,21.18,OK
STEADY,1,214,126,2.17,21.23,OK
STEADY,3,214,127,2.17,21.27,OK
STEADY,4,214,128,2.17,21.37,OK
STEADY,2,214,133,2.17,21.32,OK
STEADY,1,215,130,2.17,21.41,OK
STEADY,2,215,129,2.17,21.46,OK
STEADY,3,215,134,2.17,21.51,OK
STEADY,4,215,136,2.17,21.56,OK
STEADY,1,216,128,2.17,21.60,OK
STEADY,2,216,126,2.17,21.65,OK
STEADY,3,216,127,2.17,21.70,OK
STEADY,4,216,126,2.17,21.75,OK
STEADY,1,217,129,2.17,21.79,OK
STEADY,3,217,129,2.17,21.07,OK
STEADY,4,217,127,2.17,21.16,OK
STEADY,2,217,134,2.17,21.11,OK
STEADY,1,218,130,2.17,21.21,OK
STEADY,2,218,129,2.17,21.26,OK
STEADY,4,218,126,2.17,21.30,OK
STEADY,3,218,134,2.17,21.35,OK
STEADY,1,219,136,2.17,21.40,OK
STEADY,3,219,131,2.17,21.54,OK
STEADY,2,219,135,2.17,21.45,OK
STEADY,4,219,133,2.17,21.49,OK
STEADY,1,220,129,2.17,21.59,OK
STEADY,3,220,126,2.17,21.64,OK
STEADY,2,220,135,2.17,21.68,OK
STEADY,4,220,134,2.17,21.73,OK
STEADY,1,221,132,2.17,21.78,OK
STEADY,3,221,127,2.17,21.87,OK
STEADY,2,221,130,2.17,21.82,OK
STEADY,4,221,129,2.17,21.07,OK
STEADY,1,222,133,2.17,21.12,OK
STEADY,3,222,132,2.17,21.16,OK
STEADY,4,222,130,2.17,21.21,OK
STEADY,2,222,139,2.17,21.26,OK
STEADY,1,223,140,2.17,21.31,OK
STEADY,2,223,127,2.17,21.35,OK
STEADY,3,223,132,2.17,21.40,OK
STEADY,4,223,132,2.17,21.45,OK
STEADY,1,224,131,2.17,21.49,OK
STEADY,2,224,130,2.17,21.54,OK
STEADY,4,224,132,2.17,21.64,OK
STEADY,3,224,133,2.17,21.59,OK
STEADY,1,225,132,2.17,21.69,OK
STEADY,4,225,128,2.17,21.78,OK
STEADY,3,225,128,2.17,21.74,OK
STEADY,2,225,129,2.17,21.83,OK
STEADY,1,226,131,2.17,21.04,OK
STEADY,3,226,131,2.17,21.09,OK
STEADY,2,226,134,2.17,21.19,OK
STEADY,4,226,136,2.17,21.14,OK
STEADY,1,227,127,2.17,21.23,OK
STEADY,2,227,127,2.17,21.28,OK
STEADY,3,227,127,2.17,21.33,OK
STEADY,4,227,126,2.17,21.37,OK
STEADY,1,228,128,2.17,21.42,OK
STEADY,3,228,125,2.17,21.52,OK
STEADY,2,228,128,2.17,21.47,OK
STEADY,4,228,134,2.17,21.56,OK
STEADY,1,229,127,2.17,21.61,OK
STEADY,2,229,131,2.17,21.66,OK
STEADY,3,229,135,2.17,21.70,OK
STEADY,4,229,153,2.17,21.80,OK
STEADY,1,230,131,2.17,21.75,OK
STEADY,2,230,128,2.17,21.04,OK
STEADY,4,230,130,2.17,21.09,OK
STEADY,3,230,137,2.17,21.14,OK
STEADY,1,231,127,2.17,21.19,OK
STEADY,2,231,135,2.17,21.28,OK
STEADY,3,231,134,2.17,21.33,OK
STEADY,4,231,135,2.17,21.25,OK
STEADY,1,232,133,2.17,21.38,OK
STEADY,4,232,126,2.17,21.43,OK
STEADY,2,232,133,2.17,21.47,OK
STEADY,3,232,137,2.17,21.52,OK
STEADY,1,233,135,2.17,21.57,OK
STEADY,4,233,128,2.17,21.71,OK
STEADY,2,233,133,2.17,21.66,OK
STEADY,3,233,132,2.17,21.62,OK
STEADY,1,234,130,2.17,21.76,OK
STEADY,2,234,128,2.17,21.81,OK
STEADY,3,234,132,2.17,21.04,OK
STEADY,4,234,131,2.17,21.09,OK
STEADY,1,235,137,2.17,21.14,OK
STEADY,3,235,128,2.17,21.19,OK
STEADY,4,235,128,2.17,21.28,OK
STEADY,2,235,133,2.17,21.23,OK
STEADY,1,236,131,2.17,21.33,OK
STEADY,2,236,130,2.17,21.38,OK
STEADY,3,236,128,2.17,21.42,OK
STEADY,4,236,129,2.17,21.47,OK
STEADY,1,237,128,2.17,21.52,OK
STEADY,4,237,129,2.17,21.57,OK
STEADY,2,237,137,2.17,21.66,OK
STEADY,3,237,138,2.17,21.61,OK
STEADY,1,238,134,2.17,21.71,OK
STEADY,2,238,128,2.17,21.76,OK
STEADY,3,238,131,2.17,21.81,OK
STEADY,4,238,133,2.17,21.05,OK
STEADY,1,239,137,2.17,21.09,OK
STEADY,4,239,135,2.17,21.16,OK
STEADY,3,239,137,2.17,21.24,OK
STEADY,2,239,142,2.17,21.19,OK
STEADY,1,240,133,2.17,21.29,OK
STEADY,2,240,133,2.17,21.33,OK
STEADY,4,240,130,2.17,21.38,OK
STEADY,3,240,132,2.17,21.43,OK
STEADY,1,241,138,2.17,21.48,OK
STEADY,2,241,130,2.17,21.52,OK
STEADY,3,241,131,2.17,21.57,OK
STEADY,4,241,132,2.17,21.62,OK
STEADY,1,242,127,2.17,21.67,OK
STEADY,2,242,129,2.17,21.72,OK
STEADY,4,242,126,2.17,21.76,OK
STEADY,3,242,130,2.17,21.81,OK
STEADY,1,243,132,2.17,21.08,OK
STEADY,3,243,131,2.17,21.12,OK
STEADY,2,243,134,2.17,21.17,OK
STEADY,4,243,133,2.17,21.22,OK
STEADY,1,244,132,2.17,21.26,OK
STEADY,2,244,130,2.17,21.31,OK
STEADY,3,244,134,2.17,21.36,OK
STEADY,4,244,134,2.17,21.41,OK
STEADY,1,245,131,2.17,21.46,OK
STEADY,2,245,128,2.17,21.51,OK
STEADY,4,245,129,2.17,21.56,OK
STEADY,3,245,134,2.17,21.60,OK
STEADY,1,246,133,2.17,21.65,OK
STEADY,3,246,127,2.17,21.75,OK
STEADY,4,246,127,2.17,21.79,OK
STEADY,2,246,133,2.17,21.70,OK
STEADY,1,247,132,2.17,21.84,OK
STEADY,2,247,127,2.17,21.08,OK
STEADY,3,247,125,2.17,21.12,OK
STEADY,4,247,135,2.17,21.17,OK
STEADY,1,248,132,2.17,21.22,OK
STEADY,2,248,130,2.17,21.27,OK
STEADY,3,248,129,2.17,21.31,OK
STEADY,4,248,131,2.17,21.36,OK
STEADY,1,249,134,2.17,21.41,OK
STEADY,2,249,125,2.17,21.45,OK
STEADY,3,249,127,2.17,21.50,OK
STEADY,4,249,127,2.17,21.55,OK
STEADY,1,250,131,2.17,21.60,OK
STEADY,2,250,128,2.17,21.64,OK
STEADY,3,250,126,2.17,21.69,OK
STEADY,4,250,128,2.17,21.74,OK
STEADY,1,251,129,2.17,21.79,OK
STEADY,3,251,124,2.17,21.05,OK
STEADY,2,251,132,2.17,21.83,OK
STEADY,4,251,126,2.17,21.10,OK
STEADY,1,252,129,2.17,21.14,OK
STEADY,2,252,130,2.17,21.19,OK
STEADY,3,252,126,2.17,21.24,OK
STEADY,4,252,132,2.17,21.29,OK
STEADY,1,253,135,2.17,21.33,OK
STEADY,2,253,136,2.17,21.38,OK
STEADY,4,253,131,2.17,21.47,OK
STEADY,3,253,132,2.17,21.43,OK
STEADY,1,254,129,2.17,21.52,OK
STEADY,2,254,129,2.17,21.57,OK
STEADY,3,254,126,2.17,21.62,OK
STEADY,4,254,127,2.17,21.66,OK
STEADY,1,255,133,2.17,21.71,OK
STEADY,3,255,128,2.17,21.81,OK
STEADY,2,255,136,2.17,21.76,OK
STEADY,4,255,130,2.17,21.05,OK
STEADY,1,256,130,2.17,21.10,OK
STEADY,2,256,127,2.17,21.14,OK
STEADY,3,256,136,2.17,21.19,OK
STEADY,4,256,134,2.17,21.24,OK
STEADY,1,257,126,2.17,21.29,OK
STEADY,2,257,129,2.17,21.33,OK
STEADY,4,257,128,2.17,21.38,OK
STEADY,3,257,133,2.17,21.43,OK
STEADY,1,258,132,2.17,21.48,OK
STEADY,2,258,127,2.17,21.52,OK
STEADY,3,258,132,2.17,21.57,OK
STEADY,4,258,132,2.17,21.62,OK
STEADY,1,259,126,2.17,21.66,OK
STEADY,3,259,130,2.17,21.76,OK
STEADY,2,259,135,2.17,21.71,OK
STEADY,4,259,131,2.17,21.81,OK
STEADY,1,260,136,2.17,21.05,OK
STEADY,2,260,130,2.17,21.10,OK
STEADY,3,260,130,2.17,21.14,OK
STEADY,4,260,132,2.17,21.19,OK
STEADY,1,261,131,2.17,21.24,OK
STEADY,2,261,128,2.17,21.29,OK
STEADY,4,261,126,2.17,21.33,OK
STEADY,3,261,131,2.17,21.37,OK
STEADY,1,262,128,2.17,21.42,OK
STEADY,2,262,130,2.17,21.46,OK
STEADY,4,262,126,2.17,21.51,OK
STEADY,3,262,133,2.17,21.55,OK
STEADY,1,263,134,2.17,21.60,OK
STEADY,2,263,130,2.17,21.64,OK
STEADY,3,263,129,2.17,21.69,OK
STEADY,4,263,133,2.17,21.73,OK
STEADY,1,264,127,2.17,21.77,OK
STEADY,3,264,127,2.17,21.86,OK
STEADY,2,264,135,2.17,21.82,OK
STEADY,4,264,132,2.17,21.09,OK
STEADY,1,265,131,2.17,21.13,OK
STEADY,2,265,128,2.17,21.18,OK
STEADY,3,265,126,2.17,21.22,OK
STEADY,4,265,128,2.17,21.26,OK
STEADY,1,266,128,2.17,21.31,OK
STEADY,4,266,125,2.17,21.40,OK
STEADY,3,266,126,2.17,21.44,OK
STEADY,2,266,133,2.17,21.35,OK
STEADY,1,267,130,2.17,21.48,OK
STEADY,2,267,132,2.17,21.53,OK
STEADY,3,267,128,2.17,21.57,OK
STEADY,1,268,131,2.17,21.62,OK
STEADY,2,268,130,2.17,21.66,OK
STEADY,4,268,133,2.17,21.70,OK
STEADY,3,268,136,2.17,21.75,OK
STEADY,1,269,131,2.17,21.79,OK
STEADY,2,269,128,2.17,21.83,OK
STEADY,4,269,126,2.17,21.09,OK
STEADY,3,269,129,2.17,21.13,OK
STEADY,4,269,208,2.17,21.18,OK
STEADY,1,270,133,2.17,21.22,OK
STEADY,3,270,128,2.17,21.31,OK
STEADY,2,270,136,2.17,21.26,OK
STEADY,4,270,131,2.17,21.35,OK
STEADY,1,271,140,2.17,21.40,OK
STEADY,2,271,130,2.17,21.44,OK
STEADY,3,271,132,2.17,21.53,OK
STEADY,4,271,131,2.17,21.48,OK
STEADY,1,272,129,2.17,21.57,OK
STEADY,2,272,131,2.17,21.62,OK
STEADY,3,272,133,2.17,21.66,OK
STEADY,4,272,136,2.17,21.70,OK
STEADY,1,273,129,2.17,21.75,OK
STEADY,2,273,130,2.17,21.79,OK
STEADY,4,273,126,2.17,21.88,OK
STEADY,3,273,128,2.17,21.84,OK
STEADY,1,274,132,2.17,21.09,OK
STEADY,2,274,137,2.17,21.13,OK
STEADY,3,274,130,2.17,21.18,OK
STEADY,4,274,132,2.17,21.22,OK
STEADY,1,275,133,2.17,21.27,OK
STEADY,2,275,130,2.17,21.31,OK
STEADY,4,275,126,2.17,21.35,OK
STEADY,3,275,132,2.17,21.40,OK
STEADY,1,276,128,2.17,21.44,OK
STEADY,2,276,130,2.17,21.49,OK
STEADY,4,276,128,2.17,21.53,OK
STEADY,3,276,132,2.17,21.57,OK
STEADY,1,277,133,2.17,21.62,OK
STEADY,2,277,132,2.17,21.66,OK
STEADY,4,277,130,2.17,21.75,OK
STEADY,3,277,142,2.17,21.70,OK
STEADY,1,278,130,2.17,21.79,OK
STEADY,2,278,131,2.17,21.84,OK
STEADY,3,278,130,2.17,21.06,OK
STEADY,4,278,133,2.17,21.10,OK
STEADY,1,279,126,2.17,21.15,OK
STEADY,2,279,134,2.17,21.19,OK
STEADY,3,279,134,2.17,21.24,OK
STEADY,4,279,134,2.17,21.28,OK
STEADY,1,280,131,2.17,21.32,OK
STEADY,2,280,132,2.17,21.37,OK
STEADY,3,280,132,2.17,21.41,OK
STEADY,4,280,132,2.17,21.46,OK
STEADY,1,281,135,2.17,21.50,OK
STEADY,2,281,129,2.17,21.54,OK
STEADY,4,281,126,2.17,21.59,OK
STEADY,3,281,135,2.17,21.63,OK
STEADY,1,282,131,2.17,21.67,OK
STEADY,2,282,129,2.17,21.72,OK
STEADY,3,282,127,2.17,21.76,OK
STEADY,4,282,135,2.17,21.81,OK
STEADY,1,283,131,2.17,21.85,OK
STEADY,2,283,130,2.17,21.06,OK
STEADY,3,283,129,2.17,21.15,OK
STEADY,4,283,128,2.17,21.10,OK
STEADY,1,284,133,2.17,21.19,OK
STEADY,2,284,129,2.17,21.24,OK
STEADY,4,284,127,2.17,21.28,OK
STEADY,3,284,134,2.17,21.33,OK
STEADY,1,285,133,2.17,21.37,OK
STEADY,2,285,131,2.17,21.41,OK
STEADY,3,285,130,2.17,21.50,OK
STEADY,4,285,132,2.17,21.46,OK
STEADY,1,286,132,2.17,21.55,OK
STEADY,2,286,135,2.17,21.59,OK
STEADY,4,286,128,2.17,21.63,OK
STEADY,3,286,132,2.17,21.68,OK
STEADY,1,287,128,2.17,21.72,OK
STEADY,2,287,133,2.17,21.77,OK
STEADY,3,287,130,2.17,21.81,OK
STEADY,4,287,129,2.17,21.85,OK
STEADY,1,288,128,2.17,21.09,OK
STEADY,2,288,128,2.17,21.14,OK
STEADY,3,288,127,2.17,21.18,OK
STEADY,4,288,130,2.17,21.22,OK
STEADY,1,289,128,2.17,21.27,OK
STEADY,2,289,126,2.17,21.31,OK
STEADY,4,289,131,2.17,21.40,OK
STEADY,3,289,136,2.17,21.36,OK
STEADY,1,290,136,2.17,21.44,OK
STEADY,2,290,129,2.17,21.49,OK
STEADY,3,290,126,2.17,21.53,OK
STEADY,4,290,128,2.17,21.58,OK
STEADY,1,291,133,2.17,21.62,OK
STEADY,2,291,132,2.17,21.66,OK
STEADY,3,291,129,2.17,21.71,OK
STEADY,4,291,133,2.17,21.75,OK
STEADY,1,292,133,2.17,21.80,OK
STEADY,2,292,134,2.17,21.84,OK
STEADY,3,292,128,2.17,21.09,OK
STEADY,4,292,129,2.17,21.14,OK
STEADY,1,293,131,2.17,21.18,OK
STEADY,2,293,132,2.17,21.23,OK
STEADY,3,293,135,2.17,21.27,OK
STEADY,4,293,130,2.17,21.31,OK
STEADY,1,294,132,2.17,21.36,OK
STEADY,2,294,134,2.17,21.40,OK
STEADY,3,294,127,2.17,21.45,OK
STEADY,4,294,130,2.17,21.49,OK
STEADY,1,295,130,2.17,21.53,OK
STEADY,2,295,127,2.17,21.58,OK
STEADY,3,295,128,2.17,21.62,OK
STEADY,4,295,132,2.17,21.67,OK
STEADY,1,296,129,2.17,21.71,OK
STEADY,2,296,133,2.17,21.75,OK
STEADY,4,296,128,2.17,21.84,OK
STEADY,3,296,132,2.17,21.80,OK
STEADY,1,297,130,2.17,21.06,OK
STEADY,2,297,135,2.17,21.11,OK
STEADY,3,297,133,2.17,21.20,OK
STEADY,4,297,133,2.17,21.15,OK
STEADY,1,298,128,2.17,21.24,OK
STEADY,2,298,130,2.17,21.29,OK
STEADY,3,298,129,2.17,21.33,OK
STEADY,4,298,132,2.17,21.37,OK
STEADY,1,299,128,2.17,21.42,OK
STEADY,2,299,135,2.17,21.46,OK
STEADY,4,299,127,2.17,21.55,OK
STEADY,3,299,133,2.17,21.50,OK
STEADY,1,300,135,2.17,21.59,OK
STEADY,2,300,129,2.17,21.64,OK
STEADY,3,300,130,2.17,21.68,OK
STEADY,4,300,130,2.17,21.72,OK
STEADY,1,301,137,2.17,21.77,OK
STEADY,2,301,137,2.17,21.81,OK
STEADY,4,301,130,2.17,21.07,OK
STEADY,3,301,136,2.17,21.86,OK
STEADY,1,302,130,2.17,21.11,OK
STEADY,2,302,128,2.17,21.15,OK
STEADY,4,302,129,2.17,21.20,OK
STEADY,3,302,135,2.17,21.24,OK
STEADY,1,303,128,2.17,21.29,OK
STEADY,2,303,129,2.17,21.33,OK
STEADY,3,303,132,2.17,21.37,OK
STEADY,4,303,128,2.17,21.42,OK
STEADY,1,304,137,2.17,21.46,OK
STEADY,2,304,134,2.17,21.51,OK
STEADY,4,304,128,2.17,21.59,OK
STEADY,3,304,136,2.17,21.55,OK
STEADY,1,305,130,2.17,21.64,OK
STEADY,2,305,135,2.17,21.68,OK
STEADY,3,305,131,2.17,21.73,OK
STEADY,4,305,132,2.17,21.77,OK
STEADY,1,306,127,2.17,21.81,OK
STEADY,2,306,130,2.17,21.86,OK
STEADY,3,306,128,2.17,21.07,OK
STEADY,4,306,126,2.17,21.11,OK
STEADY,1,307,135,2.17,21.15,OK
STEADY,2,307,135,2.17,21.20,OK
STEADY,3,307,133,2.17,21.24,OK
STEADY,4,307,133,2.17,21.29,OK
STEADY,1,308,132,2.17,21.33,OK
STEADY,2,308,129,2.17,21.37,OK
STEADY,3,308,133,2.17,21.42,OK
STEADY,4,308,135,2.17,21.46,OK
STEADY,1,309,137,2.17,21.50,OK
STEADY,2,309,130,2.17,21.55,OK
STEADY,3,309,128,2.17,21.59,OK
STEADY,4,309,134,2.17,21.64,OK
STEADY,1,310,126,2.17,21.68,OK
STEADY,2,310,135,2.17,21.72,OK
STEADY,3,310,129,2.17,21.77,OK
STEADY,4,310,127,2.17,21.81,OK
STEADY,1,311,131,2.17,21.86,OK
STEADY,2,311,128,2.17,21.07,OK
STEADY,3,311,129,2.17,21.11,OK
STEADY,4,311,130,2.17,21.16,OK
STEADY,1,312,132,2.17,21.20,OK
STEADY,2,312,131,2.17,21.24,OK
STEADY,4,312,127,2.17,21.33,OK
STEADY,3,312,136,2.17,21.29,OK
STEADY,1,313,129,2.17,21.37,OK
STEADY,2,313,133,2.17,21.42,OK
STEADY,3,313,128,2.17,21.46,OK
STEADY,4,313,135,2.17,21.51,OK
STEADY,1,314,130,2.17,21.55,OK
STEADY,2,314,135,2.17,21.59,OK
STEADY,4,314,125,2.17,21.68,OK
STEADY,3,314,133,2.17,21.64,OK
STEADY,1,315,136,2.17,21.73,OK
STEADY,2,315,131,2.17,21.77,OK
STEADY,3,315,130,2.17,21.81,OK
STEADY,4,315,130,2.17,21.86,OK
STEADY,1,316,133,2.17,21.07,OK
STEADY,2,316,132,2.17,21.11,OK
STEADY,3,316,129,2.17,21.16,OK
STEADY,4,316,130,2.17,21.20,OK
STEADY,1,317,134,2.17,21.24,OK
STEADY,2,317,132,2.08,21.29,OK
STEADY,4,317,130,2.08,21.38,OK
STEADY,3,317,135,2.08,21.33,OK
STEADY,1,318,132,2.08,21.42,OK
STEADY,2,318,129,2.08,21.46,OK
STEADY,3,318,131,2.08,21.51,OK
STEADY,4,318,129,2.08,21.55,OK
STEADY,1,319,131,2.08,21.60,OK
STEADY,2,319,132,2.08,21.64,OK
STEADY,3,319,129,2.08,21.68,OK
STEADY,1,320,127,2.08,21.73,OK
STEADY,4,319,152,2.08,21.81,OK
STEADY,2,320,128,2.08,21.77,OK
STEADY,3,320,130,2.08,21.86,OK
STEADY,4,320,132,2.08,21.07,OK
STEADY,1,321,132,2.08,21.11,OK
STEADY,2,321,129,2.08,21.16,OK
STEADY,3,321,127,2.08,21.20,OK
STEADY,4,321,127,2.08,21.24,OK
STEADY,1,322,131,2.08,21.29,OK
STEADY,2,322,132,2.08,21.33,OK
STEADY,3,322,130,2.08,21.38,OK
STEADY,4,322,128,2.08,21.42,OK
STEADY,2,323,128,2.08,21.51,OK
STEADY,1,323,137,2.08,21.46,OK
STEADY,3,323,127,2.08,21.55,OK
STEADY,4,323,130,2.08,21.60,OK
STEADY,1,324,129,2.08,21.66,OK
STEADY,2,324,133,2.08,21.70,OK
STEADY,3,324,132,2.08,21.75,OK
STEADY,4,324,133,2.08,21.79,OK
STEADY,1,325,135,2.08,21.84,OK
STEADY,2,325,133,2.08,21.88,OK
STEADY,3,325,131,2.08,21.09,OK
STEADY,4,325,133,2.08,21.13,OK
STEADY,1,326,133,2.08,21.18,OK
STEADY,2,326,132,2.08,21.22,OK
STEADY,3,326,126,2.08,21.27,OK
STEADY,4,326,135,2.08,21.31,OK
STEADY,1,327,132,2.08,21.35,OK
STEADY,2,327,130,2.08,21.40,OK
STEADY,3,327,129,2.08,21.44,OK
STEADY,4,327,131,2.08,21.49,OK
STEADY,1,328,132,2.08,21.53,OK
STEADY,2,328,130,2.08,21.57,OK
STEADY,3,328,128,2.08,21.63,OK
STEADY,4,328,126,2.08,21.67,OK
STEADY,1,329,129,2.08,21.71,OK
STEADY,2,329,129,2.08,21.76,OK
STEADY,4,329,128,2.08,21.84,OK
STEADY,3,329,136,2.08,21.80,OK
STEADY,1,330,133,2.08,21.89,OK
STEADY,2,330,132,2.08,21.13,OK
STEADY,3,330,128,2.08,21.17,OK
STEADY,4,330,133,2.08,21.21,OK
STEADY,1,331,126,2.08,21.26,OK
STEADY,2,331,134,2.08,21.30,OK
STEADY,3,331,134,2.08,21.35,OK
STEADY,4,331,132,2.08,21.39,OK
STEADY,1,332,127,2.08,21.43,OK
STEADY,2,332,133,2.08,21.48,OK
STEADY,3,332,135,2.08,21.52,OK
STEADY,4,332,135,2.08,21.57,OK
STEADY,1,333,130,2.08,21.61,OK
STEADY,2,333,131,2.08,21.65,OK
STEADY,3,333,129,2.08,21.70,OK
STEADY,4,333,130,2.08,21.74,OK
STEADY,2,334,128,2.08,21.83,OK
STEADY,1,334,133,2.08,21.79,OK
STEADY,3,334,133,2.08,21.87,OK
STEADY,4,334,137,2.08,21.13,OK
STEADY,1,335,128,2.08,21.17,OK
STEADY,2,335,134,2.08,21.22,OK
STEADY,3,335,131,2.08,21.26,OK
STEADY,4,335,127,2.08,21.30,OK
STEADY,1,336,133,2.08,21.35,OK
STEADY,2,336,131,2.08,21.39,OK
STEADY,3,336,134,2.08,21.44,OK
STEADY,4,336,134,2.08,21.48,OK
STEADY,1,337,133,2.08,21.52,OK
STEADY,2,337,131,2.08,21.57,OK
STEADY,3,337,131,2.08,21.61,OK
STEADY,4,337,128,2.08,21.66,OK
STEADY,2,338,134,2.08,21.70,OK
STEADY,3,338,128,2.08,21.74,OK
STEADY,4,338,129,2.08,21.79,OK
STEADY,1,339,128,2.08,21.83,OK
STEADY,2,339,127,2.08,21.87,OK
STEADY,3,339,131,2.08,21.10,OK
STEADY,4,339,128,2.08,21.14,OK
STEADY,1,340,206,2.08,21.19,OK
STEADY,1,340,134,2.08,21.23,OK
STEADY,2,340,131,2.08,21.27,OK
STEADY,4,340,129,2.08,21.36,OK
STEADY,3,340,141,2.08,21.32,OK
STEADY,1,341,126,2.08,21.41,OK
STEADY,2,341,133,2.08,21.45,OK
STEADY,4,341,132,2.08,21.54,OK
STEADY,3,341,137,2.08,21.50,OK
STEADY,2,342,130,2.08,21.63,OK
STEADY,1,342,135,2.08,21.58,OK
STEADY,3,342,133,2.08,21.67,OK
STEADY,4,342,128,2.08,21.72,OK
STEADY,1,343,129,2.08,21.76,OK
STEADY,2,343,132,2.08,21.80,OK
STEADY,3,343,132,2.08,21.85,OK
STEADY,4,343,130,2.08,21.89,OK
STEADY,1,344,132,2.08,21.10,OK
STEADY,2,344,130,2.08,21.14,OK
STEADY,3,344,127,2.08,21.19,OK
STEADY,4,344,133,2.08,21.23,OK
STEADY,1,345,130,2.08,21.28,OK
STEADY,2,345,129,2.08,21.32,OK
STEADY,3,345,132,2.08,21.39,OK
STEADY,4,345,133,2.08,21.43,OK
STEADY,1,346,126,2.08,21.47,OK
STEADY,2,346,131,2.08,21.52,OK
STEADY,3,346,130,2.08,21.56,OK
STEADY,4,346,127,2.08,21.60,OK
STEADY,1,347,130,2.08,21.64,OK
STEADY,2,347,127,2.08,21.69,OK
STEADY,3,347,127,2.08,21.73,OK
STEADY,4,347,136,2.08,21.77,OK
STEADY,1,348,131,2.08,21.81,OK
STEADY,2,348,128,2.08,21.86,OK
STEADY,3,348,135,2.08,21.90,OK
STEADY,4,348,134,2.08,21.12,OK
STEADY,1,349,129,2.08,21.17,OK
STEADY,2,349,129,2.08,21.21,OK
STEADY,3,349,126,2.08,21.25,OK
STEADY,4,349,132,2.08,21.29,OK
STEADY,1,350,130,2.08,21.34,OK
STEADY,2,350,131,2.08,21.38,OK
STEADY,3,350,127,2.08,21.42,OK
STEADY,4,350,135,2.08,21.47,OK
STEADY,1,351,133,2.08,21.51,OK
STEADY,2,351,128,2.08,21.55,OK
STEADY,3,351,127,2.08,21.59,OK
STEADY,4,351,129,2.08,21.63,OK
STEADY,1,352,136,2.08,21.68,OK
STEADY,2,352,134,2.08,21.72,OK
STEADY,3,352,129,2.08,21.76,OK
STEADY,4,352,140,2.08,21.80,OK
STEADY,1,353,128,2.08,21.85,OK
STEADY,2,353,126,2.08,21.89,OK
STEADY,3,353,129,2.08,21.16,OK
STEADY,4,353,129,2.08,21.20,OK
STEADY,1,354,131,2.08,21.24,OK
STEADY,2,354,128,2.08,21.29,OK
STEADY,3,354,133,2.08,21.33,OK
STEADY,4,354,130,2.08,21.37,OK
STEADY,1,355,133,2.08,21.41,OK
STEADY,2,355,134,2.08,21.45,OK
STEADY,3,355,128,2.08,21.50,OK
STEADY,4,355,132,2.08,21.54,OK
STEADY,1,356,131,2.08,21.58,OK
STEADY,2,356,127,2.08,21.62,OK
STEADY,3,356,130,2.08,21.67,OK
STEADY,4,356,129,2.08,21.71,OK
STEADY,1,357,128,2.08,21.75,OK
STEADY,2,357,137,2.08,21.79,OK
STEADY,3,357,133,2.08,21.84,OK
STEADY,4,357,137,2.08,21.88,OK
STEADY,1,358,130,2.08,21.92,OK
STEADY,2,358,129,2.08,21.13,OK
STEADY,3,358,127,2.08,21.17,OK
STEADY,4,358,128,2.08,21.21,OK
STEADY,1,359,130,2.08,21.25,OK
STEADY,2,359,130,2.08,21.30,OK
STEADY,3,359,129,2.08,21.34,OK
STEADY,4,359,130,2.08,21.38,OK
STEADY,1,360,132,2.08,21.42,OK
STEADY,2,360,127,2.08,21.47,OK
STEADY,3,360,125,2.08,21.51,OK
STEADY,4,360,135,2.08,21.55,OK
STEADY,1,361,134,2.08,21.59,OK
STEADY,2,361,126,2.08,21.64,OK
STEADY,3,361,128,2.08,21.68,OK
STEADY,4,361,128,2.08,21.72,OK
STEADY,1,362,132,2.08,21.77,OK
STEADY,2,362,133,2.08,21.81,OK
STEADY,3,362,135,2.08,21.85,OK
STEADY,4,362,132,2.08,21.89,OK
STEADY,1,363,135,2.08,21.13,OK
STEADY,2,363,133,2.08,21.17,OK
STEADY,4,363,127,2.08,21.26,OK
STEADY,3,363,133,2.08,21.21,OK
STEADY,1,364,132,2.08,21.30,OK
STEADY,2,364,126,2.08,21.34,OK
STEADY,3,364,127,2.08,21.38,OK
STEADY,4,364,141,2.08,21.42,OK
STEADY,2,365,127,2.08,21.51,OK
STEADY,1,365,138,2.08,21.47,OK
STEADY,3,365,127,2.08,21.55,OK
STEADY,4,365,131,2.08,21.59,OK
STEADY,1,366,129,2.08,21.64,OK
STEADY,2,366,130,2.08,21.68,OK
STEADY,3,366,131,2.08,21.72,OK
STEADY,4,366,132,2.08,21.76,OK
STEADY,2,367,129,2.08,21.85,OK
STEADY,1,367,137,2.08,21.81,OK
STEADY,3,367,128,2.08,21.89,OK
STEADY,4,367,135,2.08,21.13,OK
STEADY,1,368,126,2.08,21.17,OK
STEADY,2,368,134,2.08,21.21,OK
STEADY,3,368,131,2.08,21.26,OK
STEADY,4,368,130,2.08,21.30,OK
STEADY,1,369,126,2.08,21.34,OK
STEADY,2,369,129,2.08,21.38,OK
STEADY,3,369,130,2.08,21.43,OK
STEADY,4,369,127,2.08,21.47,OK
STEADY,1,370,127,2.08,21.52,OK
STEADY,2,370,130,2.08,21.56,OK
STEADY,3,370,130,2.08,21.61,OK
STEADY,4,370,133,2.08,21.65,OK
STEADY,2,371,128,2.08,21.73,OK
STEADY,1,371,135,2.08,21.69,OK
STEADY,4,371,126,2.08,21.82,OK
STEADY,3,371,131,2.08,21.78,OK
STEADY,1,372,131,2.08,21.86,OK
STEADY,2,372,126,2.08,21.90,OK
STEADY,3,372,133,2.08,21.13,OK
STEADY,4,372,134,2.08,21.17,OK
STEADY,1,373,128,2.08,21.21,OK
STEADY,2,373,127,2.08,21.26,OK
STEADY,3,373,129,2.08,21.30,OK
STEADY,4,373,129,2.08,21.34,OK
STEADY,1,374,132,2.08,21.38,OK
STEADY,2,374,127,2.08,21.43,OK
STEADY,3,374,130,2.08,21.47,OK
STEADY,4,374,127,2.08,21.51,OK
STEADY,1,375,130,2.08,21.55,OK
STEADY,2,375,132,2.08,21.60,OK
STEADY,3,375,127,2.08,21.64,OK
STEADY,4,375,129,2.08,21.68,OK
STEADY,1,376,131,2.08,21.72,OK
STEADY,2,376,131,2.08,21.77,OK
STEADY,3,376,127,2.08,21.81,OK
STEADY,4,376,128,2.08,21.85,OK
STEADY,1,377,134,2.08,21.89,OK
STEADY,2,377,137,2.08,21.13,OK
STEADY,3,377,128,2.08,21.17,OK
STEADY,4,377,132,2.08,21.22,OK
STEADY,1,378,127,2.08,21.26,OK
STEADY,2,378,128,2.08,21.30,OK
STEADY,3,378,125,2.08,21.34,OK
STEADY,4,378,125,2.08,21.39,OK
STEADY,1,379,135,2.08,21.43,OK
STEADY,2,379,135,2.08,21.47,OK
STEADY,3,379,131,2.08,21.51,OK
STEADY,4,379,128,2.08,21.56,OK
STEADY,1,380,132,2.08,21.60,OK
STEADY,2,380,130,2.08,21.64,OK
STEADY,3,380,129,2.08,21.68,OK
STEADY,4,380,132,2.08,21.73,OK
STEADY,1,381,132,2.08,21.77,OK
STEADY,2,381,134,2.08,21.81,OK
STEADY,3,381,130,2.08,21.85,OK
STEADY,4,381,125,2.08,21.89,OK
STEADY,1,382,127,2.08,21.13,OK
STEADY,2,382,133,2.08,21.17,OK
STEADY,3,382,129,2.08,21.22,OK
STEADY,4,382,131,2.08,21.26,OK
STEADY,1,383,132,2.08,21.30,OK
STEADY,2,383,127,2.08,21.34,OK
STEADY,3,383,131,2.08,21.39,OK
STEADY,4,383,132,2.08,21.43,OK
STEADY,1,384,128,2.08,21.47,OK
STEADY,2,384,135,2.08,21.51,OK
STEADY,3,384,129,2.08,21.56,OK
STEADY,4,384,133,2.08,21.60,OK
STEADY,1,385,133,2.08,21.64,OK
STEADY,2,385,134,2.08,21.69,OK
STEADY,3,385,130,2.08,21.73,OK
STEADY,4,385,134,2.08,21.77,OK
STEADY,1,386,133,2.08,21.81,OK
STEADY,2,386,134,2.08,21.86,OK
STEADY,3,386,126,2.08,21.90,OK
STEADY,1,387,135,2.08,21.18,OK
STEADY,2,387,128,2.08,21.22,OK
STEADY,4,387,134,2.08,21.31,OK
STEADY,3,387,140,2.08,21.26,OK
STEADY,1,388,130,2.08,21.35,OK
STEADY,2,388,125,2.08,21.39,OK
STEADY,3,388,128,2.08,21.43,OK
STEADY,4,388,137,2.08,21.48,OK
STEADY,1,389,135,2.08,21.52,OK
STEADY,2,389,137,2.08,21.56,OK
STEADY,3,389,133,2.08,21.60,OK
STEADY,1,390,126,2.08,21.65,OK
STEADY,2,390,139,2.08,21.69,OK
STEADY,3,390,129,2.08,21.73,OK
STEADY,4,390,131,2.08,21.77,OK
STEADY,1,391,131,2.08,21.82,OK
STEADY,2,391,132,2.08,21.86,OK
STEADY,3,391,125,2.08,21.90,OK
STEADY,4,391,203,2.08,21.94,OK
STEADY,4,391,126,2.08,21.17,OK
STEADY,1,392,129,2.08,21.21,OK
STEADY,2,392,131,2.08,21.25,OK
STEADY,3,392,129,2.08,21.30,OK
STEADY,4,392,126,2.08,21.34,OK
STEADY,4,392,385,2.08,21.14,OK
STEADY,1,393,131,2.08,21.38,OK
STEADY,2,393,126,2.08,21.43,OK
STEADY,3,393,132,2.08,21.47,OK
STEADY,1,394,135,2.08,21.51,OK
STEADY,2,394,130,2.08,21.55,OK
STEADY,3,394,128,2.08,21.59,OK
STEADY,4,394,129,2.08,21.64,OK
STEADY,1,395,131,2.08,21.68,OK
STEADY,2,395,129,2.08,21.72,OK
STEADY,3,395,130,2.08,21.76,OK
STEADY,4,395,128,2.08,21.81,OK
STEADY,4,395,213,2.08,21.85,OK
STEADY,1,396,130,2.08,21.89,OK
STEADY,2,396,130,2.08,21.93,OK
STEADY,3,396,128,2.08,21.14,OK
STEADY,4,396,130,2.08,21.18,OK
STEADY,1,397,131,2.08,21.23,OK
STEADY,2,397,130,2.08,21.27,OK
STEADY,3,397,133,2.08,21.31,OK
STEADY,4,397,133,2.08,21.35,OK
STEADY,1,398,126,2.08,21.39,OK
STEADY,2,398,133,2.08,21.44,OK
STEADY,3,398,128,2.08,21.48,OK
STEADY,4,398,130,2.08,21.52,OK
STEADY,1,399,136,2.08,21.56,OK
STEADY,2,399,127,2.08,21.61,OK
STEADY,3,399,129,2.08,21.65,OK
STEADY,4,399,132,2.08,21.69,OK
STEADY,1,400,125,2.08,21.73,OK
STEADY,2,400,136,2.08,21.78,OK
STEADY,3,400,133,2.08,21.82,OK
STEADY,4,400,128,2.08,21.86,OK
STEADY,1,401,135,2.08,21.90,OK
STEADY,2,401,130,2.08,21.14,OK
STEADY,3,401,135,2.08,21.18,OK
STEADY,4,401,134,2.08,21.23,OK
STEADY,1,402,129,2.08,21.27,OK
STEADY,2,402,126,2.08,21.31,OK
STEADY,3,402,128,2.08,21.35,OK
STEADY,4,402,133,2.08,21.39,OK
STEADY,1,403,128,2.08,21.44,OK
STEADY,2,403,127,2.08,21.48,OK
STEADY,3,403,135,2.08,21.52,OK
STEADY,4,403,137,2.08,21.56,OK
STEADY,1,404,127,2.08,21.61,OK
STEADY,2,404,129,2.08,21.65,OK
STEADY,1,406,129,2.08,21.69,OK
STEADY,2,406,128,2.08,21.74,OK
STEADY,3,406,126,2.08,21.79,OK
STEADY,4,406,131,2.08,21.83,OK
STEADY,1,407,130,2.08,21.87,OK
STEADY,2,407,129,2.08,21.92,OK
STEADY,4,407,164,2.08,21.18,OK
STEADY,1,408,159,2.08,21.22,OK
STEADY,2,408,147,2.08,21.27,OK
STEADY,3,408,138,2.08,21.33,OK
STEADY,3,408,315,2.08,21.37,OK
STEADY,2,408,128,2.08,21.41,OK
STEADY,4,408,313,2.08,21.45,OK
STEADY,3,409,238,2.08,21.54,OK
STEADY,1,410,419,2.08,21.49,OK
STEADY,4,409,230,2.08,21.58,OK
STEADY,2,409,414,2.08,21.62,OK
STEADY,3,409,412,2.08,21.66,OK
STEADY,1,410,234,2.08,21.71,OK
STEADY,4,409,404,2.08,21.75,OK
STEADY,2,409,220,2.08,21.79,OK
STEADY,3,409,214,2.08,21.83,OK
STEADY,4,409,285,2.08,21.88,OK
STEADY,1,410,190,2.08,21.92,OK
STEADY,2,409,159,2.08,21.20,OK
STEADY,1,410,275,2.08,21.96,OK
STEADY,3,409,334,2.08,21.29,OK
STEADY,3,409,159,2.08,21.24,OK
STEADY,1,410,149,2.08,21.33,OK
STEADY,4,410,254,2.08,21.37,OK
STEADY,1,412,127,2.08,21.45,OK
STEADY,2,411,130,2.08,21.41,OK
STEADY,4,411,130,2.08,21.50,OK
STEADY,3,412,134,2.08,21.54,OK
STEADY,4,413,130,2.08,21.76,OK
STEADY,1,414,130,2.08,21.68,OK
STEADY,4,413,324,2.08,21.59,OK
STEADY,3,413,135,2.08,21.72,OK
STEADY,2,413,137,2.08,21.64,OK
STEADY,1,415,128,2.08,21.89,OK
STEADY,3,414,133,2.08,21.85,OK
STEADY,4,414,130,2.08,21.80,OK
STEADY,2,414,135,2.08,21.94,OK
STEADY,4,415,128,2.08,21.29,OK
STEADY,3,415,131,2.08,21.25,OK
STEADY,1,416,128,2.08,21.34,OK
STEADY,2,415,131,2.08,21.21,OK
STEADY,2,416,128,2.08,21.38,OK
STEADY,4,416,127,2.08,21.43,OK
STEADY,3,416,134,2.08,21.51,OK
STEADY,1,417,133,2.08,21.47,OK
STEADY,3,417,130,2.08,21.59,OK
STEADY,2,417,132,2.08,21.55,OK
STEADY,4,417,132,2.08,21.64,OK
STEADY,1,418,131,2.08,21.68,OK
STEADY,2,418,129,2.08,21.72,OK
STEADY,4,418,129,2.08,21.81,OK
STEADY,1,419,129,2.08,21.85,OK
STEADY,3,418,135,2.08,21.76,OK
STEADY,4,419,131,2.08,21.89,OK
STEADY,1,420,129,2.08,21.25,OK
STEADY,3,419,132,2.08,21.93,OK
STEADY,2,419,134,2.08,21.21,OK
STEADY,2,420,131,2.08,21.29,OK
STEADY,4,420,129,2.08,21.33,OK
STEADY,1,421,133,2.08,21.38,OK
STEADY,3,420,138,2.08,21.42,OK
STEADY,2,421,131,2.08,21.46,OK
STEADY,3,421,138,2.08,21.55,OK
STEADY,4,421,137,2.08,21.50,OK
STEADY,1,422,138,2.08,21.59,OK
STEADY,3,422,130,2.08,21.72,OK
STEADY,4,422,128,2.08,21.67,OK
STEADY,2,422,136,2.08,21.63,OK
STEADY,1,423,132,2.08,21.76,OK
STEADY,4,423,127,2.08,21.85,OK
STEADY,3,423,132,2.08,21.81,OK
STEADY,2,423,136,2.08,21.90,OK
STEADY,1,424,133,2.08,21.94,OK
STEADY,4,424,128,2.08,22.02,OK
STEADY,3,424,131,2.08,21.98,OK
STEADY,1,425,128,2.08,21.26,OK
STEADY,2,424,135,2.08,21.22,OK
STEADY,2,425,133,2.08,21.34,OK
STEADY,3,425,133,2.08,21.30,OK
STEADY,4,425,132,2.08,21.39,OK
STEADY,1,426,138,2.08,21.43,OK
STEADY,4,426,127,2.08,21.56,OK
STEADY,2,426,133,2.08,21.51,OK
STEADY,3,426,132,2.08,21.47,OK
STEADY,1,427,130,2.08,21.60,OK
STEADY,1,428,130,2.08,21.73,OK
STEADY,4,427,136,2.08,21.77,OK
STEADY,2,427,138,2.08,21.68,OK
STEADY,3,427,138,2.08,21.64,OK
STEADY,2,428,128,2.08,21.86,OK
STEADY,4,428,128,2.08,21.82,OK
STEADY,1,429,125,2.08,21.95,OK
STEADY,3,428,133,2.08,21.90,OK
STEADY,1,430,129,2.08,21.35,OK
STEADY,3,429,134,2.08,21.26,OK
STEADY,2,429,136,2.08,21.30,OK
STEADY,2,430,128,2.08,21.44,OK
STEADY,3,430,130,2.08,21.39,OK
STEADY,4,430,133,2.08,21.48,OK
STEADY,1,431,128,2.08,21.52,OK
STEADY,4,430,197,2.08,21.22,OK
STEADY,2,431,132,2.08,21.56,OK
STEADY,4,431,131,2.08,21.65,OK
STEADY,1,432,128,2.08,21.69,OK
STEADY,3,431,134,2.08,21.61,OK
STEADY,3,432,127,2.08,21.73,OK
STEADY,2,432,133,2.08,21.77,OK
STEADY,4,432,135,2.08,21.82,OK
STEADY,1,433,130,2.08,21.86,OK
STEADY,4,433,130,2.08,21.94,OK
STEADY,2,433,134,2.08,21.90,OK
STEADY,3,433,136,2.08,21.99,OK
STEADY,1,434,132,2.08,21.22,OK
STEADY,3,434,127,2.08,21.30,OK
STEADY,4,434,127,2.08,21.26,OK
STEADY,2,434,143,2.08,21.35,OK
STEADY,1,435,137,2.08,21.39,OK
STEADY,3,435,128,2.08,21.43,OK
STEADY,4,435,131,2.08,21.52,OK
STEADY,2,435,133,2.08,21.47,OK
STEADY,1,436,130,2.08,21.56,OK
STEADY,4,436,128,2.08,21.60,OK
STEADY,2,436,130,2.08,21.64,OK
STEADY,1,437,131,2.08,21.69,OK
STEADY,3,436,143,2.08,21.73,OK
STEADY,3,437,129,2.08,21.77,OK
STEADY,4,437,129,2.08,21.81,OK
STEADY,1,438,127,2.08,21.90,OK
STEADY,2,437,141,2.08,21.85,OK
STEADY,4,438,126,2.08,21.22,OK
STEADY,2,438,130,2.08,21.94,OK
STEADY,3,438,129,2.08,21.98,OK
STEADY,1,439,127,1.99,21.26,OK
STEADY,3,439,137,1.99,21.31,OK
STEADY,2,439,139,1.99,21.35,OK
STEADY,4,439,139,1.99,21.44,OK
STEADY,1,440,135,1.99,21.39,OK
STEADY,2,440,130,1.99,21.48,OK
STEADY,4,440,128,1.99,21.57,OK
STEADY,3,440,133,1.99,21.52,OK
STEADY,1,441,132,1.99,21.61,OK
STEADY,4,441,130,1.99,21.65,OK
STEADY,2,441,134,1.99,21.73,OK
STEADY,3,441,135,1.99,21.69,OK
STEADY,1,442,132,1.99,21.78,OK
STEADY,2,442,127,1.99,21.86,OK
STEADY,3,442,128,1.99,21.82,OK
STEADY,4,442,132,1.99,21.90,OK
STEADY,1,443,129,1.99,21.95,OK
STEADY,2,443,132,1.99,21.99,OK
STEADY,3,443,133,1.99,21.19,OK
STEADY,4,443,131,1.99,21.24,OK
STEADY,1,444,128,1.99,21.28,OK
STEADY,2,444,128,1.99,21.32,OK
STEADY,3,444,131,1.99,21.36,OK
STEADY,1,445,129,1.99,21.40,OK
STEADY,4,444,135,1.99,21.45,OK
STEADY,3,445,133,1.99,21.53,OK
STEADY,2,445,134,1.99,21.49,OK
STEADY,4,445,132,1.99,21.57,OK
STEADY,1,446,136,1.99,21.62,OK
STEADY,2,446,130,1.99,21.66,OK
STEADY,3,446,129,1.99,21.70,OK
STEADY,1,447,125,1.99,21.79,OK
STEADY,4,446,137,1.99,21.74,OK
STEADY,2,447,128,1.99,21.83,OK
STEADY,4,447,126,1.99,21.87,OK
STEADY,3,447,128,1.99,21.91,OK
STEADY,1,448,130,1.99,21.95,OK
STEADY,2,448,131,1.99,21.19,OK
STEADY,3,448,131,1.99,21.24,OK
STEADY,4,448,132,1.99,21.28,OK
STEADY,1,449,133,1.99,21.32,OK
STEADY,3,449,130,1.99,21.45,OK
STEADY,4,449,131,1.99,21.41,OK
STEADY,2,449,135,1.99,21.36,OK
STEADY,1,450,130,1.99,21.49,OK
STEADY,3,450,127,1.99,21.57,OK
STEADY,2,450,135,1.99,21.53,OK
STEADY,4,450,134,1.99,21.62,OK
STEADY,1,451,135,1.99,21.66,OK
STEADY,3,451,132,1.99,21.74,OK
STEADY,4,451,132,1.99,21.79,OK
STEADY,2,451,137,1.99,21.70,OK
STEADY,1,452,134,1.99,21.83,OK
STEADY,2,452,133,1.99,21.87,OK
STEADY,3,452,133,1.99,21.91,OK
STEADY,1,453,131,1.99,21.19,OK
STEADY,4,452,133,1.99,21.95,OK
STEADY,3,453,132,1.99,21.24,OK
STEADY,2,453,135,1.99,21.28,OK
STEADY,1,454,129,1.99,21.36,OK
STEADY,4,453,132,1.99,21.32,OK
STEADY,1,455,127,1.99,21.53,OK
STEADY,3,454,132,1.99,21.45,OK
STEADY,2,454,135,1.99,21.41,OK
STEADY,4,454,131,1.99,21.49,OK
STEADY,2,455,130,1.99,21.57,OK
STEADY,3,455,140,1.99,21.62,OK
STEADY,4,455,137,1.99,21.68,OK
STEADY,1,456,139,1.99,21.70,OK
STEADY,2,456,129,1.99,21.75,OK
STEADY,4,456,128,1.99,21.79,OK
STEADY,1,457,128,1.99,21.83,OK
STEADY,3,456,136,1.99,21.87,OK
STEADY,2,457,129,1.99,21.91,OK
STEADY,3,457,130,1.99,21.96,OK
STEADY,4,457,129,1.99,22.00,OK
STEADY,1,458,131,1.99,21.20,OK
STEADY,3,458,132,1.99,21.25,OK
STEADY,4,458,130,1.99,21.33,OK
STEADY,2,458,135,1.99,21.29,OK
STEADY,1,459,132,1.99,21.37,OK
STEADY,2,459,129,1.99,21.42,OK
STEADY,3,459,132,1.99,21.46,OK
STEADY,4,459,131,1.99,21.50,OK
STEADY,1,460,133,1.99,21.54,OK
STEADY,4,460,128,1.99,21.71,OK
STEADY,1,461,129,1.99,21.67,OK
STEADY,3,460,133,1.99,21.59,OK
STEADY,2,460,136,1.99,21.63,OK
STEADY,3,461,127,1.99,21.75,OK
STEADY,2,461,132,1.99,21.79,OK
STEADY,1,462,126,1.99,21.84,OK
STEADY,4,461,136,1.99,21.88,OK
STEADY,2,462,128,1.99,21.92,OK
STEADY,3,462,133,1.99,21.97,OK
STEADY,4,462,133,1.99,21.23,OK
STEADY,1,463,133,1.99,21.27,OK
STEADY,2,463,132,1.99,21.35,OK
STEADY,1,464,127,1.99,21.40,OK
STEADY,3,463,132,1.99,21.31,OK
STEADY,4,463,132,1.99,21.44,OK
STEADY,3,464,128,1.99,21.48,OK
STEADY,1,465,127,1.99,21.57,OK
STEADY,2,464,134,1.99,21.52,OK
STEADY,4,464,131,1.99,21.61,OK
STEADY,2,465,131,1.99,21.65,OK
STEADY,1,466,126,1.99,21.69,OK
STEADY,4,465,130,1.99,21.74,OK
STEADY,3,465,134,1.99,21.78,OK
STEADY,2,466,133,1.99,21.86,OK
STEADY,4,466,131,1.99,21.90,OK
STEADY,3,466,135,1.99,21.82,OK
STEADY,1,467,134,1.99,21.95,OK
STEADY,4,467,126,1.99,21.25,OK
STEADY,3,467,130,1.99,21.99,OK
STEADY,2,467,131,1.99,21.20,OK
STEADY,1,468,129,1.99,21.29,OK
STEADY,4,468,129,1.99,21.37,OK
STEADY,2,468,134,1.99,21.35,OK
STEADY,3,468,133,1.99,21.41,OK
STEADY,1,469,133,1.99,21.46,OK
STEADY,2,469,129,1.99,21.55,OK
STEADY,3,469,129,1.99,21.51,OK
STEADY,4,469,131,1.99,21.59,OK
STEADY,1,470,130,1.99,21.63,OK
STEADY,2,470,133,1.99,21.72,OK
STEADY,3,470,136,1.99,21.67,OK
STEADY,4,470,130,1.99,21.76,OK
STEADY,1,471,134,1.99,21.80,OK
STEADY,3,471,135,1.99,21.85,OK
STEADY,1,472,131,1.99,21.97,OK
STEADY,4,471,134,1.99,21.93,OK
STEADY,2,471,141,1.99,21.89,OK
STEADY,2,472,130,1.99,21.24,OK
STEADY,1,473,130,1.99,21.36,OK
STEADY,3,472,137,1.99,21.28,OK
STEADY,4,472,133,1.99,21.32,OK
STEADY,2,473,136,1.99,21.45,OK
STEADY,3,473,137,1.99,21.41,OK
STEADY,4,473,133,1.99,21.49,OK
STEADY,1,474,138,1.99,21.53,OK
STEADY,2,474,132,1.99,21.62,OK
STEADY,3,474,131,1.99,21.58,OK
STEADY,1,475,127,1.99,21.66,OK
STEADY,4,474,139,1.99,21.70,OK
STEADY,3,475,131,1.99,21.75,OK
STEADY,1,476,126,1.99,21.83,OK
STEADY,4,475,129,1.99,21.87,OK
STEADY,2,475,134,1.99,21.79,OK
STEADY,2,476,131,1.99,21.91,OK
STEADY,3,476,130,1.99,21.96,OK
STEADY,1,477,130,1.99,21.21,OK
STEADY,4,476,133,1.99,22.00,OK
STEADY,2,477,130,1.99,21.25,OK
STEADY,4,477,128,1.99,21.34,OK
STEADY,3,477,134,1.99,21.29,OK
STEADY,1,478,134,1.99,21.38,OK
STEADY,2,478,131,1.99,21.42,OK
STEADY,3,478,130,1.99,21.46,OK
STEADY,4,478,131,1.99,21.51,OK
STEADY,1,479,132,1.99,21.55,OK
STEADY,2,479,131,1.99,21.59,OK
STEADY,4,479,126,1.99,21.68,OK
STEADY,3,479,132,1.99,21.63,OK
STEADY,1,480,127,1.99,21.72,OK
STEADY,2,480,135,1.99,21.76,OK
STEADY,3,480,135,1.99,21.80,OK
STEADY,4,480,131,1.99,21.84,OK
STEADY,1,481,131,1.99,21.89,OK
STEADY,3,481,129,1.99,21.93,OK
STEADY,4,481,126,1.99,21.21,OK
STEADY,2,481,134,1.99,21.97,OK
STEADY,1,482,128,1.99,21.25,OK
STEADY,2,482,132,1.99,21.29,OK
STEADY,3,482,135,1.99,21.34,OK
STEADY,4,482,132,1.99,21.38,OK
STEADY,1,483,130,1.99,21.42,OK
STEADY,2,483,128,1.99,21.46,OK
STEADY,3,483,127,1.99,21.51,OK
STEADY,4,483,125,1.99,21.55,OK
STEADY,1,484,135,1.99,21.59,OK
STEADY,2,484,134,1.99,21.63,OK
STEADY,3,484,134,1.99,21.68,OK
STEADY,1,485,131,1.99,21.72,OK
STEADY,4,484,134,1.99,21.76,OK
STEADY,2,485,129,1.99,21.80,OK
STEADY,3,485,130,1.99,21.85,OK
STEADY,4,485,131,1.99,21.89,OK
STEADY,1,486,129,1.99,21.93,OK
STEADY,3,486,127,1.99,21.97,OK
STEADY,2,486,136,1.99,21.21,OK
STEADY,4,486,134,1.99,21.25,OK
STEADY,1,487,134,1.99,21.29,OK
STEADY,3,487,129,1.99,21.38,OK
STEADY,2,487,132,1.99,21.34,OK
STEADY,4,487,127,1.99,21.42,OK
STEADY,1,488,130,1.99,21.46,OK
STEADY,2,488,127,1.99,21.51,OK
STEADY,3,488,125,1.99,21.55,OK
STEADY,4,488,128,1.99,21.59,OK
STEADY,1,489,129,1.99,21.63,OK
STEADY,2,489,131,1.99,21.67,OK
STEADY,4,489,128,1.99,21.76,OK
STEADY,3,489,133,1.99,21.72,OK
STEADY,1,490,132,1.99,21.80,OK
STEADY,2,490,132,1.99,21.84,OK
STEADY,3,490,131,1.99,21.89,OK
STEADY,1,491,129,1.99,21.93,OK
STEADY,4,490,131,1.99,21.97,OK
STEADY,3,491,126,1.99,21.22,OK
STEADY,4,491,126,1.99,21.26,OK
STEADY,1,492,127,1.99,21.34,OK
STEADY,2,491,138,1.99,21.30,OK
STEADY,3,492,134,1.99,21.39,OK
STEADY,2,492,137,1.99,21.43,OK
STEADY,4,492,128,1.99,21.47,OK
STEADY,1,493,131,1.99,21.51,OK
STEADY,2,493,127,1.99,21.55,OK
STEADY,3,493,132,1.99,21.60,OK
STEADY,1,494,130,1.99,21.64,OK
STEADY,4,493,133,1.99,21.68,OK
STEADY,2,494,132,1.99,21.72,OK
STEADY,4,494,126,1.99,21.81,OK
STEADY,3,494,132,1.99,21.76,OK
STEADY,1,495,137,1.99,21.85,OK
STEADY,2,495,132,1.99,21.89,OK
STEADY,3,495,132,1.99,21.93,OK
STEADY,4,495,132,1.99,21.98,OK
STEADY,1,496,136,1.99,21.21,OK
STEADY,2,496,134,1.99,21.25,OK
STEADY,4,496,126,1.99,21.34,OK
STEADY,3,496,133,1.99,21.30,OK
STEADY,1,497,131,1.99,21.38,OK
STEADY,2,497,129,1.99,21.42,OK
STEADY,3,497,134,1.99,21.47,OK
STEADY,1,498,133,1.99,21.51,OK
STEADY,4,497,136,1.99,21.55,OK
STEADY,2,498,132,1.99,21.59,OK
STEADY,3,498,131,1.99,21.64,OK
STEADY,4,498,128,1.99,21.68,OK
STEADY,1,499,136,1.99,21.72,OK
STEADY,2,499,130,1.99,21.76,OK
STEADY,3,499,128,1.99,21.80,OK
STEADY,4,499,132,1.99,21.85,OK
STEADY,1,500,130,1.99,21.89,OK
STEADY,2,500,130,1.99,21.93,OK
STEADY,1,501,128,1.99,21.28,OK
STEADY,4,500,132,1.99,21.24,OK
STEADY,3,500,152,1.99,21.97,OK
STEADY,2,501,130,1.99,21.33,OK
STEADY,3,501,129,1.99,21.37,OK
STEADY,1,502,128,1.99,21.45,OK
STEADY,4,501,131,1.99,21.41,OK
STEADY,2,502,133,1.99,21.50,OK
STEADY,3,502,129,1.99,21.54,OK
STEADY,4,502,136,1.99,21.58,OK
STEADY,1,503,150,1.99,21.62,OK
STEADY,2,503,129,1.99,21.66,OK
STEADY,3,503,133,1.99,21.71,OK
STEADY,4,503,133,1.99,21.75,OK
STEADY,1,504,136,1.99,21.79,OK
STEADY,2,504,130,1.99,21.83,OK
STEADY,3,504,128,1.99,21.88,OK
STEADY,4,504,128,1.99,21.92,OK
STEADY,1,505,127,1.99,21.96,OK
STEADY,2,505,136,1.99,22.00,OK
STEADY,3,505,134,1.99,21.21,OK
STEADY,1,506,129,1.99,21.30,OK
STEADY,4,505,131,1.99,21.26,OK
STEADY,2,506,131,1.99,21.34,OK
STEADY,1,507,125,1.99,21.42,OK
STEADY,4,506,127,1.99,21.47,OK
STEADY,3,506,134,1.99,21.38,OK
STEADY,3,507,128,1.99,21.55,OK
STEADY,4,507,131,1.99,21.59,OK
STEADY,2,507,139,1.99,21.51,OK
STEADY,1,508,135,1.99,21.64,OK
STEADY,2,508,132,1.99,21.68,OK
STEADY,4,508,128,1.99,21.76,OK
STEADY,3,508,134,1.99,21.72,OK
STEADY,1,509,133,1.99,21.81,OK
STEADY,2,509,129,1.99,21.85,OK
STEADY,4,509,126,1.99,21.89,OK
STEADY,3,509,134,1.99,21.93,OK
STEADY,1,510,129,1.99,21.98,OK
STEADY,3,510,128,1.99,21.29,OK
STEADY,2,510,136,1.99,21.24,OK
STEADY,1,511,131,1.99,21.37,OK
STEADY,4,510,134,1.99,21.33,OK
STEADY,4,511,128,1.99,21.50,OK
STEADY,2,511,135,1.99,21.42,OK
STEADY,3,511,136,1.99,21.46,OK
STEADY,1,512,133,1.99,21.54,OK
STEADY,2,512,130,1.99,21.63,OK
STEADY,3,512,129,1.99,21.59,OK
STEADY,1,513,127,1.99,21.71,OK
STEADY,4,512,129,1.99,21.67,OK
STEADY,3,513,130,1.99,21.80,OK
STEADY,1,514,125,1.99,21.88,OK
STEADY,2,513,136,1.99,21.76,OK
STEADY,4,513,130,1.99,21.84,OK
STEADY,3,514,126,1.99,21.97,OK
STEADY,2,514,129,1.99,21.92,OK
STEADY,4,514,134,1.99,22.01,OK
STEADY,1,515,132,1.99,22.05,OK
STEADY,2,515,128,1.99,21.22,OK
STEADY,4,515,131,1.99,21.30,OK
STEADY,3,515,136,1.99,21.26,OK
STEADY,1,516,130,1.99,21.35,OK
STEADY,2,516,131,1.99,21.39,OK
STEADY,4,516,130,1.99,21.47,OK
STEADY,1,517,127,1.99,21.52,OK
STEADY,3,516,136,1.99,21.43,OK
STEADY,2,517,132,1.99,21.56,OK
STEADY,4,517,126,1.99,21.64,OK
STEADY,3,517,135,1.99,21.60,OK
STEADY,1,518,130,1.99,21.68,OK
STEADY,2,518,129,1.99,21.73,OK
STEADY,3,518,129,1.99,21.77,OK
STEADY,1,519,128,1.99,21.85,OK
STEADY,4,518,132,1.99,21.81,OK
STEADY,2,519,134,1.99,21.94,OK
STEADY,3,519,137,1.99,21.90,OK
STEADY,1,520,130,1.99,21.22,OK
STEADY,4,519,136,1.99,21.98,OK
STEADY,2,520,129,1.99,21.26,OK
STEADY,3,520,128,1.99,21.30,OK
STEADY,1,521,128,1.99,21.39,OK
STEADY,4,520,134,1.99,21.34,OK
STEADY,2,521,128,1.99,21.43,OK
STEADY,3,521,136,1.99,21.47,OK
STEADY,4,521,132,1.99,21.51,OK
STEADY,1,522,129,1.99,21.56,OK
STEADY,2,522,127,1.99,21.60,OK
STEADY,3,522,133,1.99,21.64,OK
STEADY,4,522,132,1.99,21.68,OK
STEADY,1,523,134,1.99,21.73,OK
STEADY,2,523,135,1.99,21.77,OK
STEADY,3,523,136,1.99,21.81,OK
STEADY,4,523,134,1.99,21.85,OK
STEADY,1,524,132,1.99,21.89,OK
STEADY,2,524,129,1.99,21.94,OK
STEADY,3,524,130,1.99,21.98,OK
STEADY,4,524,131,1.99,21.22,OK
STEADY,1,525,129,1.99,21.26,OK
STEADY,3,525,131,1.99,21.35,OK
STEADY,2,525,133,1.99,21.30,OK
STEADY,4,525,131,1.99,21.39,OK
STEADY,1,526,136,1.99,21.43,OK
STEADY,2,526,127,1.99,21.47,OK
STEADY,3,526,133,1.99,21.51,OK
STEADY,4,526,130,1.99,21.56,OK
STEADY,1,527,138,1.99,21.60,OK
STEADY,2,527,145,1.99,21.64,OK
STEADY,3,527,146,1.99,21.68,OK
STEADY,1,528,137,1.99,21.73,OK
STEADY,4,527,142,1.99,21.77,OK
STEADY,3,528,161,1.99,21.81,OK
STEADY,2,528,165,1.99,21.85,OK
STEADY,4,528,160,1.99,21.90,OK
STEADY,1,529,157,1.99,21.94,OK
STEADY,3,528,128,1.99,21.98,OK
STEADY,2,528,139,1.99,21.22,OK
STEADY,1,529,131,1.99,21.30,OK
STEADY,4,528,135,1.99,21.26,OK
STEADY,1,530,146,1.99,21.35,OK
STEADY,2,530,148,1.99,21.39,OK
STEADY,3,530,147,1.99,21.43,OK
STEADY,4,529,148,1.99,21.49,OK
STEADY,2,531,139,1.99,21.53,OK
STEADY,3,531,142,1.99,21.58,OK
STEADY,4,530,142,1.99,21.66,OK
STEADY,1,531,141,1.99,21.62,OK
STEADY,2,532,137,1.99,21.70,OK
STEADY,3,532,146,1.99,21.75,OK
STEADY,1,533,128,1.99,21.79,OK
STEADY,4,532,138,1.99,21.83,OK
STEADY,2,533,131,1.99,21.87,OK
STEADY,3,533,134,1.99,21.91,OK
STEADY,4,533,129,1.99,21.96,OK
STEADY,1,534,134,1.99,22.00,OK
STEADY,2,534,128,1.99,21.26,OK
STEADY,3,534,138,1.99,21.31,OK
STEADY,1,535,132,1.99,21.39,OK
STEADY,4,534,134,1.99,21.35,OK
STEADY,2,535,132,1.99,21.43,OK
STEADY,3,535,134,1.99,21.48,OK
STEADY,1,536,128,1.99,21.56,OK
STEADY,4,535,131,1.99,21.52,OK
STEADY,2,536,136,1.99,21.60,OK
STEADY,3,536,136,1.99,21.64,OK
STEADY,4,536,129,1.99,21.69,OK
STEADY,1,537,132,1.99,21.73,OK
STEADY,3,537,127,1.99,21.82,OK
STEADY,2,537,128,1.99,21.78,OK
STEADY,4,537,130,1.99,21.86,OK
STEADY,1,538,127,1.99,21.90,OK
STEADY,2,538,129,1.99,21.94,OK
STEADY,3,538,128,1.99,21.99,OK
STEADY,4,538,135,1.99,22.04,OK
STEADY,1,539,131,1.99,21.24,OK
STEADY,2,539,136,1.99,21.29,OK
STEADY,3,539,134,1.99,21.33,OK
STEADY,4,539,131,1.99,21.37,OK
STEADY,1,540,129,1.99,21.41,OK
STEADY,3,540,130,1.99,21.46,OK
STEADY,2,540,133,1.99,21.50,OK
STEADY,4,540,129,1.99,21.54,OK
STEADY,1,541,135,1.99,21.58,OK
STEADY,2,541,127,1.99,21.63,OK
STEADY,3,541,131,1.99,21.67,OK
STEADY,4,541,136,1.99,21.72,OK
STEADY,1,542,135,1.99,21.76,OK
STEADY,2,542,130,1.99,21.80,OK
STEADY,3,542,130,1.99,21.84,OK
STEADY,4,542,126,1.99,21.88,OK
STEADY,1,543,126,1.99,21.93,OK
STEADY,3,543,126,1.99,21.97,OK
STEADY,2,543,134,1.99,22.01,OK
STEADY,4,543,130,1.99,21.25,OK
STEADY,1,544,135,1.99,21.29,OK
STEADY,2,544,127,1.99,21.34,OK
STEADY,3,544,128,1.99,21.38,OK
STEADY,1,545,126,1.99,21.42,OK
STEADY,4,544,140,1.99,21.46,OK
STEADY,3,545,128,1.99,21.50,OK
STEADY,2,545,134,1.99,21.55,OK
STEADY,4,545,137,1.99,21.59,OK
STEADY,1,546,132,1.99,21.63,OK
STEADY,3,546,131,1.99,21.71,OK
STEADY,2,546,132,1.99,21.67,OK
STEADY,1,547,129,1.99,21.80,OK
STEADY,4,546,136,1.99,21.76,OK
STEADY,2,547,130,1.99,21.84,OK
STEADY,3,547,131,1.99,21.88,OK
STEADY,4,547,129,1.99,21.92,OK
STEADY,1,548,127,1.99,21.97,OK
STEADY,3,548,132,1.99,22.01,OK
STEADY,2,548,134,1.99,22.05,OK
STEADY,4,548,136,1.99,21.29,OK
STEADY,1,549,132,1.99,21.25,OK
STEADY,2,549,130,1.99,21.34,OK
STEADY,3,549,132,1.99,21.38,OK
STEADY,4,549,132,1.99,21.42,OK
STEADY,1,550,128,1.99,21.46,OK
STEADY,3,550,129,1.99,21.55,OK
STEADY,2,550,134,1.99,21.51,OK
STEADY,4,550,130,1.99,21.59,OK
STEADY,1,551,133,1.99,21.63,OK
STEADY,3,551,130,1.99,21.67,OK
STEADY,2,551,136,1.99,21.72,OK
STEADY,4,551,135,1.99,21.76,OK
STEADY,1,552,130,1.99,21.80,OK
STEADY,2,552,128,1.99,21.84,OK
STEADY,3,552,130,1.99,21.88,OK
STEADY,4,552,134,1.99,21.93,OK
STEADY,1,553,134,1.99,21.97,OK
STEADY,2,553,127,1.99,22.01,OK
STEADY,3,553,134,1.99,21.25,OK
STEADY,4,553,137,1.99,21.30,OK
STEADY,1,554,136,1.99,21.34,OK
STEADY,2,554,127,1.99,21.38,OK
STEADY,3,554,134,1.99,21.42,OK
STEADY,4,554,129,1.99,21.46,OK
STEADY,1,555,128,1.99,21.51,OK
STEADY,2,555,132,1.99,21.59,OK
STEADY,3,555,134,1.99,21.55,OK
STEADY,4,555,128,1.99,21.63,OK
STEADY,1,556,127,1.99,21.67,OK
STEADY,2,556,129,1.99,21.72,OK
STEADY,3,556,133,1.99,21.76,OK
STEADY,4,556,126,1.99,21.80,OK
STEADY,1,557,127,1.99,21.84,OK
STEADY,2,557,131,1.99,21.88,OK
STEADY,3,557,132,1.99,21.93,OK
STEADY,4,557,133,1.99,21.97,OK
STEADY,1,558,133,1.99,22.01,OK
STEADY,3,558,128,1.99,22.05,OK
STEADY,2,558,129,1.99,21.26,OK
STEADY,1,559,128,1.99,21.34,OK
STEADY,4,558,134,1.99,21.30,OK
STEADY,2,559,129,1.99,21.38,OK
STEADY,3,559,135,1.99,21.42,OK
STEADY,4,559,137,1.99,21.47,OK
STEADY,1,560,132,1.99,21.51,OK
STEADY,2,560,126,1.99,21.55,OK
STEADY,3,560,125,1.99,21.59,OK
STEADY,4,560,129,1.99,21.63,OK
STEADY,1,561,131,1.99,21.67,OK
STEADY,2,561,135,1.99,21.72,OK
STEADY,3,561,135,1.99,21.76,OK
STEADY,4,561,128,1.99,21.80,OK
STEADY,2,562,132,2.31,21.84,OK
STEADY,3,562,133,2.31,21.88,OK
STEADY,4,562,130,2.31,21.93,OK
STEADY,1,563,130,2.31,21.97,OK
STEADY,3,563,133,2.31,22.01,OK
STEADY,2,563,134,2.31,22.05,OK
STEADY,4,563,125,2.31,21.30,OK
STEADY,1,564,203,2.31,21.26,OK
STEADY,1,564,131,2.31,21.34,OK
STEADY,3,564,128,2.31,21.38,OK
STEADY,2,564,137,2.31,21.42,OK
STEADY,1,565,128,2.31,21.51,OK
STEADY,4,564,133,2.31,21.47,OK
STEADY,2,565,128,2.31,21.55,OK
STEADY,3,565,129,2.31,21.59,OK
STEADY,4,565,128,2.31,21.63,OK
STEADY,1,566,130,2.31,21.68,OK
STEADY,2,566,128,2.31,21.72,OK
STEADY,3,566,136,2.31,21.76,OK
STEADY,4,566,129,2.31,21.80,OK
STEADY,1,567,137,2.31,21.84,OK
STEADY,2,567,129,2.31,21.89,OK
STEADY,3,567,126,2.31,21.93,OK
STEADY,1,568,128,2.31,22.01,OK
STEADY,4,567,132,2.31,21.97,OK
STEADY,3,568,134,2.31,21.29,OK
STEADY,2,568,137,2.31,21.33,OK
STEADY,4,568,129,2.31,21.37,OK
STEADY,1,569,129,2.31,21.41,OK
STEADY,3,569,127,2.31,21.50,OK
STEADY,2,569,130,2.31,21.45,OK
STEADY,1,570,126,2.31,21.54,OK
STEADY,4,569,132,2.31,21.58,OK
STEADY,2,570,129,2.31,21.62,OK
STEADY,3,570,136,2.31,21.66,OK
STEADY,4,570,126,2.31,21.71,OK
STEADY,1,571,133,2.31,21.75,OK
STEADY,3,571,128,2.31,21.83,OK
STEADY,2,571,134,2.31,21.79,OK
STEADY,4,571,132,2.31,21.87,OK
STEADY,1,572,133,2.31,21.92,OK
STEADY,3,572,130,2.31,21.96,OK
STEADY,2,572,132,2.31,22.00,OK
STEADY,1,573,127,2.31,21.29,OK
STEADY,4,572,132,2.31,22.04,OK
STEADY,2,573,129,2.31,21.37,OK
STEADY,3,573,131,2.31,21.33,OK
STEADY,4,573,136,2.31,21.41,OK
STEADY,1,574,135,2.31,21.45,OK
STEADY,2,574,128,2.31,21.49,OK
STEADY,3,574,129,2.31,21.54,OK
STEADY,4,574,132,2.31,21.58,OK
STEADY,1,575,130,2.31,21.62,OK
STEADY,2,575,129,2.31,21.66,OK
STEADY,3,575,129,2.31,21.70,OK
STEADY,1,576,129,2.31,21.79,OK
STEADY,4,575,134,2.31,21.75,OK
STEADY,3,576,127,2.31,21.83,OK
STEADY,2,576,131,2.31,21.87,OK
STEADY,4,576,129,2.31,21.91,OK
STEADY,1,577,131,2.31,21.96,OK
STEADY,2,577,128,2.31,22.00,OK
STEADY,3,577,143,2.31,22.04,OK
STEADY,1,578,125,2.31,21.33,OK
STEADY,4,577,131,2.31,21.29,OK
STEADY,2,578,128,2.31,21.37,OK
STEADY,3,578,134,2.31,21.41,OK
STEADY,1,579,128,2.31,21.45,OK
STEADY,4,578,135,2.31,21.50,OK
STEADY,2,579,127,2.31,21.54,OK
STEADY,3,579,130,2.31,21.58,OK
STEADY,1,580,127,2.31,21.66,OK
STEADY,4,579,134,2.31,21.62,OK
STEADY,2,580,130,2.31,21.71,OK
STEADY,3,580,134,2.31,21.75,OK
STEADY,4,580,133,2.31,21.79,OK
STEADY,1,581,130,2.31,21.83,OK
STEADY,2,581,129,2.31,21.87,OK
STEADY,3,581,130,2.31,21.92,OK
STEADY,4,581,130,2.31,21.96,OK
STEADY,1,582,132,2.31,22.00,OK
STEADY,3,582,129,2.31,22.04,OK
STEADY,2,582,130,2.31,21.26,OK
STEADY,1,583,134,2.31,21.32,OK
STEADY,4,582,137,2.31,21.34,OK
STEADY,3,583,129,2.31,21.38,OK
STEADY,2,583,132,2.31,21.42,OK
STEADY,4,583,127,2.31,21.47,OK
STEADY,1,584,132,2.31,21.51,OK
STEADY,2,584,131,2.31,21.55,OK
STEADY,3,584,134,2.31,21.59,OK
STEADY,4,584,128,2.31,21.63,OK
STEADY,1,585,130,2.31,21.68,OK
STEADY,2,585,132,2.31,21.76,OK
STEADY,3,585,131,2.31,21.72,OK
STEADY,1,586,129,2.31,21.80,OK
STEADY,4,585,136,2.31,21.84,OK
STEADY,3,586,127,2.31,21.93,OK
STEADY,2,586,129,2.31,21.89,OK
STEADY,1,587,125,2.31,22.01,OK
STEADY,4,586,130,2.31,21.97,OK
STEADY,3,587,128,2.31,22.05,OK
STEADY,2,587,132,2.31,21.26,OK
STEADY,4,587,130,2.31,21.30,OK
STEADY,1,588,130,2.31,21.34,OK
STEADY,2,588,129,2.31,21.38,OK
STEADY,3,588,130,2.31,21.43,OK
STEADY,4,588,131,2.31,21.47,OK
STEADY,1,589,133,2.31,21.51,OK
STEADY,2,589,129,2.31,21.55,OK
STEADY,3,589,134,2.31,21.59,OK
STEADY,1,590,128,2.31,21.68,OK
STEADY,4,589,134,2.31,21.64,OK
STEADY,3,590,127,2.31,21.72,OK
STEADY,2,590,130,2.31,21.76,OK
STEADY,4,590,134,2.31,21.80,OK
STEADY,1,591,133,2.31,21.85,OK
STEADY,2,591,131,2.31,21.89,OK
STEADY,3,591,134,2.31,21.93,OK
STEADY,4,591,129,2.31,21.97,OK
STEADY,1,592,130,2.31,22.01,OK
STEADY,3,592,129,2.31,22.06,OK
STEADY,2,592,134,2.31,21.26,OK
STEADY,4,592,132,2.31,21.30,OK
STEADY,1,593,128,2.31,21.34,OK
STEADY,2,593,130,2.31,21.39,OK
STEADY,3,593,129,2.31,21.43,OK
STEADY,1,594,127,2.31,21.51,OK
STEADY,4,593,131,2.31,21.47,OK
STEADY,2,594,134,2.31,21.55,OK
STEADY,3,594,134,2.31,21.60,OK
STEADY,4,594,133,2.31,21.64,OK
STEADY,1,595,132,2.31,21.68,OK
STEADY,2,595,127,2.31,21.72,OK
STEADY,3,595,133,2.31,21.76,OK
STEADY,4,595,133,2.31,21.81,OK
STEADY,1,596,131,2.31,21.85,OK
STEADY,3,596,132,2.31,21.89,OK
STEADY,2,596,135,2.31,21.93,OK
STEADY,4,596,132,2.31,21.97,OK
STEADY,1,597,146,2.31,22.01,OK
STEADY,2,597,133,2.31,22.06,OK
STEADY,3,597,133,2.31,21.26,OK
STEADY,1,598,129,2.31,21.34,OK
STEADY,4,597,136,2.31,21.30,OK
STEADY,2,598,134,2.31,21.39,OK
STEADY,3,598,132,2.31,21.43,OK
STEADY,4,598,127,2.31,21.47,OK
STEADY,1,599,126,2.31,21.51,OK
STEADY,3,599,127,2.31,21.60,OK
STEADY,2,599,130,2.31,21.55,OK
STEADY,1,600,130,2.31,21.64,OK
STEADY,4,599,136,2.31,21.68,OK
STEADY,2,600,129,2.31,21.72,OK
STEADY,3,600,127,2.31,21.76,OK
STEADY,4,600,129,2.31,21.81,OK
STEADY,1,601,130,2.31,21.85,OK
STEADY,3,601,133,2.31,21.89,OK
STEADY,2,601,137,2.31,21.93,OK
STEADY,4,601,129,2.31,21.97,OK
STEADY,1,602,134,2.31,22.02,OK
STEADY,2,602,130,2.31,22.06,OK
STEADY,3,602,131,2.31,21.26,OK
STEADY,1,603,127,2.31,21.34,OK
STEADY,4,602,137,2.31,21.30,OK
STEADY,2,603,129,2.31,21.39,OK
STEADY,3,603,126,2.31,21.43,OK
STEADY,4,603,132,2.31,21.47,OK
STEADY,1,604,128,2.31,21.51,OK
STEADY,2,604,130,2.31,21.55,OK
STEADY,3,604,132,2.31,21.60,OK
STEADY,4,604,130,2.31,21.64,OK
STEADY,1,605,129,2.31,21.68,OK
STEADY,2,605,130,2.31,21.72,OK
STEADY,3,605,129,2.31,21.76,OK
STEADY,4,605,127,2.31,21.81,OK
STEADY,1,606,129,2.31,21.85,OK
STEADY,2,606,131,2.31,21.89,OK
STEADY,3,606,128,2.31,21.93,OK
STEADY,4,606,129,2.31,21.97,OK
STEADY,1,607,136,2.31,22.02,OK
STEADY,2,607,135,2.31,21.29,OK
STEADY,3,607,137,2.31,21.33,OK
STEADY,4,607,131,2.31,21.37,OK
STEADY,1,608,139,2.31,21.42,OK
STEADY,2,608,136,2.31,21.46,OK
STEADY,3,608,132,2.31,21.50,OK
STEADY,4,608,136,2.31,21.54,OK
STEADY,1,609,133,2.31,21.58,OK
STEADY,3,609,126,2.31,21.67,OK
STEADY,2,609,132,2.31,21.63,OK
STEADY,4,609,133,2.31,21.71,OK
STEADY,1,610,130,2.31,21.75,OK
STEADY,3,610,128,2.31,21.83,OK
STEADY,2,610,135,2.31,21.79,OK
STEADY,4,610,128,2.31,21.88,OK
STEADY,1,611,134,2.31,21.92,OK
STEADY,2,611,130,2.31,21.96,OK
STEADY,3,611,132,2.31,22.00,OK
STEADY,1,612,128,2.31,21.27,OK
STEADY,4,611,136,2.31,22.06,OK
STEADY,3,612,128,2.31,21.36,OK
STEADY,2,612,131,2.31,21.32,OK
STEADY,4,612,127,2.31,21.40,OK
STEADY,1,613,131,2.31,21.44,OK
STEADY,3,613,127,2.31,21.53,OK
STEADY,2,613,132,2.31,21.48,OK
STEADY,4,613,130,2.31,21.57,OK
STEADY,1,614,128,2.31,21.61,OK
STEADY,2,614,128,2.31,21.65,OK
STEADY,3,614,132,2.31,21.69,OK
STEADY,4,614,128,2.31,21.74,OK
STEADY,1,615,137,2.31,21.79,OK
STEADY,2,615,131,2.31,21.83,OK
STEADY,3,615,136,2.31,21.87,OK
STEADY,4,615,135,2.31,21.91,OK
STEADY,1,616,134,2.31,21.96,OK
STEADY,2,616,127,2.31,22.00,OK
STEADY,3,616,127,2.31,22.04,OK
STEADY,4,616,137,2.31,21.31,OK
STEADY,1,617,133,2.31,21.35,OK
STEADY,2,617,126,2.31,21.39,OK
STEADY,3,617,128,2.31,21.43,OK
STEADY,4,617,127,2.31,21.48,OK
STEADY,1,618,128,2.31,21.52,OK
STEADY,2,618,129,2.31,21.56,OK
STEADY,3,618,130,2.31,21.60,OK
STEADY,4,618,131,2.31,21.64,OK
STEADY,1,619,134,2.31,21.69,OK
STEADY,2,619,130,2.31,21.73,OK
STEADY,3,619,130,2.31,21.77,OK
STEADY,4,619,132,2.31,21.81,OK
STEADY,1,620,129,2.31,21.85,OK
STEADY,2,620,127,2.31,21.89,OK
STEADY,3,620,133,2.31,21.94,OK
STEADY,4,620,134,2.31,21.98,OK
STEADY,1,621,133,2.31,22.02,OK
STEADY,2,621,132,2.31,22.06,OK
STEADY,3,621,130,2.31,21.28,OK
STEADY,4,621,128,2.31,21.32,OK
STEADY,1,622,128,2.31,21.36,OK
STEADY,2,622,127,2.31,21.45,OK
STEADY,3,622,127,2.31,21.40,OK
STEADY,4,622,133,2.31,21.49,OK
STEADY,1,623,136,2.31,21.53,OK
STEADY,2,623,127,2.31,21.57,OK
STEADY,3,623,127,2.31,21.61,OK
STEADY,4,623,130,2.31,21.66,OK
STEADY,1,624,131,2.31,21.70,OK
STEADY,3,624,130,2.31,21.78,OK
STEADY,2,624,135,2.31,21.74,OK
STEADY,4,624,133,2.31,21.82,OK
STEADY,1,625,127,2.31,21.87,OK
STEADY,3,625,127,2.31,21.91,OK
STEADY,2,625,137,2.31,21.95,OK
STEADY,4,625,131,2.31,21.99,OK
STEADY,1,626,130,2.31,22.03,OK
STEADY,2,626,136,2.31,22.07,OK
STEADY,3,626,136,2.31,22.12,OK
STEADY,4,626,128,2.31,21.28,OK
STEADY,1,627,130,2.31,21.32,OK
STEADY,2,627,128,2.31,21.41,OK
STEADY,3,627,130,2.31,21.36,OK
STEADY,4,627,127,2.31,21.45,OK
STEADY,1,628,133,2.31,21.49,OK
STEADY,3,628,127,2.31,21.53,OK
STEADY,2,628,132,2.31,21.57,OK
STEADY,1,629,128,2.31,21.66,OK
STEADY,4,628,134,2.31,21.62,OK
STEADY,3,629,127,2.31,21.70,OK
STEADY,2,629,135,2.31,21.74,OK
STEADY,4,629,132,2.31,21.79,OK
STEADY,1,630,132,2.31,21.83,OK
STEADY,2,630,127,2.31,21.87,OK
STEADY,3,630,128,2.31,21.91,OK
STEADY,4,630,134,2.31,21.95,OK
STEADY,1,631,132,2.31,21.99,OK
STEADY,2,631,130,2.31,22.08,OK
STEADY,3,631,132,2.31,22.04,OK
STEADY,4,631,129,2.31,21.28,OK
STEADY,1,632,132,2.31,21.33,OK
STEADY,3,632,126,2.31,21.37,OK
STEADY,2,632,134,2.31,21.41,OK
STEADY,1,633,126,2.31,21.49,OK
STEADY,4,632,134,2.31,21.45,OK
STEADY,3,633,129,2.31,21.54,OK
STEADY,2,633,135,2.31,21.58,OK
STEADY,1,634,127,2.31,21.66,OK
STEADY,4,633,137,2.31,21.62,OK
STEADY,2,634,126,2.31,21.75,OK
STEADY,3,634,129,2.31,21.70,OK
STEADY,4,634,132,2.31,21.79,OK
STEADY,1,635,135,2.31,21.83,OK
STEADY,3,635,131,2.31,21.87,OK
STEADY,2,635,136,2.31,21.91,OK
STEADY,4,635,134,2.31,21.95,OK
STEADY,1,636,132,2.31,22.00,OK
STEADY,3,636,128,2.31,22.04,OK
STEADY,2,636,134,2.31,22.08,OK
STEADY,4,636,131,2.31,21.28,OK
STEADY,1,637,134,2.31,21.33,OK
STEADY,3,637,126,2.31,21.37,OK
STEADY,2,637,129,2.31,21.41,OK
STEADY,1,638,131,2.31,21.45,OK
STEADY,3,638,130,2.31,21.49,OK
STEADY,2,638,136,2.31,21.54,OK
STEADY,4,638,129,2.31,21.58,OK
STEADY,1,639,131,2.31,21.62,OK
STEADY,3,639,128,2.31,21.66,OK
STEADY,2,639,130,2.31,21.70,OK
STEADY,4,639,207,2.31,21.74,OK
STEADY,1,640,127,2.31,21.83,OK
STEADY,4,639,135,2.31,21.79,OK
STEADY,2,640,129,2.31,21.87,OK
STEADY,3,640,128,2.31,21.91,OK
STEADY,1,641,129,2.31,22.00,OK
STEADY,2,641,126,2.31,22.04,OK
STEADY,3,641,129,2.31,22.08,OK
STEADY,4,641,128,2.31,21.28,OK
STEADY,4,641,173,2.31,21.95,OK
STEADY,1,642,127,2.31,21.33,OK
STEADY,2,642,127,2.31,21.37,OK
STEADY,3,642,135,2.31,21.41,OK
STEADY,4,642,128,2.31,21.45,OK
STEADY,1,643,138,2.31,21.49,OK
STEADY,2,643,128,2.31,21.54,OK
STEADY,3,643,134,2.31,21.58,OK
STEADY,4,643,130,2.31,21.62,OK
STEADY,1,644,130,2.31,21.66,OK
STEADY,2,644,127,2.31,21.75,OK
STEADY,3,644,129,2.31,21.70,OK
STEADY,4,644,129,2.31,21.79,OK
STEADY,1,645,131,2.31,21.83,OK
STEADY,3,645,129,2.31,21.87,OK
STEADY,2,645,135,2.31,21.91,OK
STEADY,4,645,126,2.31,21.96,OK
STEADY,1,646,130,2.31,22.00,OK
STEADY,3,646,132,2.31,22.08,OK
STEADY,2,646,137,2.31,22.04,OK
STEADY,4,646,129,2.31,21.29,OK
STEADY,1,647,134,2.31,21.33,OK
STEADY,3,647,134,2.31,21.41,OK
STEADY,4,647,130,2.31,21.45,OK
STEADY,2,647,148,2.31,21.37,OK
STEADY,1,648,133,2.31,21.50,OK
STEADY,2,648,130,2.31,21.58,OK
STEADY,3,648,130,2.31,21.54,OK
STEADY,4,648,131,2.31,21.62,OK
STEADY,1,649,127,2.31,21.66,OK
STEADY,3,649,130,2.31,21.71,OK
STEADY,2,649,133,2.31,21.75,OK
STEADY,4,649,135,2.31,21.79,OK
STEADY,1,650,129,2.31,21.83,OK
STEADY,3,650,128,2.31,21.91,OK
STEADY,2,650,130,2.31,21.87,OK
STEADY,4,650,128,2.31,21.96,OK
STEADY,1,651,129,2.31,22.00,OK
STEADY,2,651,127,2.31,22.04,OK
STEADY,3,651,132,2.31,22.08,OK
STEADY,4,651,127,2.31,21.32,OK
STEADY,1,652,131,2.31,21.37,OK
STEADY,2,652,129,2.31,21.41,OK
STEADY,3,652,133,2.31,21.45,OK
STEADY,4,652,129,2.31,21.49,OK
STEADY,1,653,129,2.31,21.53,OK
STEADY,3,653,128,2.31,21.62,OK
STEADY,2,653,131,2.31,21.57,OK
STEADY,4,653,132,2.31,21.66,OK
STEADY,1,654,133,2.31,21.70,OK
STEADY,3,654,129,2.31,21.78,OK
STEADY,2,654,134,2.31,21.74,OK
STEADY,4,654,136,2.31,21.83,OK
STEADY,1,655,132,2.31,21.87,OK
STEADY,2,655,128,2.31,21.91,OK
STEADY,3,655,133,2.31,21.95,OK
STEADY,4,655,128,2.31,21.99,OK
STEADY,1,656,139,2.31,22.03,OK
STEADY,2,656,134,2.31,22.08,OK
STEADY,3,656,133,2.31,22.12,OK
STEADY,4,656,131,2.31,21.32,OK
STEADY,1,657,130,2.31,21.37,OK
STEADY,3,657,130,2.31,21.45,OK
STEADY,2,657,134,2.31,21.41,OK
STEADY,4,657,134,2.31,21.49,OK
STEADY,1,658,133,2.31,21.53,OK
STEADY,2,658,136,2.31,21.62,OK
STEADY,3,658,135,2.31,21.59,OK
STEADY,4,658,130,2.31,21.66,OK
STEADY,1,659,131,2.31,21.70,OK
STEADY,3,659,133,2.31,21.74,OK
STEADY,2,659,135,2.31,21.79,OK
STEADY,4,659,134,2.31,21.83,OK
STEADY,2,660,134,2.31,21.95,OK
STEADY,3,660,136,2.31,21.91,OK
STEADY,4,660,134,2.31,22.00,OK
STEADY,1,661,130,2.31,22.04,OK
STEADY,2,661,130,2.31,22.08,OK
STEADY,3,661,136,2.31,21.30,OK
STEADY,4,661,133,2.31,21.36,OK
STEADY,1,662,136,2.31,21.40,OK
STEADY,3,662,127,2.31,21.45,OK
STEADY,2,662,134,2.31,21.49,OK
STEADY,4,662,141,2.31,21.54,OK
STEADY,1,663,136,2.31,21.58,OK
STEADY,3,663,134,2.31,21.62,OK
STEADY,2,663,140,2.31,21.66,OK
STEADY,1,664,282,2.31,21.87,OK
STEADY,1,664,138,2.31,21.70,OK
STEADY,3,664,130,2.31,21.74,OK
STEADY,2,664,132,2.31,21.79,OK
STEADY,4,664,129,2.31,21.84,OK
STEADY,1,665,149,2.31,21.88,OK
STEADY,2,665,130,2.31,21.92,OK
STEADY,3,665,135,2.31,21.96,OK
STEADY,4,665,129,2.31,22.00,OK
STEADY,1,666,133,2.31,22.04,OK
STEADY,4,665,227,2.31,22.08,OK
STEADY,3,666,128,2.31,22.13,OK
STEADY,2,666,136,2.31,21.36,OK
STEADY,1,667,129,2.31,21.45,OK
STEADY,4,666,135,2.31,21.40,OK
STEADY,2,667,136,2.31,21.49,OK
STEADY,3,667,135,2.31,21.53,OK
STEADY,1,668,130,2.31,21.61,OK
STEADY,4,667,134,2.31,21.57,OK
STEADY,2,668,131,2.31,21.65,OK
STEADY,3,668,130,2.31,21.69,OK
STEADY,4,668,135,2.31,21.73,OK
STEADY,1,669,137,2.31,21.78,OK
STEADY,2,669,136,2.31,21.86,OK
STEADY,3,669,141,2.31,21.82,OK
STEADY,1,670,128,2.31,21.94,OK
STEADY,4,669,132,2.31,21.90,OK
STEADY,2,670,131,2.31,21.98,OK
STEADY,3,670,136,2.31,22.02,OK
STEADY,4,670,139,2.31,22.09,OK
STEADY,1,671,137,2.31,22.12,OK
STEADY,2,671,129,2.31,21.35,OK
STEADY,3,671,135,2.31,21.39,OK
STEADY,4,671,133,2.31,21.47,OK
STEADY,1,672,135,2.31,21.45,OK
STEADY,2,672,132,2.31,21.52,OK
STEADY,3,672,134,2.31,21.56,OK
STEADY,4,672,127,2.31,21.60,OK
STEADY,1,673,131,2.31,21.64,OK
STEADY,3,673,128,2.31,21.68,OK
STEADY,4,673,128,2.31,21.72,OK
STEADY,1,674,133,2.31,21.76,OK
STEADY,3,674,134,2.31,21.85,OK
STEADY,2,674,135,2.31,21.80,OK
STEADY,1,675,127,2.31,21.93,OK
STEADY,4,674,133,2.31,21.89,OK
STEADY,2,675,204,2.31,21.97,OK
STEADY,2,675,130,2.31,22.01,OK
STEADY,3,675,130,2.31,22.05,OK
STEADY,4,675,132,2.31,22.09,OK
STEADY,1,676,134,2.31,22.14,OK
STEADY,3,676,130,2.31,21.35,OK
STEADY,2,676,135,2.31,21.39,OK
STEADY,4,676,132,2.31,21.43,OK
STEADY,1,677,130,2.31,21.47,OK
STEADY,2,677,128,2.31,21.52,OK
STEADY,3,677,129,2.31,21.56,OK
STEADY,4,677,131,2.31,21.64,OK
STEADY,1,678,136,2.31,21.60,OK
STEADY,3,678,128,2.31,21.68,OK
STEADY,2,678,134,2.31,21.72,OK
STEADY,1,679,129,2.31,21.76,OK
STEADY,4,678,133,2.31,21.80,OK
STEADY,2,679,130,2.31,21.85,OK
STEADY,3,679,132,2.31,21.89,OK
STEADY,4,679,133,2.31,21.93,OK
STEADY,1,680,134,2.31,21.97,OK
STEADY,2,680,131,2.31,22.01,OK
STEADY,3,680,134,2.31,22.05,OK
STEADY,4,680,131,2.31,22.09,OK
STEADY,1,681,136,2.31,22.14,OK
STEADY,2,681,136,2.31,21.38,OK
STEADY,3,681,135,2.31,21.42,OK
STEADY,1,682,129,2.31,21.51,OK
STEADY,4,681,133,2.31,21.47,OK
STEADY,2,682,130,2.31,21.59,OK
STEADY,3,682,131,2.31,21.55,OK
STEADY,4,682,130,2.31,21.63,OK
STEADY,1,683,132,2.31,21.67,OK
STEADY,3,683,131,2.31,21.71,OK
STEADY,2,683,134,2.31,21.76,OK
STEADY,4,683,134,2.31,21.80,OK
STEADY,1,684,129,2.31,21.84,OK
STEADY,3,684,128,2.31,21.92,OK
STEADY,2,684,131,2.31,21.88,OK
STEADY,4,684,134,2.31,21.96,OK
STEADY,1,685,129,2.31,22.00,OK
STEADY,2,685,133,2.31,22.04,OK
STEADY,4,685,136,2.31,22.09,OK
STEADY,1,686,138,2.31,22.14,OK
STEADY,2,686,130,2.31,21.43,OK
STEADY,3,686,130,2.31,21.39,OK
STEADY,4,686,134,2.29,21.47,OK
STEADY,1,687,129,2.29,21.51,OK
STEADY,3,687,205,2.29,21.55,OK
STEADY,3,687,127,2.29,21.64,OK
STEADY,2,687,129,2.29,21.59,OK
STEADY,4,687,131,2.29,21.68,OK
STEADY,1,688,128,2.29,21.72,OK
STEADY,2,688,129,2.29,21.76,OK
STEADY,3,688,129,2.29,21.80,OK
STEADY,4,688,135,2.29,21.84,OK
STEADY,1,689,134,2.29,21.88,OK
STEADY,2,689,131,2.29,21.93,OK
STEADY,3,689,137,2.29,21.97,OK
STEADY,1,690,128,2.29,22.05,OK
STEADY,4,689,132,2.29,22.01,OK
STEADY,3,690,130,2.29,22.09,OK
STEADY,2,690,136,2.29,22.13,OK
STEADY,1,691,128,2.29,21.44,OK
STEADY,4,690,136,2.29,21.40,OK
STEADY,3,691,128,2.29,21.48,OK
STEADY,2,691,133,2.29,21.52,OK
STEADY,4,691,129,2.29,21.56,OK
STEADY,1,692,129,2.29,21.60,OK
STEADY,3,692,129,2.29,21.64,OK
STEADY,2,692,135,2.29,21.69,OK
STEADY,4,692,134,2.29,21.73,OK
STEADY,1,693,133,2.29,21.77,OK
STEADY,3,693,128,2.29,21.85,OK
STEADY,2,693,135,2.29,21.81,OK
STEADY,1,694,129,2.29,21.89,OK
STEADY,4,693,138,2.29,21.93,OK
STEADY,3,694,127,2.29,22.02,OK
STEADY,2,694,130,2.29,21.98,OK
STEADY,4,694,130,2.29,22.06,OK
STEADY,1,695,133,2.29,22.10,OK
STEADY,3,695,128,2.29,22.14,OK
STEADY,2,695,130,2.29,21.37,OK
STEADY,4,695,136,2.29,21.41,OK
STEADY,1,696,134,2.29,21.45,OK
STEADY,2,696,129,2.29,21.49,OK
STEADY,3,696,135,2.29,21.53,OK
STEADY,4,696,129,2.29,21.57,OK
STEADY,1,697,131,2.29,21.61,OK
STEADY,3,697,127,2.29,21.65,OK
STEADY,2,697,131,2.29,21.70,OK
STEADY,4,697,130,2.29,21.74,OK
STEADY,1,698,128,2.29,21.78,OK
STEADY,2,698,128,2.29,21.82,OK
STEADY,3,698,136,2.29,21.86,OK
STEADY,4,698,130,2.29,21.90,OK
STEADY,1,699,129,2.29,21.94,OK
STEADY,2,699,128,2.29,21.98,OK
STEADY,3,699,132,2.29,22.03,OK
STEADY,4,699,134,2.29,22.07,OK
STEADY,1,700,131,2.29,22.11,OK
STEADY,2,700,135,2.29,22.15,OK
STEADY,3,700,133,2.29,21.37,OK
STEADY,4,700,136,2.29,21.41,OK
STEADY,1,701,132,2.29,21.45,OK
STEADY,2,701,131,2.29,21.49,OK
STEADY,3,701,133,2.29,21.53,OK
STEADY,4,701,128,2.29,21.58,OK
STEADY,1,702,131,2.29,21.62,OK
STEADY,2,702,129,2.29,21.66,OK
STEADY,3,702,134,2.29,21.70,OK
STEADY,1,703,128,2.29,21.78,OK
STEADY,4,702,134,2.29,21.74,OK
STEADY,2,703,134,2.29,21.82,OK
STEADY,3,703,135,2.29,21.87,OK
STEADY,1,704,129,2.29,21.95,OK
STEADY,4,703,133,2.29,21.91,OK
STEADY,2,704,130,2.29,21.99,OK
STEADY,3,704,130,2.29,22.03,OK
STEADY,1,705,133,2.29,22.11,OK
STEADY,2,705,132,2.29,22.15,OK
STEADY,3,705,134,2.29,21.37,OK
STEADY,1,706,129,2.29,21.45,OK
STEADY,4,705,135,2.29,21.41,OK
STEADY,3,706,126,2.29,21.54,OK
STEADY,2,706,131,2.29,21.49,OK
STEADY,4,705,197,2.29,22.07,OK
STEADY,1,707,134,2.29,21.58,OK
STEADY,4,706,143,2.29,21.62,OK
STEADY,2,707,127,2.29,21.66,OK
STEADY,3,707,128,2.29,21.70,OK
STEADY,1,708,128,2.29,21.74,OK
STEADY,4,707,132,2.29,21.78,OK
STEADY,2,708,131,2.29,21.83,OK
STEADY,3,708,132,2.29,21.87,OK
STEADY,1,709,128,2.29,21.95,OK
STEADY,4,708,131,2.29,21.91,OK
STEADY,2,709,128,2.29,21.99,OK
STEADY,3,709,128,2.29,22.03,OK
STEADY,4,709,126,2.29,22.07,OK
STEADY,1,710,129,2.29,22.11,OK
STEADY,2,710,131,2.29,22.16,OK
STEADY,3,710,135,2.29,21.37,OK
STEADY,1,711,130,2.29,21.45,OK
STEADY,4,710,132,2.29,21.41,OK
STEADY,3,711,127,2.29,21.49,OK
STEADY,2,711,135,2.29,21.54,OK
STEADY,4,711,134,2.29,21.58,OK
STEADY,1,712,134,2.29,21.62,OK
STEADY,2,712,126,2.29,21.66,OK
STEADY,3,712,128,2.29,21.70,OK
STEADY,1,713,129,2.29,21.74,OK
STEADY,4,712,130,2.29,21.78,OK
STEADY,2,713,132,2.29,21.82,OK
STEADY,3,713,128,2.29,21.87,OK
STEADY,4,713,130,2.29,21.91,OK
STEADY,1,714,143,2.29,21.95,OK
STEADY,2,714,137,2.29,21.99,OK
STEADY,3,714,135,2.29,22.03,OK
STEADY,4,714,135,2.29,22.07,OK
STEADY,1,715,133,2.29,22.11,OK
STEADY,2,715,133,2.29,22.15,OK
STEADY,3,715,136,2.29,21.37,OK
STEADY,4,715,130,2.29,21.41,OK
STEADY,1,716,131,2.29,21.45,OK
STEADY,2,716,132,2.29,21.49,OK
STEADY,3,716,135,2.29,21.54,OK
STEADY,4,716,133,2.29,21.58,OK
STEADY,1,717,137,2.29,21.62,OK
STEADY,2,717,129,2.29,21.66,OK
STEADY,3,717,137,2.29,21.70,OK
STEADY,4,717,128,2.29,21.74,OK
STEADY,1,718,133,2.29,21.78,OK
STEADY,2,718,134,2.29,21.83,OK
STEADY,3,718,132,2.29,21.87,OK
STEADY,4,718,134,2.29,21.91,OK
STEADY,1,719,132,2.29,21.95,OK
STEADY,2,719,131,2.29,21.99,OK
STEADY,3,719,128,2.29,22.03,OK
STEADY,1,720,131,2.29,22.11,OK
STEADY,4,719,136,2.29,22.07,OK
STEADY,2,720,134,2.29,22.16,OK
STEADY,3,720,130,2.29,21.37,OK
STEADY,1,721,129,2.29,21.46,OK
STEADY,4,720,133,2.29,21.41,OK
STEADY,2,721,133,2.29,21.50,OK
STEADY,3,721,135,2.29,21.54,OK
STEADY,4,721,132,2.29,21.58,OK
STEADY,1,722,129,2.29,21.62,OK
STEADY,2,722,129,2.29,21.66,OK
STEADY,3,722,133,2.29,21.70,OK
STEADY,4,722,129,2.29,21.74,OK
STEADY,1,723,127,2.29,21.79,OK
STEADY,2,723,130,2.29,21.83,OK
STEADY,3,723,128,2.29,21.87,OK
STEADY,1,724,131,2.29,21.91,OK
STEADY,4,723,135,2.29,21.95,OK
STEADY,2,724,133,2.29,21.99,OK
STEADY,3,724,133,2.29,22.03,OK
STEADY,4,724,133,2.29,22.07,OK
STEADY,1,725,136,2.29,22.12,OK
STEADY,2,725,129,2.29,22.16,OK
STEADY,3,725,136,2.29,21.37,OK
STEADY,4,725,128,2.29,21.41,OK
STEADY,1,726,131,2.29,21.46,OK
STEADY,3,726,129,2.29,21.54,OK
STEADY,2,726,134,2.29,21.50,OK
STEADY,4,726,128,2.29,21.58,OK
STEADY,1,727,131,2.29,21.62,OK
STEADY,2,727,135,2.29,21.66,OK
STEADY,3,727,131,2.29,21.70,OK
STEADY,4,727,138,2.29,21.75,OK
STEADY,1,728,137,2.29,21.79,OK
STEADY,2,728,129,2.29,21.83,OK
STEADY,3,728,130,2.29,21.87,OK
STEADY,4,728,129,2.29,21.91,OK
STEADY,1,729,131,2.29,21.95,OK
STEADY,2,729,136,2.29,21.99,OK
STEADY,3,729,132,2.29,22.03,OK
STEADY,4,729,131,2.29,22.08,OK
STEADY,1,730,132,2.29,22.12,OK
STEADY,3,730,129,2.29,22.16,OK
STEADY,2,730,136,2.29,21.40,OK
STEADY,4,730,131,2.29,21.44,OK
STEADY,1,731,132,2.29,21.49,OK
STEADY,2,731,130,2.29,21.53,OK
STEADY,3,731,132,2.29,21.57,OK
STEADY,4,731,128,2.29,21.61,OK
STEADY,1,732,132,2.29,21.65,OK
STEADY,2,732,130,2.29,21.73,OK
STEADY,3,732,127,2.29,21.69,OK
STEADY,4,732,134,2.29,21.78,OK
STEADY,1,733,132,2.29,21.82,OK
STEADY,2,733,135,2.29,21.86,OK
STEADY,3,733,133,2.29,21.90,OK
STEADY,4,733,128,2.29,21.94,OK
STEADY,1,734,129,2.29,21.98,OK
STEADY,2,734,133,2.29,22.02,OK
STEADY,3,734,131,2.29,22.06,OK
STEADY,4,734,135,2.29,22.11,OK
STEADY,1,735,135,2.29,22.15,OK
STEADY,2,735,129,2.29,21.40,OK
STEADY,3,735,126,2.29,21.45,OK
STEADY,4,735,134,2.29,21.49,OK
STEADY,1,736,135,2.29,21.53,OK
STEADY,2,736,130,2.29,21.57,OK
STEADY,3,736,131,2.29,21.61,OK
STEADY,4,736,132,2.29,21.65,OK
STEADY,1,737,131,2.29,21.69,OK
STEADY,2,737,129,2.29,21.73,OK
STEADY,3,737,134,2.29,21.78,OK
STEADY,4,737,130,2.29,21.82,OK
STEADY,1,738,129,2.29,21.86,OK
STEADY,2,738,130,2.29,21.90,OK
STEADY,3,738,135,2.29,21.94,OK
STEADY,4,738,127,2.29,21.98,OK
STEADY,1,739,128,2.29,22.02,OK
STEADY,2,739,129,2.29,22.07,OK
STEADY,3,739,131,2.29,22.11,OK
STEADY,4,739,132,2.29,22.15,OK
STEADY,1,740,136,2.29,21.37,OK
STEADY,2,740,131,2.29,21.42,OK
STEADY,3,740,133,2.29,21.46,OK
STEADY,4,740,143,2.29,21.50,OK
STEADY,1,741,142,2.29,21.54,OK
STEADY,2,741,132,2.29,21.58,OK
STEADY,3,741,137,2.29,21.62,OK
STEADY,4,741,130,2.29,21.66,OK
STEADY,1,742,131,2.29,21.71,OK
STEADY,2,742,136,2.29,21.75,OK
STEADY,3,742,133,2.29,21.79,OK
STEADY,4,742,135,2.29,21.83,OK
STEADY,1,743,134,2.29,21.87,OK
STEADY,2,743,132,2.29,21.91,OK
STEADY,3,743,134,2.29,21.95,OK
STEADY,4,743,131,2.29,22.00,OK
STEADY,1,744,130,2.29,22.04,OK
STEADY,3,744,128,2.29,22.12,OK
STEADY,2,744,136,2.29,22.08,OK
STEADY,4,744,133,2.29,21.37,OK
STEADY,1,745,129,2.29,21.41,OK
STEADY,2,745,134,2.29,21.45,OK
STEADY,3,745,135,2.29,21.49,OK
STEADY,1,746,127,2.29,21.57,OK
STEADY,4,745,132,2.29,21.53,OK
STEADY,3,746,130,2.29,21.61,OK
STEADY,2,746,136,2.29,21.65,OK
STEADY,1,747,127,2.29,21.74,OK
STEADY,4,746,137,2.29,21.70,OK
STEADY,2,747,131,2.29,21.78,OK
STEADY,3,747,134,2.29,21.82,OK
STEADY,4,747,128,2.29,21.86,OK
STEADY,1,748,129,2.29,21.90,OK
STEADY,2,748,128,2.29,21.94,OK
STEADY,3,748,128,2.29,21.98,OK
STEADY,4,748,130,2.29,22.03,OK
STEADY,1,749,130,2.29,22.07,OK
STEADY,2,749,136,2.29,22.11,OK
STEADY,3,749,132,2.29,22.15,OK
STEADY,4,749,128,2.29,21.38,OK
STEADY,1,750,129,2.29,21.42,OK
STEADY,2,750,129,2.29,21.46,OK
STEADY,3,750,133,2.29,21.50,OK
STEADY,4,750,131,2.29,21.54,OK
STEADY,1,751,132,2.29,21.58,OK
STEADY,2,751,129,2.29,21.62,OK
STEADY,3,751,132,2.29,21.67,OK
STEADY,4,751,135,2.29,21.71,OK
STEADY,1,752,133,2.29,21.75,OK
STEADY,2,752,131,2.29,21.79,OK
STEADY,4,752,131,2.29,21.87,OK
STEADY,1,753,129,2.29,21.91,OK
STEADY,3,752,151,2.29,21.83,OK
STEADY,3,753,127,2.29,21.95,OK
STEADY,2,753,136,2.29,22.00,OK
STEADY,4,753,129,2.29,22.04,OK
STEADY,1,754,135,2.29,22.08,OK
STEADY,2,754,135,2.29,22.12,OK
STEADY,3,754,131,2.29,22.16,OK
STEADY,1,755,127,2.29,21.38,OK
STEADY,4,754,135,2.29,21.42,OK
STEADY,2,755,130,2.29,21.46,OK
STEADY,1,756,131,2.29,21.54,OK
STEADY,4,755,136,2.29,21.50,OK
STEADY,3,756,127,2.29,21.63,OK
STEADY,2,756,133,2.29,21.59,OK
STEADY,4,756,128,2.29,21.67,OK
STEADY,1,757,129,2.29,21.71,OK
STEADY,3,757,203,2.29,21.75,OK
STEADY,2,757,131,2.29,21.79,OK
STEADY,3,757,129,2.29,21.83,OK
STEADY,4,757,137,2.29,21.87,OK
STEADY,1,758,133,2.29,21.92,OK
STEADY,2,758,129,2.29,21.96,OK
STEADY,3,758,132,2.29,22.00,OK
STEADY,4,758,132,2.29,22.04,OK
STEADY,1,759,134,2.29,22.08,OK
STEADY,2,759,133,2.29,22.12,OK
STEADY,3,759,129,2.29,22.17,OK
STEADY,4,759,136,2.29,21.38,OK
STEADY,1,760,131,2.29,21.42,OK
STEADY,2,760,132,2.29,21.46,OK
STEADY,3,760,132,2.29,21.51,OK
STEADY,4,760,129,2.29,21.55,OK
STEADY,1,761,135,2.29,21.59,OK
STEADY,2,761,129,2.29,21.63,OK
STEADY,3,761,132,2.29,21.67,OK
STEADY,4,761,129,2.29,21.71,OK
STEADY,1,762,134,2.29,21.75,OK
STEADY,2,762,130,2.29,21.79,OK
STEADY,3,762,138,2.29,21.84,OK
STEADY,4,762,131,2.29,21.88,OK
STEADY,1,763,133,2.29,21.92,OK
STEADY,2,763,132,2.29,21.96,OK
STEADY,3,763,138,2.29,22.00,OK
STEADY,4,763,135,2.29,22.04,OK
STEADY,1,764,134,2.29,22.08,OK
STEADY,2,764,133,2.29,22.13,OK
STEADY,3,764,136,2.29,22.17,OK
STEADY,4,764,127,2.29,21.38,OK
STEADY,1,765,128,2.29,21.42,OK
STEADY,2,765,130,2.29,21.46,OK
STEADY,3,765,131,2.29,21.51,OK
STEADY,4,765,129,2.29,21.55,OK
STEADY,1,766,128,2.29,21.59,OK
STEADY,2,766,131,2.29,21.63,OK
STEADY,3,766,127,2.29,21.67,OK
STEADY,4,766,131,2.29,21.71,OK
STEADY,1,767,131,2.29,21.75,OK
STEADY,2,767,128,2.29,21.80,OK
STEADY,3,767,131,2.29,21.84,OK
STEADY,4,767,134,2.29,21.88,OK
STEADY,1,768,132,2.29,21.92,OK
STEADY,2,768,129,2.29,21.96,OK
STEADY,3,768,131,2.29,22.00,OK
STEADY,4,768,130,2.29,22.04,OK
STEADY,1,769,135,2.29,22.08,OK
STEADY,2,769,129,2.29,22.13,OK
STEADY,3,769,135,2.29,22.17,OK
STEADY,4,769,127,2.29,21.38,OK
STEADY,1,770,133,2.29,21.42,OK
STEADY,2,770,134,2.29,21.46,OK
STEADY,3,770,133,2.29,21.51,OK
STEADY,4,770,129,2.29,21.55,OK
STEADY,1,771,128,2.29,21.59,OK
STEADY,2,771,132,2.29,21.63,OK
STEADY,3,771,135,2.29,21.67,OK
STEADY,4,771,131,2.29,21.71,OK
STEADY,1,772,127,2.29,21.75,OK
STEADY,2,772,133,2.29,21.79,OK
STEADY,3,772,129,2.29,21.84,OK
STEADY,4,772,133,2.29,21.88,OK
STEADY,1,773,132,2.29,21.92,OK
STEADY,3,773,131,2.29,22.00,OK
STEADY,2,773,137,2.29,21.96,OK
STEADY,4,773,127,2.29,22.04,OK
STEADY,1,774,127,2.29,22.08,OK
STEADY,2,774,127,2.29,22.12,OK
STEADY,4,774,129,2.29,22.17,OK
STEADY,1,775,133,2.29,21.38,OK
STEADY,2,775,133,2.29,21.42,OK
STEADY,3,775,130,2.29,21.46,OK
STEADY,4,775,133,2.29,21.52,OK
STEADY,1,776,131,2.29,21.56,OK
STEADY,2,776,128,2.29,21.60,OK
STEADY,3,776,205,2.29,21.64,OK
STEADY,3,776,128,2.29,21.68,OK
STEADY,4,776,130,2.29,21.72,OK
STEADY,1,777,133,2.29,21.76,OK
STEADY,3,777,126,2.29,21.85,OK
STEADY,2,777,132,2.29,21.80,OK
STEADY,1,778,127,2.29,21.93,OK
STEADY,4,777,136,2.29,21.89,OK
STEADY,2,778,129,2.29,21.97,OK
STEADY,4,778,130,2.29,22.05,OK
STEADY,1,779,128,2.29,22.09,OK
STEADY,3,779,162,2.29,22.01,OK
STEADY,2,779,132,2.29,22.14,OK
STEADY,3,779,130,2.29,22.18,OK
STEADY,4,779,133,2.29,21.39,OK
STEADY,1,780,128,2.29,21.43,OK
STEADY,2,780,129,2.29,21.48,OK
STEADY,3,780,138,2.29,21.52,OK
STEADY,4,780,128,2.29,21.56,OK
STEADY,1,781,131,2.29,21.60,OK
STEADY,3,781,130,2.29,21.68,OK
STEADY,2,781,133,2.29,21.64,OK
STEADY,1,782,129,2.29,21.76,OK
STEADY,4,781,135,2.29,21.72,OK
STEADY,2,782,129,2.29,21.81,OK
STEADY,3,782,136,2.29,21.85,OK
STEADY,1,783,136,2.29,21.93,OK
STEADY,2,783,136,2.29,22.01,OK
STEADY,3,783,132,2.29,21.97,OK
STEADY,4,783,164,2.29,21.89,OK
STEADY,4,783,139,2.29,22.05,OK
STEADY,1,784,134,2.29,22.09,OK
STEADY,2,784,132,2.29,22.14,OK
STEADY,3,784,136,2.29,22.18,OK
STEADY,1,785,127,2.29,21.46,OK
STEADY,4,784,137,2.29,21.42,OK
STEADY,3,785,127,2.29,21.55,OK
STEADY,2,785,133,2.29,21.50,OK
STEADY,4,785,133,2.29,21.59,OK
STEADY,1,786,130,2.29,21.63,OK
STEADY,3,786,130,2.29,21.67,OK
STEADY,2,786,135,2.29,21.71,OK
STEADY,4,786,129,2.29,21.75,OK
STEADY,1,787,132,2.29,21.79,OK
STEADY,2,787,127,2.29,21.84,OK
STEADY,3,787,132,2.29,21.88,OK
STEADY,4,787,127,2.29,21.92,OK
STEADY,1,788,137,2.29,21.96,OK
STEADY,2,788,129,2.29,22.00,OK
STEADY,3,788,132,2.29,22.04,OK
STEADY,4,788,132,2.29,22.08,OK
STEADY,1,789,131,2.29,22.13,OK
STEADY,2,789,128,2.29,22.17,OK
STEADY,3,789,127,2.29,21.39,OK
STEADY,4,789,133,2.29,21.44,OK
STEADY,1,790,129,2.29,21.48,OK
STEADY,2,790,130,2.29,21.52,OK
STEADY,3,790,127,2.29,21.56,OK
STEADY,4,790,130,2.29,21.60,OK
STEADY,1,791,131,2.29,21.64,OK
STEADY,2,791,138,2.29,21.68,OK
STEADY,3,791,132,2.29,21.72,OK
STEADY,4,791,134,2.29,21.77,OK
STEADY,1,792,137,2.29,21.81,OK
STEADY,2,792,128,2.29,21.85,OK
STEADY,3,792,134,2.29,21.89,OK
STEADY,4,792,132,2.29,21.93,OK
STEADY,1,793,134,2.29,21.97,OK
STEADY,2,793,131,2.29,22.01,OK
STEADY,3,793,133,2.29,22.06,OK
STEADY,4,793,127,2.29,22.10,OK
STEADY,1,794,128,2.29,22.14,OK
STEADY,2,794,132,2.29,22.18,OK
STEADY,3,794,131,2.29,21.42,OK
STEADY,4,794,129,2.29,21.47,OK
STEADY,1,795,132,2.29,21.51,OK
STEADY,2,795,131,2.29,21.55,OK
STEADY,3,795,131,2.29,21.59,OK
STEADY,4,795,132,2.29,21.63,OK
STEADY,1,796,127,2.29,21.67,OK
STEADY,2,796,130,2.29,21.71,OK
STEADY,3,796,127,2.29,21.75,OK
STEADY,4,796,134,2.29,21.79,OK
STEADY,1,797,131,2.29,21.84,OK
STEADY,2,797,129,2.29,21.88,OK
STEADY,3,797,134,2.29,21.92,OK
STEADY,4,797,127,2.29,21.96,OK
STEADY,1,798,127,2.29,22.00,OK
STEADY,2,798,134,2.29,22.04,OK
STEADY,3,798,131,2.29,22.08,OK
STEADY,4,798,132,2.29,22.13,OK
STEADY,1,799,128,2.29,22.17,OK
STEADY,2,799,132,2.29,21.39,OK
STEADY,3,799,126,2.29,21.44,OK
STEADY,4,799,135,2.29,21.48,OK
STEADY,1,800,129,2.29,21.52,OK
STEADY,2,800,131,2.29,21.56,OK
STEADY,3,800,134,2.29,21.60,OK
STEADY,4,800,130,2.29,21.64,OK
STEADY,1,801,128,2.29,21.68,OK
STEADY,2,801,132,2.29,21.72,OK
STEADY,3,801,131,2.29,21.77,OK
STEADY,4,801,132,2.29,21.81,OK
STEADY,1,802,128,2.29,21.85,OK
STEADY,2,802,126,2.29,21.89,OK
STEADY,3,802,131,2.29,21.93,OK
STEADY,1,803,127,2.29,22.01,OK
STEADY,4,802,138,2.29,21.97,OK
STEADY,3,803,129,2.29,22.10,OK
STEADY,2,803,136,2.29,22.05,OK
STEADY,4,803,133,2.29,22.14,OK
STEADY,1,804,130,2.29,22.18,OK
STEADY,2,804,132,2.29,21.40,OK
STEADY,3,804,130,2.29,21.44,OK
STEADY,4,804,129,2.29,21.48,OK
STEADY,1,805,129,2.29,21.52,OK
STEADY,2,805,128,2.29,21.56,OK
STEADY,3,805,126,2.29,21.60,OK
STEADY,4,805,130,2.29,21.64,OK
STEADY,1,806,131,2.29,21.69,OK
STEADY,2,806,128,2.29,21.73,OK
STEADY,3,806,139,2.29,21.77,OK
STEADY,4,806,130,2.29,21.81,OK
STEADY,1,807,129,2.29,21.85,OK
STEADY,2,807,134,2.29,21.89,OK
STEADY,3,807,133,2.29,21.93,OK
STEADY,4,807,130,2.29,21.98,OK
STEADY,1,808,129,2.29,22.02,OK
STEADY,2,808,132,2.29,22.06,OK
STEADY,3,808,132,2.29,22.10,OK
STEADY,4,808,127,2.29,22.14,OK
STEADY,1,809,131,2.29,22.18,OK
STEADY,2,809,129,2.29,21.40,OK
STEADY,3,809,134,2.29,21.44,OK
STEADY,4,809,130,2.29,21.48,OK
STEADY,1,810,138,2.29,21.52,OK
STEADY,3,810,128,2.29,21.60,OK
STEADY,2,810,134,2.29,21.56,OK
STEADY,4,810,129,2.29,21.65,OK
STEADY,1,811,131,2.29,21.69,OK
STEADY,2,811,133,2.26,21.73,OK
STEADY,3,811,130,2.26,21.77,OK
STEADY,4,811,130,2.26,21.81,OK
STEADY,1,812,132,2.26,21.85,OK
STEADY,2,812,133,2.26,21.89,OK
STEADY,3,812,128,2.26,21.94,OK
STEADY,4,812,130,2.26,21.98,OK
STEADY,1,813,132,2.26,22.02,OK
STEADY,2,813,128,2.26,22.06,OK
STEADY,3,813,129,2.26,22.10,OK
STEADY,4,813,128,2.26,22.14,OK
STEADY,1,814,131,2.26,22.18,OK
STEADY,2,814,130,2.26,21.40,OK
STEADY,3,814,130,2.26,21.44,OK
STEADY,4,814,127,2.26,21.48,OK
STEADY,1,815,127,2.26,21.52,OK
STEADY,2,815,127,2.26,21.56,OK
STEADY,3,815,132,2.26,21.60,OK
STEADY,4,815,130,2.26,21.65,OK
STEADY,1,816,134,2.26,21.69,OK
STEADY,2,816,132,2.26,21.73,OK
STEADY,3,816,135,2.26,21.77,OK
STEADY,4,816,135,2.26,21.81,OK
STEADY,1,817,130,2.26,21.85,OK
STEADY,2,817,129,2.26,21.89,OK
STEADY,3,817,129,2.26,21.94,OK
STEADY,1,818,126,2.26,22.02,OK
STEADY,4,817,136,2.26,21.98,OK
STEADY,2,818,132,2.26,22.06,OK
STEADY,3,818,132,2.26,22.10,OK
STEADY,4,818,128,2.26,22.14,OK
STEADY,1,819,135,2.26,22.18,OK
STEADY,2,819,133,2.26,21.40,OK
STEADY,3,819,129,2.26,21.44,OK
STEADY,4,819,137,2.26,21.48,OK
STEADY,1,820,135,2.26,21.52,OK
STEADY,2,820,135,2.26,21.56,OK
STEADY,3,820,134,2.26,21.60,OK
STEADY,4,820,132,2.26,21.65,OK
STEADY,1,821,129,2.26,21.69,OK
STEADY,3,821,128,2.26,21.77,OK
STEADY,2,821,135,2.26,21.73,OK
STEADY,4,821,129,2.26,21.81,OK
STEADY,1,822,127,2.26,21.85,OK
STEADY,3,822,131,2.26,21.93,OK
STEADY,2,822,137,2.26,21.89,OK
STEADY,4,822,129,2.26,21.97,OK
STEADY,1,823,134,2.26,22.02,OK
STEADY,2,823,136,2.26,22.06,OK
STEADY,3,823,136,2.26,22.10,OK
STEADY,4,823,126,2.26,22.14,OK
STEADY,1,824,130,2.26,22.18,OK
STEADY,2,824,133,2.26,21.40,OK
STEADY,3,824,128,2.26,21.44,OK
STEADY,4,824,130,2.26,21.48,OK
STEADY,1,825,132,2.26,21.52,OK
STEADY,2,825,132,2.26,21.56,OK
STEADY,3,825,127,2.26,21.60,OK
STEADY,4,825,135,2.26,21.65,OK
STEADY,1,826,134,2.26,21.69,OK
STEADY,2,826,131,2.26,21.73,OK
STEADY,3,826,134,2.26,21.77,OK
STEADY,4,826,130,2.26,21.81,OK
STEADY,1,827,131,2.26,21.85,OK
STEADY,2,827,128,2.26,21.89,OK
STEADY,3,827,129,2.26,21.94,OK
STEADY,4,827,127,2.26,21.98,OK
STEADY,1,828,130,2.26,22.02,OK
STEADY,2,828,132,2.26,22.06,OK
STEADY,3,828,128,2.26,22.10,OK
STEADY,4,828,127,2.26,22.14,OK
STEADY,1,829,133,2.26,22.18,OK
STEADY,2,829,130,2.26,21.40,OK
STEADY,3,829,136,2.26,21.44,OK
STEADY,1,830,128,2.26,21.52,OK
STEADY,4,829,136,2.26,21.48,OK
STEADY,2,830,138,2.26,21.61,OK
STEADY,3,830,132,2.26,21.56,OK
STEADY,4,830,128,2.26,21.65,OK
STEADY,1,831,135,2.26,21.69,OK
STEADY,2,831,137,2.26,21.73,OK
STEADY,3,831,134,2.26,21.77,OK
STEADY,4,831,131,2.26,21.81,OK
STEADY,1,832,132,2.26,21.85,OK
STEADY,2,832,129,2.26,21.90,OK
STEADY,3,832,130,2.26,21.94,OK
STEADY,4,832,134,2.26,21.98,OK
STEADY,1,833,136,2.26,22.02,OK
STEADY,2,833,131,2.26,22.06,OK
STEADY,3,833,128,2.26,22.10,OK
STEADY,4,833,131,2.26,22.14,OK
STEADY,2,834,130,2.26,21.41,OK
STEADY,3,834,133,2.26,21.45,OK
STEADY,4,834,131,2.26,21.49,OK
STEADY,1,835,132,2.26,21.53,OK
STEADY,1,835,186,2.26,21.55,OK
STEADY,2,835,132,2.26,21.60,OK
STEADY,3,835,130,2.26,21.64,OK
STEADY,4,835,128,2.26,21.68,OK
STEADY,1,836,127,2.26,21.72,OK
STEADY,2,836,132,2.26,21.76,OK
STEADY,3,836,138,2.26,21.80,OK
STEADY,4,836,127,2.26,21.84,OK
STEADY,1,837,131,2.26,21.89,OK
STEADY,2,837,131,2.26,21.93,OK
STEADY,3,837,134,2.26,21.97,OK
STEADY,4,837,128,2.26,22.01,OK
STEADY,1,838,131,2.26,22.05,OK
STEADY,2,838,129,2.26,22.09,OK
STEADY,3,838,131,2.26,22.13,OK
STEADY,1,839,133,2.26,22.17,OK
STEADY,4,838,136,2.26,21.43,OK
STEADY,2,839,127,2.26,21.47,OK
STEADY,3,839,132,2.26,21.51,OK
STEADY,4,839,132,2.26,21.60,OK
STEADY,1,840,133,2.26,21.55,OK
STEADY,2,840,134,2.26,21.64,OK
STEADY,3,840,132,2.26,21.68,OK
STEADY,4,840,129,2.26,21.72,OK
STEADY,1,841,130,2.26,21.76,OK
STEADY,2,841,132,2.26,21.80,OK
STEADY,3,841,129,2.26,21.84,OK
STEADY,1,842,127,2.26,21.88,OK
STEADY,4,841,131,2.26,21.93,OK
STEADY,2,842,133,2.26,21.97,OK
STEADY,3,842,128,2.26,22.01,OK
STEADY,1,843,128,2.26,22.05,OK
STEADY,4,842,134,2.26,22.09,OK
STEADY,2,843,130,2.26,22.13,OK
STEADY,3,843,131,2.26,22.17,OK
STEADY,1,844,127,2.26,21.40,OK
STEADY,4,843,133,2.26,21.44,OK
STEADY,2,844,130,2.26,21.48,OK
STEADY,3,844,130,2.26,21.52,OK
STEADY,4,844,130,2.26,21.57,OK
STEADY,1,845,132,2.26,21.61,OK
STEADY,3,845,130,2.26,21.69,OK
STEADY,2,845,136,2.26,21.65,OK
STEADY,4,845,127,2.26,21.73,OK
STEADY,1,846,129,2.26,21.77,OK
STEADY,2,846,127,2.26,21.81,OK
STEADY,3,846,134,2.26,21.85,OK
STEADY,1,847,132,2.26,21.90,OK
STEADY,4,846,135,2.26,21.94,OK
STEADY,2,847,135,2.26,21.98,OK
STEADY,3,847,128,2.26,22.02,OK
STEADY,4,847,131,2.26,22.06,OK
STEADY,1,848,131,2.26,22.10,OK
STEADY,2,848,134,2.26,22.14,OK
STEADY,3,848,129,2.26,22.19,OK
STEADY,1,849,130,2.26,21.40,OK
STEADY,4,848,137,2.26,21.44,OK
STEADY,2,849,133,2.26,21.48,OK
STEADY,3,849,131,2.26,21.53,OK
STEADY,4,849,130,2.26,21.57,OK
STEADY,1,850,132,2.26,21.61,OK
STEADY,3,850,130,2.26,21.69,OK
STEADY,2,850,137,2.26,21.65,OK
STEADY,4,850,127,2.26,21.73,OK
STEADY,1,851,128,2.26,21.77,OK
STEADY,2,851,134,2.26,21.82,OK
STEADY,3,851,137,2.26,21.86,OK
STEADY,1,852,128,2.26,21.90,OK
STEADY,2,852,131,2.26,21.94,OK
STEADY,3,852,134,2.26,21.98,OK
STEADY,1,853,130,2.26,22.06,OK
STEADY,4,852,133,2.26,22.02,OK
STEADY,2,853,129,2.26,22.10,OK
STEADY,3,853,134,2.26,22.15,OK
STEADY,4,853,207,2.26,22.19,OK
STEADY,4,853,131,2.26,21.40,OK
STEADY,1,854,135,2.26,21.44,OK
STEADY,2,854,131,2.26,21.48,OK
STEADY,3,854,127,2.26,21.53,OK
STEADY,1,855,129,2.26,21.61,OK
STEADY,4,854,134,2.26,21.57,OK
STEADY,2,855,129,2.26,21.65,OK
STEADY,3,855,130,2.26,21.69,OK
STEADY,4,855,130,2.26,21.73,OK
STEADY,1,856,136,2.26,21.77,OK
STEADY,2,856,131,2.26,21.81,OK
STEADY,3,856,130,2.26,21.86,OK
STEADY,1,857,128,2.26,21.90,OK
STEADY,4,856,134,2.26,21.94,OK
STEADY,2,857,132,2.26,21.98,OK
STEADY,3,857,134,2.26,22.02,OK
STEADY,4,857,128,2.26,22.06,OK
STEADY,1,858,128,2.26,22.10,OK
STEADY,3,858,129,2.26,22.19,OK
STEADY,2,858,136,2.26,22.15,OK
STEADY,1,859,126,2.26,21.45,OK
STEADY,4,858,129,2.26,21.41,OK
STEADY,2,859,132,2.26,21.49,OK
STEADY,3,859,132,2.26,21.53,OK
STEADY,1,860,131,2.26,21.57,OK
STEADY,4,859,133,2.26,21.61,OK
STEADY,3,860,126,2.26,21.69,OK
STEADY,2,860,133,2.26,21.65,OK
STEADY,1,861,133,2.26,21.78,OK
STEADY,4,860,136,2.26,21.73,OK
STEADY,2,861,133,2.26,21.82,OK
STEADY,3,861,128,2.26,21.86,OK
STEADY,1,862,130,2.26,21.94,OK
STEADY,4,861,131,2.26,21.90,OK
STEADY,2,862,130,2.26,21.98,OK
STEADY,3,862,136,2.26,22.02,OK
STEADY,1,863,127,2.26,22.07,OK
STEADY,4,862,130,2.26,22.11,OK
STEADY,3,863,127,2.26,22.19,OK
STEADY,2,863,134,2.26,22.15,OK
STEADY,4,863,127,2.26,21.44,OK
STEADY,1,864,134,2.26,21.48,OK
STEADY,2,864,133,2.26,21.52,OK
STEADY,3,864,134,2.26,21.56,OK
STEADY,4,864,127,2.26,21.60,OK
STEADY,1,865,130,2.26,21.65,OK
STEADY,2,865,135,2.26,21.69,OK
STEADY,3,865,134,2.26,21.73,OK
STEADY,4,865,132,2.26,21.77,OK
STEADY,1,866,134,2.26,21.81,OK
STEADY,2,866,131,2.26,21.86,OK
STEADY,3,866,130,2.26,21.90,OK
STEADY,1,867,126,2.26,21.94,OK
STEADY,4,866,130,2.26,21.98,OK
STEADY,2,867,128,2.26,22.02,OK
STEADY,3,867,132,2.26,22.06,OK
STEADY,4,867,130,2.26,22.10,OK
STEADY,1,868,135,2.26,22.14,OK
STEADY,2,868,127,2.26,22.19,OK
STEADY,3,868,126,2.26,21.41,OK
STEADY,4,868,130,2.26,21.49,OK
STEADY,1,869,131,2.26,21.45,OK
STEADY,3,869,129,2.26,21.57,OK
STEADY,2,869,135,2.26,21.53,OK
STEADY,4,869,130,2.26,21.61,OK
STEADY,1,870,135,2.26,21.65,OK
STEADY,2,870,131,2.26,21.70,OK
STEADY,3,870,128,2.26,21.74,OK
STEADY,4,870,127,2.26,21.78,OK
STEADY,1,871,127,2.26,21.82,OK
STEADY,2,871,132,2.26,21.86,OK
STEADY,3,871,126,2.26,21.90,OK
STEADY,4,871,132,2.26,21.94,OK
STEADY,1,872,136,2.26,21.98,OK
STEADY,2,872,135,2.26,22.03,OK
STEADY,3,872,130,2.26,22.07,OK
STEADY,1,873,130,2.26,22.11,OK
STEADY,4,872,136,2.26,22.15,OK
STEADY,2,873,128,2.26,22.19,OK
STEADY,3,873,131,2.26,21.41,OK
STEADY,4,873,128,2.26,21.45,OK
STEADY,1,874,130,2.26,21.49,OK
STEADY,2,874,128,2.26,21.53,OK
STEADY,3,874,133,2.26,21.57,OK
STEADY,4,874,134,2.26,21.62,OK
STEADY,1,875,134,2.26,21.66,OK
STEADY,2,875,128,2.26,21.70,OK
STEADY,3,875,129,2.26,21.74,OK
STEADY,4,875,129,2.26,21.82,OK
STEADY,1,876,136,2.26,21.78,OK
STEADY,2,876,128,2.26,21.86,OK
STEADY,3,876,130,2.26,21.90,OK
STEADY,4,876,134,2.26,21.95,OK
STEADY,1,877,133,2.26,21.99,OK
STEADY,2,877,130,2.26,22.03,OK
STEADY,3,877,129,2.26,22.07,OK
STEADY,4,877,127,2.26,22.11,OK
STEADY,1,878,131,2.26,22.15,OK
STEADY,2,878,128,2.26,22.19,OK
STEADY,3,878,126,2.26,21.41,OK
STEADY,4,878,134,2.26,21.45,OK
STEADY,1,879,134,2.26,21.49,OK
STEADY,2,879,129,2.26,21.53,OK
STEADY,3,879,129,2.26,21.57,OK
STEADY,4,879,130,2.26,21.62,OK
STEADY,1,880,130,2.26,21.66,OK
STEADY,3,880,132,2.26,21.74,OK
STEADY,2,880,138,2.26,21.70,OK
STEADY,4,880,128,2.26,21.78,OK
STEADY,1,881,134,2.26,21.82,OK
STEADY,2,881,132,2.26,21.86,OK
STEADY,3,881,127,2.26,21.91,OK
STEADY,1,882,130,2.26,21.99,OK
STEADY,4,881,132,2.26,21.95,OK
STEADY,2,882,135,2.26,22.03,OK
STEADY,3,882,144,2.26,22.08,OK
STEADY,1,883,133,2.26,22.16,OK
STEADY,4,882,136,2.26,22.12,OK
STEADY,2,883,130,2.26,22.20,OK
STEADY,3,883,137,2.26,21.41,OK
STEADY,4,883,134,2.26,21.46,OK
STEADY,1,884,132,2.26,21.50,OK
STEADY,2,884,128,2.26,21.54,OK
STEADY,3,884,132,2.26,21.58,OK
STEADY,4,884,127,2.26,21.62,OK
STEADY,1,885,127,2.26,21.66,OK
STEADY,2,885,125,2.26,21.70,OK
STEADY,3,885,130,2.26,21.74,OK
STEADY,4,885,131,2.26,21.78,OK
STEADY,2,886,127,2.26,21.86,OK
STEADY,1,886,139,2.26,21.82,OK
STEADY,3,886,133,2.26,21.91,OK
STEADY,4,886,136,2.26,21.95,OK
STEADY,1,887,136,2.26,21.99,OK
STEADY,3,887,126,2.26,22.03,OK
STEADY,2,887,138,2.26,22.07,OK
STEADY,4,887,129,2.26,22.15,OK
STEADY,1,888,132,2.26,22.11,OK
STEADY,2,888,128,2.26,22.19,OK
STEADY,3,888,132,2.26,21.44,OK
STEADY,1,889,127,2.26,21.53,OK
STEADY,4,888,133,2.26,21.49,OK
STEADY,2,889,135,2.26,21.57,OK
STEADY,3,889,131,2.26,21.61,OK
STEADY,4,889,132,2.26,21.65,OK
STEADY,1,890,131,2.26,21.69,OK
STEADY,2,890,127,2.26,21.73,OK
STEADY,3,890,134,2.26,21.77,OK
STEADY,1,891,133,2.26,21.81,OK
STEADY,4,890,136,2.26,21.85,OK
STEADY,2,891,128,2.26,21.89,OK
STEADY,3,891,131,2.26,21.94,OK
STEADY,1,892,129,2.26,21.98,OK
STEADY,4,891,131,2.26,22.02,OK
STEADY,2,892,132,2.26,22.06,OK
STEADY,3,892,127,2.26,22.10,OK
STEADY,4,892,131,2.26,22.14,OK
STEADY,1,893,133,2.26,22.18,OK
STEADY,2,893,132,2.26,21.42,OK
STEADY,3,893,129,2.26,21.46,OK
STEADY,1,894,128,2.26,21.50,OK
STEADY,4,893,135,2.26,21.54,OK
STEADY,2,894,130,2.26,21.58,OK
STEADY,3,894,138,2.26,21.62,OK
STEADY,4,894,128,2.26,21.66,OK
STEADY,1,895,136,2.26,21.70,OK
STEADY,3,895,127,2.26,21.74,OK
STEADY,2,895,133,2.26,21.78,OK
STEADY,4,895,127,2.26,21.82,OK
STEADY,1,896,133,2.26,21.86,OK
STEADY,2,896,130,2.26,21.91,OK
STEADY,3,896,130,2.26,21.95,OK
STEADY,4,896,132,2.26,22.03,OK
STEADY,1,897,137,2.26,21.99,OK
STEADY,2,897,126,2.26,22.07,OK
STEADY,3,897,131,2.26,22.11,OK
STEADY,4,897,129,2.26,22.15,OK
STEADY,1,898,132,2.26,22.19,OK
STEADY,2,898,129,2.26,21.42,OK
STEADY,3,898,136,2.26,21.46,OK
STEADY,1,899,127,2.26,21.54,OK
STEADY,4,898,131,2.26,21.50,OK
STEADY,2,899,127,2.26,21.58,OK
STEADY,3,899,134,2.26,21.62,OK
STEADY,4,899,132,2.26,21.66,OK
STEADY,1,900,130,2.26,21.70,OK
STEADY,2,900,136,2.26,21.74,OK
STEADY,3,900,133,2.26,21.79,OK
STEADY,4,900,129,2.26,21.83,OK
STEADY,1,901,128,2.26,21.87,OK
STEADY,2,901,130,2.26,21.91,OK
STEADY,3,901,135,2.26,21.95,OK
STEADY,4,901,130,2.26,22.03,OK
STEADY,1,902,129,2.26,21.99,OK
STEADY,2,902,127,2.26,22.07,OK
STEADY,3,902,125,2.26,22.11,OK
STEADY,4,902,129,2.26,22.15,OK
STEADY,2,903,135,2.26,22.20,OK
STEADY,3,903,136,2.26,21.45,OK
STEADY,1,904,131,2.26,21.53,OK
STEADY,4,903,134,2.26,21.49,OK
STEADY,3,904,128,2.26,21.61,OK
STEADY,2,904,133,2.26,21.57,OK
STEADY,1,905,202,2.26,21.65,OK
STEADY,4,904,130,2.26,21.73,OK
STEADY,1,905,133,2.26,21.69,OK
STEADY,2,905,129,2.26,21.77,OK
STEADY,3,905,128,2.26,21.82,OK
STEADY,4,905,131,2.26,21.86,OK
STEADY,1,906,131,2.26,21.90,OK
STEADY,2,906,132,2.26,21.94,OK
STEADY,3,906,133,2.26,21.98,OK
STEADY,4,906,128,2.26,22.02,OK
STEADY,1,907,137,2.26,22.06,OK
STEADY,2,907,130,2.26,22.10,OK
STEADY,3,907,130,2.26,22.14,OK
STEADY,1,908,132,2.26,21.42,OK
STEADY,4,907,135,2.26,22.18,OK
STEADY,3,908,128,2.26,21.50,OK
STEADY,2,908,130,2.26,21.46,OK
STEADY,4,908,131,2.26,21.54,OK
STEADY,1,909,135,2.26,21.58,OK
STEADY,2,909,130,2.26,21.66,OK
STEADY,3,909,132,2.26,21.62,OK
STEADY,1,910,128,2.26,21.70,OK
STEADY,4,909,135,2.26,21.74,OK
STEADY,3,910,132,2.26,21.82,OK
STEADY,2,910,133,2.26,21.78,OK
STEADY,4,910,135,2.26,21.87,OK
STEADY,1,911,138,2.26,21.91,OK
STEADY,2,911,129,2.26,21.95,OK
STEADY,3,911,130,2.26,21.99,OK
STEADY,1,912,131,2.26,22.07,OK
STEADY,4,911,135,2.26,22.03,OK
STEADY,3,912,129,2.26,22.15,OK
STEADY,2,912,132,2.26,22.11,OK
STEADY,1,913,128,2.26,21.42,OK
STEADY,4,912,130,2.26,22.19,OK
STEADY,3,913,134,2.26,21.50,OK
STEADY,2,913,134,2.26,21.46,OK
STEADY,1,914,131,2.26,21.54,OK
STEADY,4,913,137,2.26,21.58,OK
STEADY,3,914,131,2.26,21.62,OK
STEADY,2,914,136,2.26,21.66,OK
STEADY,1,915,129,2.26,21.74,OK
STEADY,4,914,131,2.26,21.70,OK
STEADY,2,915,131,2.26,21.79,OK
STEADY,3,915,134,2.26,21.83,OK
STEADY,4,915,133,2.26,21.87,OK
STEADY,1,916,133,2.26,21.91,OK
STEADY,3,916,128,2.26,21.99,OK
STEADY,2,916,128,2.26,21.95,OK
STEADY,4,916,134,2.26,22.03,OK
STEADY,1,917,135,2.26,22.07,OK
STEADY,3,917,131,2.26,22.13,OK
STEADY,2,917,132,2.26,22.15,OK
STEADY,4,917,131,2.26,22.19,OK
STEADY,1,918,137,2.26,21.42,OK
STEADY,2,918,130,2.26,21.46,OK
STEADY,3,918,135,2.26,21.50,OK
STEADY,4,918,133,2.26,21.58,OK
STEADY,1,919,134,2.26,21.54,OK
STEADY,3,919,130,2.26,21.62,OK
STEADY,2,919,136,2.26,21.66,OK
STEADY,4,919,127,2.26,21.70,OK
STEADY,1,920,127,2.26,21.75,OK
STEADY,2,920,135,2.26,21.79,OK
STEADY,3,920,136,2.26,21.83,OK
STEADY,4,920,133,2.26,21.87,OK
STEADY,1,921,135,2.26,21.91,OK
STEADY,2,921,135,2.26,21.95,OK
STEADY,3,921,136,2.26,21.99,OK
STEADY,1,922,130,2.26,22.07,OK
STEADY,4,921,133,2.26,22.03,OK
STEADY,2,922,135,2.26,22.11,OK
STEADY,3,922,136,2.26,22.15,OK
STEADY,4,922,134,2.26,22.19,OK
STEADY,1,923,133,2.26,21.45,OK
STEADY,2,923,130,2.26,21.49,OK
STEADY,3,923,130,2.26,21.53,OK
STEADY,1,924,130,2.26,21.61,OK
STEADY,4,923,133,2.26,21.57,OK
STEADY,2,924,134,2.26,21.69,OK
STEADY,3,924,133,2.26,21.65,OK
STEADY,4,924,132,2.26,21.73,OK
STEADY,1,925,136,2.26,21.78,OK
STEADY,2,925,132,2.26,21.82,OK
STEADY,3,925,133,2.26,21.86,OK
STEADY,4,925,129,2.26,21.90,OK
STEADY,1,926,136,2.26,21.94,OK
STEADY,2,926,128,2.26,21.98,OK
STEADY,3,926,129,2.26,22.02,OK
STEADY,4,926,127,2.26,22.06,OK
STEADY,1,927,138,2.26,22.10,OK
STEADY,2,927,133,2.26,22.14,OK
STEADY,3,927,133,2.26,22.18,OK
STEADY,1,928,130,2.26,21.46,OK
STEADY,4,927,137,2.26,21.42,OK
STEADY,3,928,130,2.26,21.54,OK
STEADY,2,928,132,2.26,21.50,OK
STEADY,4,928,129,2.26,21.58,OK
STEADY,1,929,127,2.26,21.62,OK
STEADY,3,929,134,2.26,21.71,OK
STEADY,2,929,134,2.26,21.66,OK
STEADY,4,929,135,2.26,21.75,OK
STEADY,1,930,134,2.26,21.79,OK
STEADY,2,930,126,2.26,21.83,OK
STEADY,3,930,127,2.26,21.87,OK
STEADY,4,930,129,2.26,21.91,OK
STEADY,1,931,133,2.26,21.95,OK
STEADY,2,931,134,2.26,22.03,OK
STEADY,3,931,134,2.26,21.99,OK
STEADY,4,931,130,2.26,22.07,OK
STEADY,1,932,133,2.26,22.12,OK
STEADY,3,932,128,2.26,22.20,OK
STEADY,2,932,131,2.26,22.16,OK
STEADY,1,933,130,2.26,21.49,OK
STEADY,4,932,133,2.26,21.45,OK
STEADY,2,933,135,2.26,21.57,OK
STEADY,3,933,134,2.26,21.53,OK
STEADY,4,933,130,2.26,21.61,OK
STEADY,1,934,136,2.26,21.65,OK
STEADY,2,934,128,2.26,21.70,OK
STEADY,3,934,129,2.26,21.74,OK
STEADY,4,934,134,2.26,21.78,OK
STEADY,1,935,139,2.26,21.82,OK
STEADY,3,935,130,2.26,21.86,OK
STEADY,2,935,138,2.26,21.90,OK
STEADY,4,935,128,2.4,21.94,OK
STEADY,1,936,129,2.4,21.98,OK
STEADY,2,936,131,2.4,22.02,OK
STEADY,3,936,136,2.4,22.06,OK
STEADY,4,936,129,2.4,22.11,OK
STEADY,1,937,136,2.4,22.15,OK
STEADY,3,937,127,2.4,21.42,OK
STEADY,2,937,133,2.4,22.19,OK
STEADY,4,937,130,2.4,21.46,OK
STEADY,1,938,135,2.4,21.50,OK
STEADY,2,938,131,2.4,21.54,OK
STEADY,3,938,134,2.4,21.58,OK
STEADY,4,938,131,2.4,21.63,OK
STEADY,1,939,134,2.4,21.67,OK
STEADY,3,939,128,2.4,21.75,OK
STEADY,2,939,132,2.4,21.71,OK
STEADY,4,939,130,2.4,21.79,OK
STEADY,1,940,129,2.4,21.83,OK
STEADY,3,940,130,2.4,21.91,OK
STEADY,2,940,133,2.4,21.87,OK
STEADY,1,941,126,2.4,21.99,OK
STEADY,4,940,132,2.4,21.95,OK
STEADY,2,941,136,2.4,22.03,OK
STEADY,3,941,134,2.4,22.08,OK
STEADY,4,941,135,2.4,22.16,OK
STEADY,1,942,136,2.4,22.12,OK
STEADY,2,942,131,2.4,22.20,OK
STEADY,3,942,130,2.4,21.42,OK
STEADY,1,943,129,2.4,21.50,OK
STEADY,4,942,130,2.4,21.46,OK
STEADY,2,943,136,2.4,21.59,OK
STEADY,3,943,134,2.4,21.54,OK
STEADY,4,943,129,2.4,21.63,OK
STEADY,1,944,133,2.4,21.67,OK
STEADY,2,944,134,2.4,21.71,OK
STEADY,3,944,135,2.4,21.75,OK
STEADY,4,944,129,2.4,21.79,OK
STEADY,1,945,128,2.4,21.83,OK
STEADY,2,945,131,2.4,21.87,OK
STEADY,3,945,136,2.4,21.91,OK
STEADY,4,945,130,2.4,21.95,OK
STEADY,1,946,132,2.4,21.99,OK
STEADY,2,946,128,2.4,22.04,OK
STEADY,3,946,130,2.4,22.08,OK
STEADY,4,946,129,2.4,22.12,OK
STEADY,1,947,139,2.4,22.16,OK
STEADY,2,947,129,2.4,22.20,OK
STEADY,3,947,133,2.4,21.42,OK
STEADY,1,948,132,2.4,21.50,OK
STEADY,4,947,134,2.4,21.46,OK
STEADY,2,948,132,2.4,21.54,OK
STEADY,3,948,133,2.4,21.59,OK
STEADY,1,949,130,2.4,21.67,OK
STEADY,4,948,133,2.4,21.63,OK
STEADY,2,949,130,2.4,21.71,OK
STEADY,3,949,129,2.4,21.75,OK
STEADY,4,949,130,2.4,21.79,OK
STEADY,1,950,132,2.4,21.83,OK
STEADY,2,950,133,2.4,21.91,OK
STEADY,3,950,136,2.4,21.87,OK
STEADY,4,950,132,2.4,21.95,OK
STEADY,1,951,130,2.4,22.00,OK
STEADY,2,951,133,2.4,22.04,OK
STEADY,3,951,132,2.4,22.08,OK
STEADY,4,951,130,2.4,22.12,OK
STEADY,1,952,127,2.4,22.16,OK
STEADY,2,952,131,2.4,22.20,OK
STEADY,3,952,132,2.4,21.42,OK
STEADY,4,952,134,2.4,21.50,OK
STEADY,1,953,131,2.4,21.46,OK
STEADY,2,953,128,2.4,21.55,OK
STEADY,3,953,131,2.4,21.59,OK
STEADY,4,953,134,2.4,21.63,OK
STEADY,1,954,133,2.4,21.67,OK
STEADY,3,954,129,2.4,21.71,OK
STEADY,2,954,132,2.4,21.75,OK
STEADY,4,954,128,2.4,21.79,OK
STEADY,1,955,126,2.4,21.83,OK
STEADY,2,955,130,2.4,21.87,OK
STEADY,3,955,132,2.4,21.91,OK
STEADY,1,956,130,2.4,22.00,OK
STEADY,4,955,133,2.4,21.96,OK
STEADY,2,956,135,2.4,22.04,OK
STEADY,3,956,134,2.4,22.08,OK
STEADY,1,957,128,2.4,22.16,OK
STEADY,4,956,135,2.4,22.12,OK
STEADY,2,957,132,2.4,22.20,OK
STEADY,4,957,131,2.4,21.42,OK
STEADY,1,958,129,2.4,21.46,OK
STEADY,2,958,128,2.4,21.51,OK
STEADY,3,958,133,2.4,21.55,OK
STEADY,1,959,129,2.4,21.63,OK
STEADY,4,958,132,2.4,21.59,OK
STEADY,3,959,206,2.4,21.67,OK
STEADY,2,959,131,2.4,21.71,OK
STEADY,3,959,129,2.4,21.75,OK
STEADY,4,959,131,2.4,21.79,OK
STEADY,1,960,135,2.4,21.83,OK
STEADY,2,960,128,2.4,21.87,OK
STEADY,3,960,130,2.4,21.91,OK
STEADY,4,960,130,2.4,21.96,OK
STEADY,1,961,128,2.4,22.00,OK
STEADY,2,961,136,2.4,22.04,OK
STEADY,3,961,134,2.4,22.08,OK
STEADY,4,961,127,2.4,22.12,OK
STEADY,1,962,125,2.4,22.16,OK
STEADY,2,962,129,2.4,22.20,OK
STEADY,3,962,128,2.4,21.45,OK
STEADY,1,963,133,2.4,21.54,OK
STEADY,4,962,136,2.4,21.49,OK
STEADY,2,963,137,2.4,21.58,OK
STEADY,3,963,133,2.4,21.62,OK
STEADY,1,964,130,2.4,21.70,OK
STEADY,4,963,134,2.4,21.66,OK
STEADY,2,964,129,2.4,21.74,OK
STEADY,3,964,129,2.4,21.78,OK
STEADY,4,964,130,2.4,21.82,OK
STEADY,1,965,134,2.4,21.86,OK
STEADY,2,965,127,2.4,21.90,OK
STEADY,3,965,132,2.4,21.94,OK
STEADY,1,966,130,2.4,21.98,OK
STEADY,4,965,134,2.4,22.02,OK
STEADY,2,966,134,2.4,22.07,OK
STEADY,3,966,135,2.4,22.11,OK
STEADY,1,967,130,2.4,22.15,OK
STEADY,4,966,133,2.4,22.19,OK
STEADY,2,967,130,2.4,21.42,OK
STEADY,3,967,127,2.4,21.47,OK
STEADY,4,967,131,2.4,21.51,OK
STEADY,1,968,129,2.4,21.55,OK
STEADY,2,968,128,2.4,21.59,OK
STEADY,3,968,134,2.4,21.63,OK
STEADY,4,968,127,2.4,21.67,OK
STEADY,1,969,131,2.4,21.71,OK
STEADY,3,969,129,2.4,21.79,OK
STEADY,2,969,134,2.4,21.75,OK
STEADY,4,969,131,2.4,21.83,OK
STEADY,1,970,129,2.4,21.87,OK
STEADY,3,970,130,2.4,21.92,OK
STEADY,2,970,135,2.4,21.96,OK
STEADY,4,970,129,2.4,22.00,OK
STEADY,1,971,127,2.4,22.04,OK
STEADY,3,971,130,2.4,22.08,OK
STEADY,2,971,136,2.4,22.12,OK
STEADY,4,971,131,2.4,22.16,OK
STEADY,1,972,134,2.4,22.20,OK
STEADY,3,972,128,2.4,21.47,OK
STEADY,2,972,132,2.4,21.43,OK
STEADY,4,972,130,2.4,21.51,OK
STEADY,1,973,128,2.4,21.55,OK
STEADY,2,973,130,2.4,21.59,OK
STEADY,3,973,132,2.4,21.63,OK
STEADY,1,974,130,2.4,21.67,OK
STEADY,4,973,134,2.4,21.71,OK
STEADY,2,974,128,2.4,21.75,OK
STEADY,3,974,127,2.4,21.79,OK
STEADY,4,974,131,2.4,21.84,OK
STEADY,1,975,135,2.4,21.88,OK
STEADY,2,975,128,2.4,21.92,OK
STEADY,4,975,128,2.4,21.96,OK
STEADY,1,976,128,2.4,22.00,OK
STEADY,2,976,128,2.4,22.04,OK
STEADY,3,976,139,2.4,22.08,OK
STEADY,4,976,131,2.4,22.12,OK
STEADY,1,977,130,2.4,22.16,OK
STEADY,3,977,206,2.4,22.20,OK
STEADY,3,977,131,2.4,21.43,OK
STEADY,2,977,133,2.4,21.47,OK
STEADY,4,977,131,2.4,21.51,OK
STEADY,1,978,130,2.4,21.55,OK
STEADY,2,978,134,2.4,21.63,OK
STEADY,3,978,133,2.4,21.59,OK
STEADY,4,978,133,2.4,21.67,OK
STEADY,1,979,133,2.4,21.71,OK
STEADY,3,979,127,2.4,21.75,OK
STEADY,2,979,128,2.4,21.79,OK
STEADY,4,979,128,2.4,21.84,OK
STEADY,1,980,132,2.4,21.88,OK
STEADY,3,980,131,2.4,21.92,OK
STEADY,2,980,136,2.4,21.96,OK
STEADY,4,980,132,2.4,22.04,OK
STEADY,1,981,135,2.4,22.00,OK
STEADY,3,981,131,2.4,22.08,OK
STEADY,2,981,134,2.4,22.12,OK
STEADY,4,981,126,2.4,22.16,OK
STEADY,1,982,129,2.4,22.20,OK
STEADY,3,982,132,2.4,21.46,OK
STEADY,2,982,138,2.4,21.50,OK
STEADY,4,982,127,2.4,21.54,OK
STEADY,1,983,130,2.4,21.58,OK
STEADY,3,983,128,2.4,21.66,OK
STEADY,2,983,132,2.4,21.62,OK
STEADY,1,984,131,2.4,21.74,OK
STEADY,4,983,133,2.4,21.70,OK
STEADY,2,984,137,2.4,21.78,OK
STEADY,3,984,136,2.4,21.82,OK
STEADY,4,984,128,2.4,21.86,OK
STEADY,1,985,133,2.4,21.91,OK
STEADY,2,985,130,2.4,21.95,OK
STEADY,3,985,131,2.4,21.99,OK
STEADY,4,985,129,2.4,22.03,OK
STEADY,1,986,127,2.4,22.07,OK
STEADY,2,986,129,2.4,22.11,OK
STEADY,3,986,127,2.4,22.15,OK
STEADY,4,986,128,2.4,22.19,OK
STEADY,1,987,129,2.4,21.43,OK
STEADY,2,987,129,2.4,21.47,OK
STEADY,3,987,131,2.4,21.51,OK
STEADY,1,988,130,2.4,21.55,OK
STEADY,4,987,137,2.4,21.59,OK
STEADY,2,988,133,2.4,21.64,OK
STEADY,3,988,135,2.4,21.68,OK
STEADY,4,988,128,2.4,21.72,OK
STEADY,1,989,134,2.4,21.76,OK
STEADY,2,989,128,2.4,21.80,OK
STEADY,3,989,134,2.4,21.84,OK
STEADY,1,990,126,2.4,21.88,OK
STEADY,4,989,132,2.4,21.92,OK
STEADY,2,990,130,2.4,21.96,OK
STEADY,3,990,133,2.4,22.01,OK
STEADY,4,990,132,2.4,22.05,OK
STEADY,1,991,130,2.4,22.09,OK
STEADY,2,991,132,2.4,22.13,OK
STEADY,3,991,137,2.4,22.17,OK
STEADY,4,991,127,2.4,22.21,OK
STEADY,1,992,131,2.4,21.43,OK
STEADY,3,992,126,2.4,21.47,OK
STEADY,2,992,134,2.4,21.51,OK
STEADY,4,992,130,2.4,21.55,OK
STEADY,1,993,132,2.4,21.59,OK
STEADY,3,993,129,2.4,21.67,OK
STEADY,2,993,132,2.4,21.63,OK
STEADY,4,993,133,2.4,21.71,OK
STEADY,1,994,134,2.4,21.76,OK
STEADY,3,994,131,2.4,21.80,OK
STEADY,2,994,140,2.4,21.84,OK
STEADY,1,995,130,2.4,21.92,OK
STEADY,4,994,135,2.4,21.88,OK
STEADY,2,995,135,2.4,21.96,OK
STEADY,3,995,136,2.4,22.00,OK
STEADY,1,996,131,2.4,22.04,OK
STEADY,4,995,137,2.4,22.08,OK
STEADY,2,996,128,2.4,22.12,OK
STEADY,3,996,134,2.4,22.17,OK
STEADY,4,996,134,2.4,22.21,OK
STEADY,1,997,133,2.4,21.43,OK
STEADY,2,997,129,2.4,21.47,OK
STEADY,3,997,135,2.4,21.51,OK
STEADY,4,997,134,2.4,21.55,OK
STEADY,1,998,136,2.4,21.59,OK
STEADY,3,998,131,2.4,21.67,OK
STEADY,2,998,135,2.4,21.63,OK
STEADY,4,998,128,2.4,21.72,OK
STEADY,1,999,133,2.4,21.76,OK
STEADY,2,999,136,2.4,21.84,OK
STEADY,3,999,142,2.4,21.80,OK
STEADY,4,999,131,2.4,21.88,OK
STEADY,1,1000,128,2.4,21.92,OK
STEADY,2,1000,128,2.4,21.96,OK
STEADY,3,1000,128,2.4,22.00,OK
STEADY,4,1000,132,2.4,22.04,OK
STEADY,1,1000,133,2.4,22.08,OK
STEADY,3,1000,130,2.4,22.13,OK
STEADY,2,1000,136,2.4,22.17,OK
STEADY,4,1000,130,2.4,22.21,OK
STEADY,1,1000,131,2.4,21.43,OK
STEADY,2,1000,129,2.4,21.47,OK
STEADY,3,1000,132,2.4,21.51,OK
STEADY,4,1000,130,2.4,21.55,OK
STEADY,1,1000,130,2.4,21.59,OK
STEADY,3,1000,129,2.4,21.63,OK
STEADY,2,1000,132,2.4,21.68,OK
STEADY,4,1000,131,2.4,21.72,OK
